imagePath,label
dataset/train/images/233882.png,0
dataset/train/images/254929.png,0
dataset/train/images/134065.png,1
dataset/train/images/223580.png,0
dataset/train/images/52572.png,1
dataset/train/images/481800.png,1
dataset/train/images/233219.png,0
dataset/train/images/250873.png,0
dataset/train/images/459172.png,0
dataset/train/images/227280.png,0
dataset/train/images/91366.png,1
dataset/train/images/3402.png,1
dataset/train/images/1205.png,1
dataset/train/images/149932.png,1
dataset/train/images/201188.png,0
dataset/train/images/2561.png,1
dataset/train/images/221073.png,0
dataset/train/images/26547.png,1
dataset/train/images/196908.png,0
dataset/train/images/100255.png,1
dataset/train/images/217633.png,0
dataset/train/images/477986.png,1
dataset/train/images/30151.png,1
dataset/train/images/497957.png,1
dataset/train/images/459299.png,0
dataset/train/images/199498.png,0
dataset/train/images/514050.png,1
dataset/train/images/12191.png,1
dataset/train/images/29552.png,1
dataset/train/images/35084.png,1
dataset/train/images/479605.png,1
dataset/train/images/455141.png,0
dataset/train/images/254973.png,0
dataset/train/images/16462.png,1
dataset/train/images/30489.png,1
dataset/train/images/31527.png,1
dataset/train/images/172238.png,1
dataset/train/images/17614.png,1
dataset/train/images/32318.png,1
dataset/train/images/462644.png,0
dataset/train/images/233202.png,0
dataset/train/images/3413.png,1
dataset/train/images/102032.png,1
dataset/train/images/455510.png,0
dataset/train/images/246508.png,0
dataset/train/images/36145.png,1
dataset/train/images/219462.png,0
dataset/train/images/20443.png,1
dataset/train/images/237616.png,0
dataset/train/images/197414.png,0
dataset/train/images/58733.png,1
dataset/train/images/456731.png,0
dataset/train/images/665.png,1
dataset/train/images/463948.png,0
dataset/train/images/248943.png,0
dataset/train/images/244440.png,0
dataset/train/images/59059.png,1
dataset/train/images/193855.png,0
dataset/train/images/17339.png,1
dataset/train/images/19957.png,1
dataset/train/images/297471.png,1
dataset/train/images/206941.png,0
dataset/train/images/56684.png,1
dataset/train/images/220883.png,0
dataset/train/images/4437.png,1
dataset/train/images/204156.png,0
dataset/train/images/230808.png,0
dataset/train/images/204072.png,0
dataset/train/images/189129.png,0
dataset/train/images/185682.png,0
dataset/train/images/464768.png,0
dataset/train/images/229475.png,0
dataset/train/images/216635.png,0
dataset/train/images/40895.png,1
dataset/train/images/15653.png,1
dataset/train/images/205357.png,0
dataset/train/images/501518.png,1
dataset/train/images/64067.png,1
dataset/train/images/9337.png,1
dataset/train/images/23661.png,1
dataset/train/images/29697.png,1
dataset/train/images/40973.png,1
dataset/train/images/211744.png,0
dataset/train/images/205109.png,0
dataset/train/images/12740.png,1
dataset/train/images/212330.png,0
dataset/train/images/227019.png,0
dataset/train/images/59960.png,1
dataset/train/images/256517.png,0
dataset/train/images/231924.png,0
dataset/train/images/230419.png,0
dataset/train/images/215391.png,0
dataset/train/images/176968.png,1
dataset/train/images/234944.png,0
dataset/train/images/193810.png,0
dataset/train/images/203535.png,0
dataset/train/images/32961.png,1
dataset/train/images/246502.png,0
dataset/train/images/316520.png,1
dataset/train/images/236926.png,0
dataset/train/images/215125.png,0
dataset/train/images/455835.png,0
dataset/train/images/61950.png,1
dataset/train/images/234700.png,0
dataset/train/images/254064.png,0
dataset/train/images/475006.png,1
dataset/train/images/13948.png,1
dataset/train/images/208672.png,0
dataset/train/images/33011.png,1
dataset/train/images/505965.png,1
dataset/train/images/242733.png,0
dataset/train/images/234982.png,0
dataset/train/images/62055.png,1
dataset/train/images/192195.png,0
dataset/train/images/43495.png,1
dataset/train/images/92446.png,1
dataset/train/images/37171.png,1
dataset/train/images/207374.png,0
dataset/train/images/464259.png,0
dataset/train/images/210398.png,0
dataset/train/images/35722.png,1
dataset/train/images/241647.png,0
dataset/train/images/184642.png,0
dataset/train/images/32685.png,1
dataset/train/images/217256.png,0
dataset/train/images/511081.png,1
dataset/train/images/198365.png,0
dataset/train/images/225675.png,0
dataset/train/images/221557.png,0
dataset/train/images/78664.png,1
dataset/train/images/84462.png,1
dataset/train/images/191397.png,0
dataset/train/images/203150.png,0
dataset/train/images/240262.png,0
dataset/train/images/392832.png,1
dataset/train/images/220067.png,0
dataset/train/images/232959.png,0
dataset/train/images/222342.png,0
dataset/train/images/314124.png,1
dataset/train/images/2017.png,1
dataset/train/images/463592.png,0
dataset/train/images/234451.png,0
dataset/train/images/476970.png,1
dataset/train/images/196684.png,0
dataset/train/images/238638.png,0
dataset/train/images/202530.png,0
dataset/train/images/195943.png,0
dataset/train/images/221733.png,0
dataset/train/images/465548.png,0
dataset/train/images/111631.png,1
dataset/train/images/235556.png,0
dataset/train/images/27951.png,1
dataset/train/images/229340.png,0
dataset/train/images/461118.png,0
dataset/train/images/201647.png,0
dataset/train/images/211955.png,0
dataset/train/images/14912.png,1
dataset/train/images/20231.png,1
dataset/train/images/189752.png,0
dataset/train/images/662.png,1
dataset/train/images/245670.png,0
dataset/train/images/187265.png,0
dataset/train/images/211163.png,0
dataset/train/images/496843.png,1
dataset/train/images/217437.png,0
dataset/train/images/226270.png,0
dataset/train/images/246653.png,0
dataset/train/images/465209.png,0
dataset/train/images/312664.png,1
dataset/train/images/25815.png,1
dataset/train/images/211764.png,0
dataset/train/images/248198.png,0
dataset/train/images/41187.png,1
dataset/train/images/239507.png,0
dataset/train/images/465568.png,0
dataset/train/images/513353.png,1
dataset/train/images/257102.png,0
dataset/train/images/481842.png,1
dataset/train/images/210292.png,0
dataset/train/images/220417.png,0
dataset/train/images/458930.png,0
dataset/train/images/23658.png,1
dataset/train/images/509662.png,1
dataset/train/images/227918.png,0
dataset/train/images/498249.png,1
dataset/train/images/16528.png,1
dataset/train/images/242050.png,0
dataset/train/images/249579.png,0
dataset/train/images/19651.png,1
dataset/train/images/203977.png,0
dataset/train/images/499475.png,1
dataset/train/images/192155.png,0
dataset/train/images/311912.png,1
dataset/train/images/454700.png,0
dataset/train/images/235613.png,0
dataset/train/images/204902.png,0
dataset/train/images/255386.png,0
dataset/train/images/75813.png,1
dataset/train/images/421032.png,1
dataset/train/images/230843.png,0
dataset/train/images/244207.png,0
dataset/train/images/206009.png,0
dataset/train/images/38635.png,1
dataset/train/images/17878.png,1
dataset/train/images/196041.png,0
dataset/train/images/53924.png,1
dataset/train/images/82609.png,1
dataset/train/images/504007.png,1
dataset/train/images/165014.png,1
dataset/train/images/463211.png,0
dataset/train/images/63740.png,1
dataset/train/images/223896.png,0
dataset/train/images/3769.png,1
dataset/train/images/244719.png,0
dataset/train/images/10676.png,1
dataset/train/images/28424.png,1
dataset/train/images/9010.png,1
dataset/train/images/12662.png,1
dataset/train/images/501656.png,1
dataset/train/images/33061.png,1
dataset/train/images/33469.png,1
dataset/train/images/221696.png,0
dataset/train/images/211911.png,0
dataset/train/images/238819.png,0
dataset/train/images/191427.png,0
dataset/train/images/92513.png,1
dataset/train/images/107569.png,1
dataset/train/images/200760.png,0
dataset/train/images/196355.png,0
dataset/train/images/212273.png,0
dataset/train/images/241414.png,0
dataset/train/images/366761.png,1
dataset/train/images/226670.png,0
dataset/train/images/221687.png,0
dataset/train/images/43026.png,1
dataset/train/images/191166.png,0
dataset/train/images/206762.png,0
dataset/train/images/254938.png,0
dataset/train/images/212467.png,0
dataset/train/images/463563.png,0
dataset/train/images/124251.png,1
dataset/train/images/459942.png,0
dataset/train/images/225921.png,0
dataset/train/images/504973.png,1
dataset/train/images/253163.png,0
dataset/train/images/202837.png,0
dataset/train/images/218296.png,0
dataset/train/images/203875.png,0
dataset/train/images/200483.png,0
dataset/train/images/209966.png,0
dataset/train/images/59980.png,1
dataset/train/images/235484.png,0
dataset/train/images/202938.png,0
dataset/train/images/15743.png,1
dataset/train/images/248955.png,0
dataset/train/images/458586.png,0
dataset/train/images/56558.png,1
dataset/train/images/178807.png,1
dataset/train/images/57979.png,1
dataset/train/images/39706.png,1
dataset/train/images/60997.png,1
dataset/train/images/91773.png,1
dataset/train/images/465063.png,0
dataset/train/images/23214.png,1
dataset/train/images/206968.png,0
dataset/train/images/20813.png,1
dataset/train/images/497534.png,1
dataset/train/images/500525.png,1
dataset/train/images/209120.png,0
dataset/train/images/500098.png,1
dataset/train/images/43441.png,1
dataset/train/images/222262.png,0
dataset/train/images/503555.png,1
dataset/train/images/254098.png,0
dataset/train/images/11492.png,1
dataset/train/images/249705.png,0
dataset/train/images/232153.png,0
dataset/train/images/55888.png,1
dataset/train/images/209643.png,0
dataset/train/images/249410.png,0
dataset/train/images/37555.png,1
dataset/train/images/255921.png,0
dataset/train/images/249720.png,0
dataset/train/images/221304.png,0
dataset/train/images/197447.png,0
dataset/train/images/509572.png,1
dataset/train/images/218904.png,0
dataset/train/images/58530.png,1
dataset/train/images/10630.png,1
dataset/train/images/458503.png,0
dataset/train/images/513001.png,1
dataset/train/images/94387.png,1
dataset/train/images/33851.png,1
dataset/train/images/60989.png,1
dataset/train/images/187379.png,0
dataset/train/images/4953.png,1
dataset/train/images/513988.png,1
dataset/train/images/497259.png,1
dataset/train/images/514650.png,1
dataset/train/images/230918.png,0
dataset/train/images/11750.png,1
dataset/train/images/475904.png,1
dataset/train/images/190077.png,0
dataset/train/images/184565.png,0
dataset/train/images/50366.png,1
dataset/train/images/246549.png,0
dataset/train/images/219798.png,0
dataset/train/images/51958.png,1
dataset/train/images/463132.png,0
dataset/train/images/87941.png,1
dataset/train/images/18272.png,1
dataset/train/images/230935.png,0
dataset/train/images/232504.png,0
dataset/train/images/190565.png,0
dataset/train/images/6003.png,1
dataset/train/images/208538.png,0
dataset/train/images/191725.png,0
dataset/train/images/204415.png,0
dataset/train/images/227581.png,0
dataset/train/images/530306.png,1
dataset/train/images/27300.png,1
dataset/train/images/6207.png,1
dataset/train/images/99819.png,1
dataset/train/images/80243.png,1
dataset/train/images/253936.png,0
dataset/train/images/227208.png,0
dataset/train/images/219547.png,0
dataset/train/images/210326.png,0
dataset/train/images/206588.png,0
dataset/train/images/225156.png,0
dataset/train/images/464504.png,0
dataset/train/images/248349.png,0
dataset/train/images/195733.png,0
dataset/train/images/38597.png,1
dataset/train/images/457959.png,0
dataset/train/images/449933.png,1
dataset/train/images/41763.png,1
dataset/train/images/241517.png,0
dataset/train/images/199842.png,0
dataset/train/images/507419.png,1
dataset/train/images/18098.png,1
dataset/train/images/476546.png,1
dataset/train/images/3554.png,1
dataset/train/images/201082.png,0
dataset/train/images/26833.png,1
dataset/train/images/240598.png,0
dataset/train/images/458814.png,0
dataset/train/images/194640.png,0
dataset/train/images/39723.png,1
dataset/train/images/238291.png,0
dataset/train/images/81052.png,1
dataset/train/images/217393.png,0
dataset/train/images/202207.png,0
dataset/train/images/54543.png,1
dataset/train/images/192977.png,0
dataset/train/images/64144.png,1
dataset/train/images/34009.png,1
dataset/train/images/217499.png,0
dataset/train/images/239189.png,0
dataset/train/images/62312.png,1
dataset/train/images/221675.png,0
dataset/train/images/236625.png,0
dataset/train/images/34601.png,1
dataset/train/images/32563.png,1
dataset/train/images/508367.png,1
dataset/train/images/32180.png,1
dataset/train/images/323546.png,1
dataset/train/images/12220.png,1
dataset/train/images/245110.png,0
dataset/train/images/246093.png,0
dataset/train/images/249937.png,0
dataset/train/images/509014.png,1
dataset/train/images/232356.png,0
dataset/train/images/54953.png,1
dataset/train/images/242129.png,0
dataset/train/images/224564.png,0
dataset/train/images/47869.png,1
dataset/train/images/217176.png,0
dataset/train/images/230251.png,0
dataset/train/images/238897.png,0
dataset/train/images/21179.png,1
dataset/train/images/203023.png,0
dataset/train/images/74313.png,1
dataset/train/images/100563.png,1
dataset/train/images/224259.png,0
dataset/train/images/465660.png,0
dataset/train/images/238055.png,0
dataset/train/images/24080.png,1
dataset/train/images/43382.png,1
dataset/train/images/189666.png,0
dataset/train/images/462015.png,0
dataset/train/images/270329.png,1
dataset/train/images/54443.png,1
dataset/train/images/222537.png,0
dataset/train/images/25675.png,1
dataset/train/images/257835.png,0
dataset/train/images/44026.png,1
dataset/train/images/47141.png,1
dataset/train/images/77447.png,1
dataset/train/images/73631.png,1
dataset/train/images/210922.png,0
dataset/train/images/461650.png,0
dataset/train/images/460470.png,0
dataset/train/images/197061.png,0
dataset/train/images/28139.png,1
dataset/train/images/184250.png,0
dataset/train/images/122089.png,1
dataset/train/images/24767.png,1
dataset/train/images/100856.png,1
dataset/train/images/250658.png,0
dataset/train/images/235342.png,0
dataset/train/images/216538.png,0
dataset/train/images/255392.png,0
dataset/train/images/248427.png,0
dataset/train/images/213144.png,0
dataset/train/images/20269.png,1
dataset/train/images/16487.png,1
dataset/train/images/231981.png,0
dataset/train/images/38340.png,1
dataset/train/images/251789.png,0
dataset/train/images/202466.png,0
dataset/train/images/460305.png,0
dataset/train/images/242787.png,0
dataset/train/images/41675.png,1
dataset/train/images/240465.png,0
dataset/train/images/44169.png,1
dataset/train/images/49953.png,1
dataset/train/images/87662.png,1
dataset/train/images/10471.png,1
dataset/train/images/319810.png,1
dataset/train/images/41211.png,1
dataset/train/images/37700.png,1
dataset/train/images/221694.png,0
dataset/train/images/199746.png,0
dataset/train/images/69384.png,1
dataset/train/images/156153.png,1
dataset/train/images/212110.png,0
dataset/train/images/252706.png,0
dataset/train/images/504885.png,1
dataset/train/images/233884.png,0
dataset/train/images/221648.png,0
dataset/train/images/64999.png,1
dataset/train/images/475754.png,1
dataset/train/images/33436.png,1
dataset/train/images/208372.png,0
dataset/train/images/231108.png,0
dataset/train/images/37168.png,1
dataset/train/images/111703.png,1
dataset/train/images/510620.png,1
dataset/train/images/475090.png,1
dataset/train/images/2671.png,1
dataset/train/images/129316.png,1
dataset/train/images/188157.png,0
dataset/train/images/227170.png,0
dataset/train/images/235605.png,0
dataset/train/images/24380.png,1
dataset/train/images/477882.png,1
dataset/train/images/250657.png,0
dataset/train/images/463614.png,0
dataset/train/images/508075.png,1
dataset/train/images/514302.png,1
dataset/train/images/202650.png,0
dataset/train/images/234391.png,0
dataset/train/images/500960.png,1
dataset/train/images/23296.png,1
dataset/train/images/244457.png,0
dataset/train/images/465754.png,0
dataset/train/images/23640.png,1
dataset/train/images/43913.png,1
dataset/train/images/93350.png,1
dataset/train/images/515199.png,1
dataset/train/images/457004.png,0
dataset/train/images/441128.png,1
dataset/train/images/189709.png,0
dataset/train/images/95467.png,1
dataset/train/images/478409.png,1
dataset/train/images/222985.png,0
dataset/train/images/13832.png,1
dataset/train/images/8661.png,1
dataset/train/images/191097.png,0
dataset/train/images/465432.png,0
dataset/train/images/251469.png,0
dataset/train/images/479732.png,1
dataset/train/images/210491.png,0
dataset/train/images/220252.png,0
dataset/train/images/216653.png,0
dataset/train/images/457850.png,0
dataset/train/images/223412.png,0
dataset/train/images/203070.png,0
dataset/train/images/234841.png,0
dataset/train/images/37979.png,1
dataset/train/images/217333.png,0
dataset/train/images/245554.png,0
dataset/train/images/229305.png,0
dataset/train/images/46564.png,1
dataset/train/images/95526.png,1
dataset/train/images/20891.png,1
dataset/train/images/199203.png,0
dataset/train/images/455512.png,0
dataset/train/images/201521.png,0
dataset/train/images/194214.png,0
dataset/train/images/231163.png,0
dataset/train/images/190631.png,0
dataset/train/images/498150.png,1
dataset/train/images/225746.png,0
dataset/train/images/48043.png,1
dataset/train/images/16449.png,1
dataset/train/images/123670.png,1
dataset/train/images/13432.png,1
dataset/train/images/211455.png,0
dataset/train/images/478100.png,1
dataset/train/images/191894.png,0
dataset/train/images/73546.png,1
dataset/train/images/66183.png,1
dataset/train/images/225873.png,0
dataset/train/images/216809.png,0
dataset/train/images/206933.png,0
dataset/train/images/245409.png,0
dataset/train/images/90566.png,1
dataset/train/images/228866.png,0
dataset/train/images/510979.png,1
dataset/train/images/459234.png,0
dataset/train/images/502499.png,1
dataset/train/images/232454.png,0
dataset/train/images/250055.png,0
dataset/train/images/26870.png,1
dataset/train/images/158333.png,1
dataset/train/images/209678.png,0
dataset/train/images/243751.png,0
dataset/train/images/475681.png,1
dataset/train/images/28949.png,1
dataset/train/images/239655.png,0
dataset/train/images/218773.png,0
dataset/train/images/228174.png,0
dataset/train/images/226128.png,0
dataset/train/images/189128.png,0
dataset/train/images/7147.png,1
dataset/train/images/78659.png,1
dataset/train/images/50455.png,1
dataset/train/images/212135.png,0
dataset/train/images/228713.png,0
dataset/train/images/116393.png,1
dataset/train/images/201454.png,0
dataset/train/images/227072.png,0
dataset/train/images/214440.png,0
dataset/train/images/50006.png,1
dataset/train/images/4942.png,1
dataset/train/images/233751.png,0
dataset/train/images/506269.png,1
dataset/train/images/54339.png,1
dataset/train/images/478426.png,1
dataset/train/images/479567.png,1
dataset/train/images/222318.png,0
dataset/train/images/46125.png,1
dataset/train/images/2678.png,1
dataset/train/images/232094.png,0
dataset/train/images/502046.png,1
dataset/train/images/233325.png,0
dataset/train/images/110177.png,1
dataset/train/images/215404.png,0
dataset/train/images/58076.png,1
dataset/train/images/207457.png,0
dataset/train/images/230825.png,0
dataset/train/images/25985.png,1
dataset/train/images/246918.png,0
dataset/train/images/458789.png,0
dataset/train/images/209317.png,0
dataset/train/images/463120.png,0
dataset/train/images/204089.png,0
dataset/train/images/51892.png,1
dataset/train/images/195410.png,0
dataset/train/images/243469.png,0
dataset/train/images/184889.png,0
dataset/train/images/208348.png,0
dataset/train/images/30188.png,1
dataset/train/images/70518.png,1
dataset/train/images/241329.png,0
dataset/train/images/240861.png,0
dataset/train/images/185740.png,0
dataset/train/images/231749.png,0
dataset/train/images/461662.png,0
dataset/train/images/215437.png,0
dataset/train/images/184661.png,0
dataset/train/images/16247.png,1
dataset/train/images/35359.png,1
dataset/train/images/477927.png,1
dataset/train/images/506790.png,1
dataset/train/images/222304.png,0
dataset/train/images/256565.png,0
dataset/train/images/165943.png,1
dataset/train/images/56876.png,1
dataset/train/images/323580.png,1
dataset/train/images/255666.png,0
dataset/train/images/454946.png,0
dataset/train/images/252250.png,0
dataset/train/images/187694.png,0
dataset/train/images/7490.png,1
dataset/train/images/213238.png,0
dataset/train/images/982.png,1
dataset/train/images/501310.png,1
dataset/train/images/77416.png,1
dataset/train/images/12242.png,1
dataset/train/images/64395.png,1
dataset/train/images/53176.png,1
dataset/train/images/41783.png,1
dataset/train/images/64226.png,1
dataset/train/images/201611.png,0
dataset/train/images/22580.png,1
dataset/train/images/63061.png,1
dataset/train/images/38452.png,1
dataset/train/images/117652.png,1
dataset/train/images/216116.png,0
dataset/train/images/460402.png,0
dataset/train/images/253680.png,0
dataset/train/images/33362.png,1
dataset/train/images/192737.png,0
dataset/train/images/6856.png,1
dataset/train/images/111384.png,1
dataset/train/images/111371.png,1
dataset/train/images/36334.png,1
dataset/train/images/256935.png,0
dataset/train/images/36601.png,1
dataset/train/images/243094.png,0
dataset/train/images/455100.png,0
dataset/train/images/502652.png,1
dataset/train/images/412351.png,1
dataset/train/images/509302.png,1
dataset/train/images/31514.png,1
dataset/train/images/36789.png,1
dataset/train/images/18457.png,1
dataset/train/images/254662.png,0
dataset/train/images/213312.png,0
dataset/train/images/44506.png,1
dataset/train/images/196739.png,0
dataset/train/images/251856.png,0
dataset/train/images/223342.png,0
dataset/train/images/89689.png,1
dataset/train/images/245526.png,0
dataset/train/images/455003.png,0
dataset/train/images/234158.png,0
dataset/train/images/211742.png,0
dataset/train/images/89428.png,1
dataset/train/images/216605.png,0
dataset/train/images/248357.png,0
dataset/train/images/247440.png,0
dataset/train/images/367061.png,1
dataset/train/images/14247.png,1
dataset/train/images/459278.png,0
dataset/train/images/59593.png,1
dataset/train/images/234805.png,0
dataset/train/images/116289.png,1
dataset/train/images/42329.png,1
dataset/train/images/64493.png,1
dataset/train/images/57575.png,1
dataset/train/images/458016.png,0
dataset/train/images/510816.png,1
dataset/train/images/60203.png,1
dataset/train/images/152830.png,1
dataset/train/images/56119.png,1
dataset/train/images/201141.png,0
dataset/train/images/460073.png,0
dataset/train/images/87306.png,1
dataset/train/images/55717.png,1
dataset/train/images/441083.png,1
dataset/train/images/38085.png,1
dataset/train/images/210109.png,0
dataset/train/images/16073.png,1
dataset/train/images/67122.png,1
dataset/train/images/236008.png,0
dataset/train/images/238399.png,0
dataset/train/images/481148.png,1
dataset/train/images/479959.png,1
dataset/train/images/29201.png,1
dataset/train/images/194265.png,0
dataset/train/images/197429.png,0
dataset/train/images/501614.png,1
dataset/train/images/233844.png,0
dataset/train/images/57183.png,1
dataset/train/images/59907.png,1
dataset/train/images/216868.png,0
dataset/train/images/255856.png,0
dataset/train/images/505556.png,1
dataset/train/images/9421.png,1
dataset/train/images/191073.png,0
dataset/train/images/240937.png,0
dataset/train/images/211391.png,0
dataset/train/images/202966.png,0
dataset/train/images/74737.png,1
dataset/train/images/26814.png,1
dataset/train/images/1807.png,1
dataset/train/images/2408.png,1
dataset/train/images/245716.png,0
dataset/train/images/229599.png,0
dataset/train/images/131.png,1
dataset/train/images/460116.png,0
dataset/train/images/9343.png,1
dataset/train/images/233117.png,0
dataset/train/images/16282.png,1
dataset/train/images/170704.png,1
dataset/train/images/54475.png,1
dataset/train/images/59917.png,1
dataset/train/images/196554.png,0
dataset/train/images/193882.png,0
dataset/train/images/186661.png,0
dataset/train/images/228026.png,0
dataset/train/images/231738.png,0
dataset/train/images/211712.png,0
dataset/train/images/218171.png,0
dataset/train/images/8872.png,1
dataset/train/images/251350.png,0
dataset/train/images/40357.png,1
dataset/train/images/39317.png,1
dataset/train/images/218670.png,0
dataset/train/images/13550.png,1
dataset/train/images/206708.png,0
dataset/train/images/39458.png,1
dataset/train/images/58483.png,1
dataset/train/images/11110.png,1
dataset/train/images/514990.png,1
dataset/train/images/69881.png,1
dataset/train/images/460976.png,0
dataset/train/images/55426.png,1
dataset/train/images/254390.png,0
dataset/train/images/190697.png,0
dataset/train/images/2192.png,1
dataset/train/images/7015.png,1
dataset/train/images/123819.png,1
dataset/train/images/218693.png,0
dataset/train/images/219131.png,0
dataset/train/images/184998.png,0
dataset/train/images/500935.png,1
dataset/train/images/219867.png,0
dataset/train/images/506663.png,1
dataset/train/images/212329.png,0
dataset/train/images/500512.png,1
dataset/train/images/25935.png,1
dataset/train/images/64438.png,1
dataset/train/images/2533.png,1
dataset/train/images/211962.png,0
dataset/train/images/169665.png,1
dataset/train/images/47450.png,1
dataset/train/images/269568.png,1
dataset/train/images/6575.png,1
dataset/train/images/329336.png,1
dataset/train/images/505208.png,1
dataset/train/images/166471.png,1
dataset/train/images/58718.png,1
dataset/train/images/199844.png,0
dataset/train/images/31220.png,1
dataset/train/images/455796.png,0
dataset/train/images/213732.png,0
dataset/train/images/25055.png,1
dataset/train/images/193261.png,0
dataset/train/images/247365.png,0
dataset/train/images/95994.png,1
dataset/train/images/81541.png,1
dataset/train/images/220715.png,0
dataset/train/images/185739.png,0
dataset/train/images/187703.png,0
dataset/train/images/457892.png,0
dataset/train/images/256483.png,0
dataset/train/images/236307.png,0
dataset/train/images/128021.png,1
dataset/train/images/202107.png,0
dataset/train/images/228999.png,0
dataset/train/images/225757.png,0
dataset/train/images/480797.png,1
dataset/train/images/21253.png,1
dataset/train/images/464624.png,0
dataset/train/images/207416.png,0
dataset/train/images/18460.png,1
dataset/train/images/256282.png,0
dataset/train/images/498139.png,1
dataset/train/images/45772.png,1
dataset/train/images/241976.png,0
dataset/train/images/232536.png,0
dataset/train/images/46833.png,1
dataset/train/images/205061.png,0
dataset/train/images/215765.png,0
dataset/train/images/205250.png,0
dataset/train/images/108461.png,1
dataset/train/images/511646.png,1
dataset/train/images/44344.png,1
dataset/train/images/461067.png,0
dataset/train/images/205256.png,0
dataset/train/images/245330.png,0
dataset/train/images/27123.png,1
dataset/train/images/226703.png,0
dataset/train/images/64026.png,1
dataset/train/images/2593.png,1
dataset/train/images/22116.png,1
dataset/train/images/480291.png,1
dataset/train/images/529546.png,1
dataset/train/images/509245.png,1
dataset/train/images/460450.png,0
dataset/train/images/62231.png,1
dataset/train/images/227938.png,0
dataset/train/images/196367.png,0
dataset/train/images/229109.png,0
dataset/train/images/8129.png,1
dataset/train/images/41035.png,1
dataset/train/images/176903.png,1
dataset/train/images/1327.png,1
dataset/train/images/190044.png,0
dataset/train/images/115116.png,1
dataset/train/images/205289.png,0
dataset/train/images/222638.png,0
dataset/train/images/39406.png,1
dataset/train/images/128393.png,1
dataset/train/images/240474.png,0
dataset/train/images/210917.png,0
dataset/train/images/228950.png,0
dataset/train/images/8895.png,1
dataset/train/images/209620.png,0
dataset/train/images/214721.png,0
dataset/train/images/10006.png,1
dataset/train/images/221159.png,0
dataset/train/images/44083.png,1
dataset/train/images/97149.png,1
dataset/train/images/228605.png,0
dataset/train/images/478996.png,1
dataset/train/images/18224.png,1
dataset/train/images/19784.png,1
dataset/train/images/198137.png,0
dataset/train/images/90384.png,1
dataset/train/images/203037.png,0
dataset/train/images/223092.png,0
dataset/train/images/45312.png,1
dataset/train/images/7691.png,1
dataset/train/images/476755.png,1
dataset/train/images/196081.png,0
dataset/train/images/218140.png,0
dataset/train/images/67021.png,1
dataset/train/images/215296.png,0
dataset/train/images/253769.png,0
dataset/train/images/140467.png,1
dataset/train/images/214216.png,0
dataset/train/images/229385.png,0
dataset/train/images/191779.png,0
dataset/train/images/377053.png,1
dataset/train/images/44173.png,1
dataset/train/images/81237.png,1
dataset/train/images/454756.png,0
dataset/train/images/107735.png,1
dataset/train/images/205337.png,0
dataset/train/images/14377.png,1
dataset/train/images/17901.png,1
dataset/train/images/253119.png,0
dataset/train/images/188974.png,0
dataset/train/images/505461.png,1
dataset/train/images/219035.png,0
dataset/train/images/191924.png,0
dataset/train/images/17565.png,1
dataset/train/images/90120.png,1
dataset/train/images/193740.png,0
dataset/train/images/3491.png,1
dataset/train/images/3847.png,1
dataset/train/images/464677.png,0
dataset/train/images/252932.png,0
dataset/train/images/202267.png,0
dataset/train/images/55936.png,1
dataset/train/images/191179.png,0
dataset/train/images/464456.png,0
dataset/train/images/251867.png,0
dataset/train/images/199055.png,0
dataset/train/images/1251.png,1
dataset/train/images/44622.png,1
dataset/train/images/224548.png,0
dataset/train/images/463437.png,0
dataset/train/images/24313.png,1
dataset/train/images/231334.png,0
dataset/train/images/171601.png,1
dataset/train/images/214756.png,0
dataset/train/images/178457.png,1
dataset/train/images/58169.png,1
dataset/train/images/218306.png,0
dataset/train/images/2089.png,1
dataset/train/images/191816.png,0
dataset/train/images/214115.png,0
dataset/train/images/481668.png,1
dataset/train/images/45063.png,1
dataset/train/images/227869.png,0
dataset/train/images/208186.png,0
dataset/train/images/24123.png,1
dataset/train/images/123969.png,1
dataset/train/images/476239.png,1
dataset/train/images/212325.png,0
dataset/train/images/514660.png,1
dataset/train/images/255843.png,0
dataset/train/images/185675.png,0
dataset/train/images/255115.png,0
dataset/train/images/22207.png,1
dataset/train/images/226691.png,0
dataset/train/images/200615.png,0
dataset/train/images/198491.png,0
dataset/train/images/481226.png,1
dataset/train/images/237072.png,0
dataset/train/images/183145.png,0
dataset/train/images/26962.png,1
dataset/train/images/482820.png,1
dataset/train/images/45155.png,1
dataset/train/images/228022.png,0
dataset/train/images/44836.png,1
dataset/train/images/243515.png,0
dataset/train/images/47744.png,1
dataset/train/images/206587.png,0
dataset/train/images/221143.png,0
dataset/train/images/85736.png,1
dataset/train/images/131829.png,1
dataset/train/images/42015.png,1
dataset/train/images/465640.png,0
dataset/train/images/213375.png,0
dataset/train/images/249602.png,0
dataset/train/images/200122.png,0
dataset/train/images/261632.png,1
dataset/train/images/462966.png,0
dataset/train/images/190735.png,0
dataset/train/images/32812.png,1
dataset/train/images/244257.png,0
dataset/train/images/190111.png,0
dataset/train/images/3885.png,1
dataset/train/images/250787.png,0
dataset/train/images/45211.png,1
dataset/train/images/475839.png,1
dataset/train/images/501147.png,1
dataset/train/images/208874.png,0
dataset/train/images/60087.png,1
dataset/train/images/455492.png,0
dataset/train/images/206774.png,0
dataset/train/images/243043.png,0
dataset/train/images/67503.png,1
dataset/train/images/508852.png,1
dataset/train/images/247841.png,0
dataset/train/images/243708.png,0
dataset/train/images/206248.png,0
dataset/train/images/5658.png,1
dataset/train/images/244301.png,0
dataset/train/images/198710.png,0
dataset/train/images/183584.png,0
dataset/train/images/243370.png,0
dataset/train/images/458430.png,0
dataset/train/images/186520.png,0
dataset/train/images/229019.png,0
dataset/train/images/44105.png,1
dataset/train/images/49289.png,1
dataset/train/images/230037.png,0
dataset/train/images/202565.png,0
dataset/train/images/457353.png,0
dataset/train/images/460276.png,0
dataset/train/images/41088.png,1
dataset/train/images/193959.png,0
dataset/train/images/212568.png,0
dataset/train/images/176708.png,1
dataset/train/images/225606.png,0
dataset/train/images/234714.png,0
dataset/train/images/58723.png,1
dataset/train/images/54246.png,1
dataset/train/images/506401.png,1
dataset/train/images/514817.png,1
dataset/train/images/233270.png,0
dataset/train/images/246528.png,0
dataset/train/images/27620.png,1
dataset/train/images/34259.png,1
dataset/train/images/90673.png,1
dataset/train/images/185770.png,0
dataset/train/images/215293.png,0
dataset/train/images/126658.png,1
dataset/train/images/28978.png,1
dataset/train/images/456438.png,0
dataset/train/images/108823.png,1
dataset/train/images/225923.png,0
dataset/train/images/58086.png,1
dataset/train/images/241375.png,0
dataset/train/images/498286.png,1
dataset/train/images/458189.png,0
dataset/train/images/203278.png,0
dataset/train/images/34128.png,1
dataset/train/images/213585.png,0
dataset/train/images/45726.png,1
dataset/train/images/197165.png,0
dataset/train/images/207342.png,0
dataset/train/images/202312.png,0
dataset/train/images/505277.png,1
dataset/train/images/227351.png,0
dataset/train/images/199571.png,0
dataset/train/images/127054.png,1
dataset/train/images/32165.png,1
dataset/train/images/210828.png,0
dataset/train/images/225326.png,0
dataset/train/images/455957.png,0
dataset/train/images/117714.png,1
dataset/train/images/49658.png,1
dataset/train/images/32443.png,1
dataset/train/images/198434.png,0
dataset/train/images/11890.png,1
dataset/train/images/466187.png,0
dataset/train/images/496710.png,1
dataset/train/images/224215.png,0
dataset/train/images/461451.png,0
dataset/train/images/213638.png,0
dataset/train/images/201679.png,0
dataset/train/images/200433.png,0
dataset/train/images/248776.png,0
dataset/train/images/391670.png,1
dataset/train/images/184089.png,0
dataset/train/images/46994.png,1
dataset/train/images/460605.png,0
dataset/train/images/12466.png,1
dataset/train/images/509758.png,1
dataset/train/images/464467.png,0
dataset/train/images/497158.png,1
dataset/train/images/11344.png,1
dataset/train/images/35683.png,1
dataset/train/images/2314.png,1
dataset/train/images/209848.png,0
dataset/train/images/235886.png,0
dataset/train/images/29579.png,1
dataset/train/images/462701.png,0
dataset/train/images/1903.png,1
dataset/train/images/245535.png,0
dataset/train/images/39323.png,1
dataset/train/images/199776.png,0
dataset/train/images/509950.png,1
dataset/train/images/50075.png,1
dataset/train/images/197223.png,0
dataset/train/images/507205.png,1
dataset/train/images/159363.png,1
dataset/train/images/185278.png,0
dataset/train/images/81420.png,1
dataset/train/images/62507.png,1
dataset/train/images/221632.png,0
dataset/train/images/215940.png,0
dataset/train/images/217169.png,0
dataset/train/images/191928.png,0
dataset/train/images/252372.png,0
dataset/train/images/189825.png,0
dataset/train/images/22419.png,1
dataset/train/images/456351.png,0
dataset/train/images/232844.png,0
dataset/train/images/225377.png,0
dataset/train/images/200009.png,0
dataset/train/images/24814.png,1
dataset/train/images/238666.png,0
dataset/train/images/244711.png,0
dataset/train/images/2237.png,1
dataset/train/images/253663.png,0
dataset/train/images/226202.png,0
dataset/train/images/195359.png,0
dataset/train/images/236517.png,0
dataset/train/images/218926.png,0
dataset/train/images/96571.png,1
dataset/train/images/189224.png,0
dataset/train/images/252377.png,0
dataset/train/images/194361.png,0
dataset/train/images/209864.png,0
dataset/train/images/15232.png,1
dataset/train/images/186081.png,0
dataset/train/images/33989.png,1
dataset/train/images/513924.png,1
dataset/train/images/51426.png,1
dataset/train/images/221697.png,0
dataset/train/images/185438.png,0
dataset/train/images/212982.png,0
dataset/train/images/456039.png,0
dataset/train/images/91066.png,1
dataset/train/images/41005.png,1
dataset/train/images/459245.png,0
dataset/train/images/52721.png,1
dataset/train/images/123558.png,1
dataset/train/images/33296.png,1
dataset/train/images/200848.png,0
dataset/train/images/455076.png,0
dataset/train/images/214595.png,0
dataset/train/images/317062.png,1
dataset/train/images/2788.png,1
dataset/train/images/229614.png,0
dataset/train/images/14205.png,1
dataset/train/images/54322.png,1
dataset/train/images/48308.png,1
dataset/train/images/225805.png,0
dataset/train/images/56990.png,1
dataset/train/images/250017.png,0
dataset/train/images/460980.png,0
dataset/train/images/43691.png,1
dataset/train/images/199299.png,0
dataset/train/images/244487.png,0
dataset/train/images/37386.png,1
dataset/train/images/461031.png,0
dataset/train/images/210971.png,0
dataset/train/images/54167.png,1
dataset/train/images/50662.png,1
dataset/train/images/28560.png,1
dataset/train/images/11978.png,1
dataset/train/images/224078.png,0
dataset/train/images/237865.png,0
dataset/train/images/242793.png,0
dataset/train/images/42314.png,1
dataset/train/images/475963.png,1
dataset/train/images/496638.png,1
dataset/train/images/183773.png,0
dataset/train/images/250227.png,0
dataset/train/images/59675.png,1
dataset/train/images/99494.png,1
dataset/train/images/206193.png,0
dataset/train/images/88741.png,1
dataset/train/images/23355.png,1
dataset/train/images/206451.png,0
dataset/train/images/235413.png,0
dataset/train/images/198669.png,0
dataset/train/images/203361.png,0
dataset/train/images/240914.png,0
dataset/train/images/464657.png,0
dataset/train/images/21471.png,1
dataset/train/images/40781.png,1
dataset/train/images/13131.png,1
dataset/train/images/56576.png,1
dataset/train/images/18576.png,1
dataset/train/images/512903.png,1
dataset/train/images/229702.png,0
dataset/train/images/206794.png,0
dataset/train/images/36390.png,1
dataset/train/images/199236.png,0
dataset/train/images/257333.png,0
dataset/train/images/182091.png,1
dataset/train/images/513964.png,1
dataset/train/images/207737.png,0
dataset/train/images/184645.png,0
dataset/train/images/60425.png,1
dataset/train/images/249947.png,0
dataset/train/images/34468.png,1
dataset/train/images/502576.png,1
dataset/train/images/498935.png,1
dataset/train/images/17255.png,1
dataset/train/images/194078.png,0
dataset/train/images/24120.png,1
dataset/train/images/43383.png,1
dataset/train/images/55203.png,1
dataset/train/images/511117.png,1
dataset/train/images/249154.png,0
dataset/train/images/211588.png,0
dataset/train/images/239886.png,0
dataset/train/images/218574.png,0
dataset/train/images/20459.png,1
dataset/train/images/255908.png,0
dataset/train/images/127472.png,1
dataset/train/images/9712.png,1
dataset/train/images/207522.png,0
dataset/train/images/29215.png,1
dataset/train/images/514023.png,1
dataset/train/images/151573.png,1
dataset/train/images/40173.png,1
dataset/train/images/479948.png,1
dataset/train/images/243784.png,0
dataset/train/images/232411.png,0
dataset/train/images/463265.png,0
dataset/train/images/214542.png,0
dataset/train/images/498500.png,1
dataset/train/images/193848.png,0
dataset/train/images/252814.png,0
dataset/train/images/215147.png,0
dataset/train/images/457269.png,0
dataset/train/images/221945.png,0
dataset/train/images/58444.png,1
dataset/train/images/112400.png,1
dataset/train/images/505929.png,1
dataset/train/images/512055.png,1
dataset/train/images/8241.png,1
dataset/train/images/24625.png,1
dataset/train/images/201593.png,0
dataset/train/images/6559.png,1
dataset/train/images/197559.png,0
dataset/train/images/256936.png,0
dataset/train/images/465330.png,0
dataset/train/images/12026.png,1
dataset/train/images/198675.png,0
dataset/train/images/27544.png,1
dataset/train/images/17569.png,1
dataset/train/images/241775.png,0
dataset/train/images/496461.png,1
dataset/train/images/455420.png,0
dataset/train/images/42296.png,1
dataset/train/images/188707.png,0
dataset/train/images/501971.png,1
dataset/train/images/7664.png,1
dataset/train/images/247519.png,0
dataset/train/images/476362.png,1
dataset/train/images/62017.png,1
dataset/train/images/239157.png,0
dataset/train/images/43713.png,1
dataset/train/images/234386.png,0
dataset/train/images/19666.png,1
dataset/train/images/238857.png,0
dataset/train/images/45635.png,1
dataset/train/images/479030.png,1
dataset/train/images/206357.png,0
dataset/train/images/503953.png,1
dataset/train/images/39549.png,1
dataset/train/images/251490.png,0
dataset/train/images/205368.png,0
dataset/train/images/197997.png,0
dataset/train/images/186733.png,0
dataset/train/images/373781.png,1
dataset/train/images/40179.png,1
dataset/train/images/500631.png,1
dataset/train/images/478834.png,1
dataset/train/images/192115.png,0
dataset/train/images/6470.png,1
dataset/train/images/455245.png,0
dataset/train/images/3059.png,1
dataset/train/images/221988.png,0
dataset/train/images/238679.png,0
dataset/train/images/244180.png,0
dataset/train/images/211768.png,0
dataset/train/images/504848.png,1
dataset/train/images/21448.png,1
dataset/train/images/185967.png,0
dataset/train/images/33806.png,1
dataset/train/images/209704.png,0
dataset/train/images/37343.png,1
dataset/train/images/62473.png,1
dataset/train/images/228908.png,0
dataset/train/images/217538.png,0
dataset/train/images/203032.png,0
dataset/train/images/200765.png,0
dataset/train/images/460434.png,0
dataset/train/images/222148.png,0
dataset/train/images/182891.png,0
dataset/train/images/215398.png,0
dataset/train/images/221794.png,0
dataset/train/images/228234.png,0
dataset/train/images/246688.png,0
dataset/train/images/48007.png,1
dataset/train/images/222536.png,0
dataset/train/images/30247.png,1
dataset/train/images/255084.png,0
dataset/train/images/195710.png,0
dataset/train/images/171574.png,1
dataset/train/images/191852.png,0
dataset/train/images/27194.png,1
dataset/train/images/198463.png,0
dataset/train/images/462393.png,0
dataset/train/images/242468.png,0
dataset/train/images/182029.png,1
dataset/train/images/238454.png,0
dataset/train/images/31853.png,1
dataset/train/images/27630.png,1
dataset/train/images/507641.png,1
dataset/train/images/114512.png,1
dataset/train/images/49494.png,1
dataset/train/images/186315.png,0
dataset/train/images/201031.png,0
dataset/train/images/222628.png,0
dataset/train/images/38692.png,1
dataset/train/images/28542.png,1
dataset/train/images/508942.png,1
dataset/train/images/193513.png,0
dataset/train/images/248670.png,0
dataset/train/images/107725.png,1
dataset/train/images/183866.png,0
dataset/train/images/237004.png,0
dataset/train/images/233955.png,0
dataset/train/images/235096.png,0
dataset/train/images/59435.png,1
dataset/train/images/63413.png,1
dataset/train/images/183116.png,0
dataset/train/images/5588.png,1
dataset/train/images/15940.png,1
dataset/train/images/61365.png,1
dataset/train/images/512775.png,1
dataset/train/images/189081.png,0
dataset/train/images/211183.png,0
dataset/train/images/69698.png,1
dataset/train/images/231633.png,0
dataset/train/images/481229.png,1
dataset/train/images/213486.png,0
dataset/train/images/44771.png,1
dataset/train/images/30679.png,1
dataset/train/images/195287.png,0
dataset/train/images/514845.png,1
dataset/train/images/109710.png,1
dataset/train/images/14516.png,1
dataset/train/images/7844.png,1
dataset/train/images/498638.png,1
dataset/train/images/56231.png,1
dataset/train/images/6853.png,1
dataset/train/images/281770.png,1
dataset/train/images/501722.png,1
dataset/train/images/177756.png,1
dataset/train/images/40579.png,1
dataset/train/images/478406.png,1
dataset/train/images/216623.png,0
dataset/train/images/477184.png,1
dataset/train/images/323566.png,1
dataset/train/images/457845.png,0
dataset/train/images/9598.png,1
dataset/train/images/191789.png,0
dataset/train/images/508662.png,1
dataset/train/images/226664.png,0
dataset/train/images/465502.png,0
dataset/train/images/189753.png,0
dataset/train/images/30606.png,1
dataset/train/images/39515.png,1
dataset/train/images/63034.png,1
dataset/train/images/250663.png,0
dataset/train/images/3747.png,1
dataset/train/images/112336.png,1
dataset/train/images/240508.png,0
dataset/train/images/28759.png,1
dataset/train/images/22139.png,1
dataset/train/images/17138.png,1
dataset/train/images/456074.png,0
dataset/train/images/91998.png,1
dataset/train/images/37120.png,1
dataset/train/images/209899.png,0
dataset/train/images/500300.png,1
dataset/train/images/149678.png,1
dataset/train/images/197743.png,0
dataset/train/images/188292.png,0
dataset/train/images/228803.png,0
dataset/train/images/513510.png,1
dataset/train/images/84447.png,1
dataset/train/images/215049.png,0
dataset/train/images/79706.png,1
dataset/train/images/493.png,1
dataset/train/images/241463.png,0
dataset/train/images/197734.png,0
dataset/train/images/29424.png,1
dataset/train/images/254424.png,0
dataset/train/images/64187.png,1
dataset/train/images/91753.png,1
dataset/train/images/208975.png,0
dataset/train/images/198943.png,0
dataset/train/images/25212.png,1
dataset/train/images/499598.png,1
dataset/train/images/62381.png,1
dataset/train/images/235123.png,0
dataset/train/images/20338.png,1
dataset/train/images/504532.png,1
dataset/train/images/253160.png,0
dataset/train/images/99798.png,1
dataset/train/images/200927.png,0
dataset/train/images/505873.png,1
dataset/train/images/498466.png,1
dataset/train/images/24458.png,1
dataset/train/images/213628.png,0
dataset/train/images/479473.png,1
dataset/train/images/7646.png,1
dataset/train/images/201198.png,0
dataset/train/images/219355.png,0
dataset/train/images/476179.png,1
dataset/train/images/46992.png,1
dataset/train/images/531458.png,1
dataset/train/images/190520.png,0
dataset/train/images/51687.png,1
dataset/train/images/59428.png,1
dataset/train/images/373763.png,1
dataset/train/images/458875.png,0
dataset/train/images/20973.png,1
dataset/train/images/483280.png,1
dataset/train/images/42230.png,1
dataset/train/images/219337.png,0
dataset/train/images/24246.png,1
dataset/train/images/192458.png,0
dataset/train/images/496875.png,1
dataset/train/images/206100.png,0
dataset/train/images/207517.png,0
dataset/train/images/216736.png,0
dataset/train/images/507894.png,1
dataset/train/images/4431.png,1
dataset/train/images/153707.png,1
dataset/train/images/197366.png,0
dataset/train/images/20408.png,1
dataset/train/images/461018.png,0
dataset/train/images/63366.png,1
dataset/train/images/16604.png,1
dataset/train/images/232348.png,0
dataset/train/images/26060.png,1
dataset/train/images/229521.png,0
dataset/train/images/217194.png,0
dataset/train/images/60303.png,1
dataset/train/images/215644.png,0
dataset/train/images/62484.png,1
dataset/train/images/245788.png,0
dataset/train/images/198923.png,0
dataset/train/images/63974.png,1
dataset/train/images/95875.png,1
dataset/train/images/49941.png,1
dataset/train/images/222967.png,0
dataset/train/images/510098.png,1
dataset/train/images/51301.png,1
dataset/train/images/247724.png,0
dataset/train/images/7639.png,1
dataset/train/images/466129.png,0
dataset/train/images/16025.png,1
dataset/train/images/195838.png,0
dataset/train/images/456646.png,0
dataset/train/images/513371.png,1
dataset/train/images/464680.png,0
dataset/train/images/26578.png,1
dataset/train/images/18403.png,1
dataset/train/images/22069.png,1
dataset/train/images/235253.png,0
dataset/train/images/504871.png,1
dataset/train/images/58768.png,1
dataset/train/images/249477.png,0
dataset/train/images/6206.png,1
dataset/train/images/192481.png,0
dataset/train/images/231742.png,0
dataset/train/images/506905.png,1
dataset/train/images/247019.png,0
dataset/train/images/212785.png,0
dataset/train/images/509332.png,1
dataset/train/images/31313.png,1
dataset/train/images/192012.png,0
dataset/train/images/39301.png,1
dataset/train/images/60564.png,1
dataset/train/images/230126.png,0
dataset/train/images/36006.png,1
dataset/train/images/406738.png,1
dataset/train/images/224253.png,0
dataset/train/images/17830.png,1
dataset/train/images/210055.png,0
dataset/train/images/221111.png,0
dataset/train/images/189863.png,0
dataset/train/images/511575.png,1
dataset/train/images/221110.png,0
dataset/train/images/39183.png,1
dataset/train/images/515340.png,1
dataset/train/images/210081.png,0
dataset/train/images/110040.png,1
dataset/train/images/455945.png,0
dataset/train/images/56259.png,1
dataset/train/images/377016.png,1
dataset/train/images/52231.png,1
dataset/train/images/463529.png,0
dataset/train/images/511801.png,1
dataset/train/images/38138.png,1
dataset/train/images/206185.png,0
dataset/train/images/30559.png,1
dataset/train/images/45529.png,1
dataset/train/images/186055.png,0
dataset/train/images/197666.png,0
dataset/train/images/9171.png,1
dataset/train/images/207348.png,0
dataset/train/images/239435.png,0
dataset/train/images/141183.png,1
dataset/train/images/43848.png,1
dataset/train/images/246171.png,0
dataset/train/images/38684.png,1
dataset/train/images/249190.png,0
dataset/train/images/111771.png,1
dataset/train/images/13675.png,1
dataset/train/images/220001.png,0
dataset/train/images/69227.png,1
dataset/train/images/16136.png,1
dataset/train/images/17068.png,1
dataset/train/images/1601.png,1
dataset/train/images/210652.png,0
dataset/train/images/3168.png,1
dataset/train/images/191539.png,0
dataset/train/images/255503.png,0
dataset/train/images/198740.png,0
dataset/train/images/213097.png,0
dataset/train/images/881.png,1
dataset/train/images/231931.png,0
dataset/train/images/249710.png,0
dataset/train/images/222319.png,0
dataset/train/images/212275.png,0
dataset/train/images/40139.png,1
dataset/train/images/184901.png,0
dataset/train/images/232520.png,0
dataset/train/images/192630.png,0
dataset/train/images/76493.png,1
dataset/train/images/203368.png,0
dataset/train/images/224108.png,0
dataset/train/images/199280.png,0
dataset/train/images/463532.png,0
dataset/train/images/216714.png,0
dataset/train/images/100218.png,1
dataset/train/images/8521.png,1
dataset/train/images/511738.png,1
dataset/train/images/185883.png,0
dataset/train/images/214430.png,0
dataset/train/images/196999.png,0
dataset/train/images/247546.png,0
dataset/train/images/228440.png,0
dataset/train/images/6903.png,1
dataset/train/images/502651.png,1
dataset/train/images/225239.png,0
dataset/train/images/211565.png,0
dataset/train/images/455275.png,0
dataset/train/images/90192.png,1
dataset/train/images/497294.png,1
dataset/train/images/30912.png,1
dataset/train/images/14057.png,1
dataset/train/images/209283.png,0
dataset/train/images/151220.png,1
dataset/train/images/191150.png,0
dataset/train/images/459075.png,0
dataset/train/images/193049.png,0
dataset/train/images/217213.png,0
dataset/train/images/513894.png,1
dataset/train/images/260455.png,1
dataset/train/images/56052.png,1
dataset/train/images/37243.png,1
dataset/train/images/180726.png,1
dataset/train/images/55588.png,1
dataset/train/images/237830.png,0
dataset/train/images/27255.png,1
dataset/train/images/73863.png,1
dataset/train/images/50350.png,1
dataset/train/images/241010.png,0
dataset/train/images/64937.png,1
dataset/train/images/184209.png,0
dataset/train/images/42178.png,1
dataset/train/images/187840.png,0
dataset/train/images/116376.png,1
dataset/train/images/102198.png,1
dataset/train/images/376905.png,1
dataset/train/images/210836.png,0
dataset/train/images/101385.png,1
dataset/train/images/87451.png,1
dataset/train/images/48314.png,1
dataset/train/images/36246.png,1
dataset/train/images/237761.png,0
dataset/train/images/223011.png,0
dataset/train/images/475305.png,1
dataset/train/images/28828.png,1
dataset/train/images/482804.png,1
dataset/train/images/90038.png,1
dataset/train/images/46631.png,1
dataset/train/images/46347.png,1
dataset/train/images/26623.png,1
dataset/train/images/210494.png,0
dataset/train/images/210276.png,0
dataset/train/images/9347.png,1
dataset/train/images/199643.png,0
dataset/train/images/201472.png,0
dataset/train/images/35033.png,1
dataset/train/images/253951.png,0
dataset/train/images/35610.png,1
dataset/train/images/146853.png,1
dataset/train/images/3919.png,1
dataset/train/images/60205.png,1
dataset/train/images/33145.png,1
dataset/train/images/22368.png,1
dataset/train/images/459671.png,0
dataset/train/images/63349.png,1
dataset/train/images/249582.png,0
dataset/train/images/208725.png,0
dataset/train/images/34442.png,1
dataset/train/images/437679.png,1
dataset/train/images/53912.png,1
dataset/train/images/193204.png,0
dataset/train/images/226235.png,0
dataset/train/images/229778.png,0
dataset/train/images/255766.png,0
dataset/train/images/4423.png,1
dataset/train/images/24189.png,1
dataset/train/images/513155.png,1
dataset/train/images/206799.png,0
dataset/train/images/85182.png,1
dataset/train/images/234143.png,0
dataset/train/images/230568.png,0
dataset/train/images/203156.png,0
dataset/train/images/58846.png,1
dataset/train/images/13089.png,1
dataset/train/images/459279.png,0
dataset/train/images/185112.png,0
dataset/train/images/203669.png,0
dataset/train/images/14344.png,1
dataset/train/images/66319.png,1
dataset/train/images/15501.png,1
dataset/train/images/18742.png,1
dataset/train/images/499425.png,1
dataset/train/images/482844.png,1
dataset/train/images/246588.png,0
dataset/train/images/253228.png,0
dataset/train/images/54089.png,1
dataset/train/images/20042.png,1
dataset/train/images/28427.png,1
dataset/train/images/479257.png,1
dataset/train/images/37756.png,1
dataset/train/images/215549.png,0
dataset/train/images/513219.png,1
dataset/train/images/41024.png,1
dataset/train/images/255302.png,0
dataset/train/images/99423.png,1
dataset/train/images/478016.png,1
dataset/train/images/24588.png,1
dataset/train/images/11345.png,1
dataset/train/images/234969.png,0
dataset/train/images/460303.png,0
dataset/train/images/195228.png,0
dataset/train/images/116400.png,1
dataset/train/images/182884.png,0
dataset/train/images/86054.png,1
dataset/train/images/9710.png,1
dataset/train/images/81965.png,1
dataset/train/images/9400.png,1
dataset/train/images/247572.png,0
dataset/train/images/190843.png,0
dataset/train/images/477831.png,1
dataset/train/images/250200.png,0
dataset/train/images/229539.png,0
dataset/train/images/218971.png,0
dataset/train/images/478677.png,1
dataset/train/images/498863.png,1
dataset/train/images/241733.png,0
dataset/train/images/58.png,1
dataset/train/images/481261.png,1
dataset/train/images/481395.png,1
dataset/train/images/256362.png,0
dataset/train/images/42287.png,1
dataset/train/images/98422.png,1
dataset/train/images/249104.png,0
dataset/train/images/465774.png,0
dataset/train/images/29099.png,1
dataset/train/images/481818.png,1
dataset/train/images/54289.png,1
dataset/train/images/246953.png,0
dataset/train/images/111168.png,1
dataset/train/images/241053.png,0
dataset/train/images/28460.png,1
dataset/train/images/112168.png,1
dataset/train/images/5292.png,1
dataset/train/images/225848.png,0
dataset/train/images/45985.png,1
dataset/train/images/53418.png,1
dataset/train/images/213450.png,0
dataset/train/images/24421.png,1
dataset/train/images/465485.png,0
dataset/train/images/43782.png,1
dataset/train/images/27245.png,1
dataset/train/images/19277.png,1
dataset/train/images/197158.png,0
dataset/train/images/256155.png,0
dataset/train/images/221339.png,0
dataset/train/images/504929.png,1
dataset/train/images/64439.png,1
dataset/train/images/237637.png,0
dataset/train/images/52013.png,1
dataset/train/images/209634.png,0
dataset/train/images/65941.png,1
dataset/train/images/10994.png,1
dataset/train/images/31496.png,1
dataset/train/images/256654.png,0
dataset/train/images/378400.png,1
dataset/train/images/496696.png,1
dataset/train/images/228422.png,0
dataset/train/images/249609.png,0
dataset/train/images/224034.png,0
dataset/train/images/44535.png,1
dataset/train/images/221044.png,0
dataset/train/images/56313.png,1
dataset/train/images/268141.png,1
dataset/train/images/26454.png,1
dataset/train/images/5992.png,1
dataset/train/images/39769.png,1
dataset/train/images/198340.png,0
dataset/train/images/208894.png,0
dataset/train/images/64022.png,1
dataset/train/images/169429.png,1
dataset/train/images/5848.png,1
dataset/train/images/482324.png,1
dataset/train/images/7589.png,1
dataset/train/images/437476.png,1
dataset/train/images/198086.png,0
dataset/train/images/110685.png,1
dataset/train/images/21512.png,1
dataset/train/images/457815.png,0
dataset/train/images/476508.png,1
dataset/train/images/505465.png,1
dataset/train/images/6562.png,1
dataset/train/images/49067.png,1
dataset/train/images/229543.png,0
dataset/train/images/91889.png,1
dataset/train/images/241773.png,0
dataset/train/images/476376.png,1
dataset/train/images/212933.png,0
dataset/train/images/459302.png,0
dataset/train/images/187681.png,0
dataset/train/images/164500.png,1
dataset/train/images/228319.png,0
dataset/train/images/457258.png,0
dataset/train/images/198136.png,0
dataset/train/images/248281.png,0
dataset/train/images/217978.png,0
dataset/train/images/451767.png,1
dataset/train/images/218750.png,0
dataset/train/images/460910.png,0
dataset/train/images/51621.png,1
dataset/train/images/232289.png,0
dataset/train/images/46958.png,1
dataset/train/images/228514.png,0
dataset/train/images/35282.png,1
dataset/train/images/20304.png,1
dataset/train/images/251439.png,0
dataset/train/images/256345.png,0
dataset/train/images/42228.png,1
dataset/train/images/256262.png,0
dataset/train/images/193215.png,0
dataset/train/images/503431.png,1
dataset/train/images/217084.png,0
dataset/train/images/254983.png,0
dataset/train/images/14722.png,1
dataset/train/images/184202.png,0
dataset/train/images/95625.png,1
dataset/train/images/5320.png,1
dataset/train/images/60628.png,1
dataset/train/images/64192.png,1
dataset/train/images/309101.png,1
dataset/train/images/2867.png,1
dataset/train/images/298413.png,1
dataset/train/images/513462.png,1
dataset/train/images/200881.png,0
dataset/train/images/236323.png,0
dataset/train/images/463242.png,0
dataset/train/images/21111.png,1
dataset/train/images/193184.png,0
dataset/train/images/9279.png,1
dataset/train/images/497505.png,1
dataset/train/images/186173.png,0
dataset/train/images/455283.png,0
dataset/train/images/54684.png,1
dataset/train/images/242327.png,0
dataset/train/images/478005.png,1
dataset/train/images/103185.png,1
dataset/train/images/514519.png,1
dataset/train/images/215902.png,0
dataset/train/images/1217.png,1
dataset/train/images/498800.png,1
dataset/train/images/223723.png,0
dataset/train/images/513742.png,1
dataset/train/images/41235.png,1
dataset/train/images/503221.png,1
dataset/train/images/480882.png,1
dataset/train/images/246499.png,0
dataset/train/images/110954.png,1
dataset/train/images/28806.png,1
dataset/train/images/232693.png,0
dataset/train/images/189307.png,0
dataset/train/images/7288.png,1
dataset/train/images/220194.png,0
dataset/train/images/198330.png,0
dataset/train/images/73872.png,1
dataset/train/images/18632.png,1
dataset/train/images/240081.png,0
dataset/train/images/481912.png,1
dataset/train/images/205804.png,0
dataset/train/images/34306.png,1
dataset/train/images/43851.png,1
dataset/train/images/226055.png,0
dataset/train/images/232451.png,0
dataset/train/images/510046.png,1
dataset/train/images/18449.png,1
dataset/train/images/64897.png,1
dataset/train/images/211343.png,0
dataset/train/images/188940.png,0
dataset/train/images/248288.png,0
dataset/train/images/32188.png,1
dataset/train/images/58547.png,1
dataset/train/images/23773.png,1
dataset/train/images/109430.png,1
dataset/train/images/112831.png,1
dataset/train/images/475076.png,1
dataset/train/images/193080.png,0
dataset/train/images/253347.png,0
dataset/train/images/203200.png,0
dataset/train/images/239445.png,0
dataset/train/images/25475.png,1
dataset/train/images/195696.png,0
dataset/train/images/223999.png,0
dataset/train/images/11348.png,1
dataset/train/images/93828.png,1
dataset/train/images/20883.png,1
dataset/train/images/222880.png,0
dataset/train/images/464080.png,0
dataset/train/images/193757.png,0
dataset/train/images/7989.png,1
dataset/train/images/186418.png,0
dataset/train/images/458931.png,0
dataset/train/images/480325.png,1
dataset/train/images/245790.png,0
dataset/train/images/234328.png,0
dataset/train/images/230673.png,0
dataset/train/images/228511.png,0
dataset/train/images/226104.png,0
dataset/train/images/16912.png,1
dataset/train/images/250133.png,0
dataset/train/images/513000.png,1
dataset/train/images/113109.png,1
dataset/train/images/25395.png,1
dataset/train/images/251884.png,0
dataset/train/images/204833.png,0
dataset/train/images/463413.png,0
dataset/train/images/192442.png,0
dataset/train/images/231207.png,0
dataset/train/images/475299.png,1
dataset/train/images/255853.png,0
dataset/train/images/228170.png,0
dataset/train/images/329541.png,1
dataset/train/images/462538.png,0
dataset/train/images/49765.png,1
dataset/train/images/106148.png,1
dataset/train/images/252003.png,0
dataset/train/images/63021.png,1
dataset/train/images/34367.png,1
dataset/train/images/513479.png,1
dataset/train/images/168.png,1
dataset/train/images/20776.png,1
dataset/train/images/22606.png,1
dataset/train/images/462270.png,0
dataset/train/images/366124.png,1
dataset/train/images/13889.png,1
dataset/train/images/459150.png,0
dataset/train/images/63048.png,1
dataset/train/images/133906.png,1
dataset/train/images/6784.png,1
dataset/train/images/108115.png,1
dataset/train/images/201964.png,0
dataset/train/images/188260.png,0
dataset/train/images/49409.png,1
dataset/train/images/228025.png,0
dataset/train/images/184366.png,0
dataset/train/images/6775.png,1
dataset/train/images/135673.png,1
dataset/train/images/524966.png,1
dataset/train/images/239297.png,0
dataset/train/images/165605.png,1
dataset/train/images/62385.png,1
dataset/train/images/238620.png,0
dataset/train/images/190942.png,0
dataset/train/images/74715.png,1
dataset/train/images/506019.png,1
dataset/train/images/508795.png,1
dataset/train/images/189335.png,0
dataset/train/images/461805.png,0
dataset/train/images/100739.png,1
dataset/train/images/207929.png,0
dataset/train/images/135606.png,1
dataset/train/images/5572.png,1
dataset/train/images/48863.png,1
dataset/train/images/28377.png,1
dataset/train/images/456501.png,0
dataset/train/images/223039.png,0
dataset/train/images/242141.png,0
dataset/train/images/53861.png,1
dataset/train/images/243883.png,0
dataset/train/images/21787.png,1
dataset/train/images/236584.png,0
dataset/train/images/193671.png,0
dataset/train/images/217465.png,0
dataset/train/images/46624.png,1
dataset/train/images/193889.png,0
dataset/train/images/249815.png,0
dataset/train/images/479659.png,1
dataset/train/images/32191.png,1
dataset/train/images/229603.png,0
dataset/train/images/190268.png,0
dataset/train/images/10933.png,1
dataset/train/images/37221.png,1
dataset/train/images/230642.png,0
dataset/train/images/66835.png,1
dataset/train/images/504731.png,1
dataset/train/images/224497.png,0
dataset/train/images/151380.png,1
dataset/train/images/21271.png,1
dataset/train/images/5230.png,1
dataset/train/images/241254.png,0
dataset/train/images/255191.png,0
dataset/train/images/232518.png,0
dataset/train/images/34985.png,1
dataset/train/images/43684.png,1
dataset/train/images/245690.png,0
dataset/train/images/179689.png,1
dataset/train/images/244191.png,0
dataset/train/images/512640.png,1
dataset/train/images/255767.png,0
dataset/train/images/218781.png,0
dataset/train/images/255656.png,0
dataset/train/images/52101.png,1
dataset/train/images/244243.png,0
dataset/train/images/462742.png,0
dataset/train/images/201497.png,0
dataset/train/images/185977.png,0
dataset/train/images/220387.png,0
dataset/train/images/191889.png,0
dataset/train/images/195903.png,0
dataset/train/images/57314.png,1
dataset/train/images/461668.png,0
dataset/train/images/208286.png,0
dataset/train/images/501809.png,1
dataset/train/images/482275.png,1
dataset/train/images/52499.png,1
dataset/train/images/26490.png,1
dataset/train/images/207245.png,0
dataset/train/images/224434.png,0
dataset/train/images/3514.png,1
dataset/train/images/52952.png,1
dataset/train/images/183828.png,0
dataset/train/images/31906.png,1
dataset/train/images/186835.png,0
dataset/train/images/231698.png,0
dataset/train/images/194917.png,0
dataset/train/images/233361.png,0
dataset/train/images/3865.png,1
dataset/train/images/48593.png,1
dataset/train/images/123880.png,1
dataset/train/images/72348.png,1
dataset/train/images/215228.png,0
dataset/train/images/28859.png,1
dataset/train/images/254998.png,0
dataset/train/images/254889.png,0
dataset/train/images/234113.png,0
dataset/train/images/35594.png,1
dataset/train/images/75609.png,1
dataset/train/images/78839.png,1
dataset/train/images/73611.png,1
dataset/train/images/64498.png,1
dataset/train/images/241694.png,0
dataset/train/images/228968.png,0
dataset/train/images/213518.png,0
dataset/train/images/58135.png,1
dataset/train/images/12121.png,1
dataset/train/images/456293.png,0
dataset/train/images/456009.png,0
dataset/train/images/47147.png,1
dataset/train/images/232948.png,0
dataset/train/images/513030.png,1
dataset/train/images/183998.png,0
dataset/train/images/16906.png,1
dataset/train/images/16908.png,1
dataset/train/images/202174.png,0
dataset/train/images/201819.png,0
dataset/train/images/165955.png,1
dataset/train/images/506496.png,1
dataset/train/images/4716.png,1
dataset/train/images/460858.png,0
dataset/train/images/217371.png,0
dataset/train/images/7117.png,1
dataset/train/images/172122.png,1
dataset/train/images/38062.png,1
dataset/train/images/249247.png,0
dataset/train/images/60381.png,1
dataset/train/images/197143.png,0
dataset/train/images/246630.png,0
dataset/train/images/235424.png,0
dataset/train/images/63149.png,1
dataset/train/images/131622.png,1
dataset/train/images/205234.png,0
dataset/train/images/231184.png,0
dataset/train/images/187591.png,0
dataset/train/images/65182.png,1
dataset/train/images/507501.png,1
dataset/train/images/249836.png,0
dataset/train/images/215282.png,0
dataset/train/images/96107.png,1
dataset/train/images/61591.png,1
dataset/train/images/250033.png,0
dataset/train/images/24936.png,1
dataset/train/images/460228.png,0
dataset/train/images/189667.png,0
dataset/train/images/236317.png,0
dataset/train/images/185976.png,0
dataset/train/images/101530.png,1
dataset/train/images/194858.png,0
dataset/train/images/29993.png,1
dataset/train/images/212863.png,0
dataset/train/images/239216.png,0
dataset/train/images/499138.png,1
dataset/train/images/221271.png,0
dataset/train/images/464483.png,0
dataset/train/images/109768.png,1
dataset/train/images/221503.png,0
dataset/train/images/507366.png,1
dataset/train/images/51359.png,1
dataset/train/images/50080.png,1
dataset/train/images/465337.png,0
dataset/train/images/242487.png,0
dataset/train/images/184412.png,0
dataset/train/images/223600.png,0
dataset/train/images/39541.png,1
dataset/train/images/332441.png,1
dataset/train/images/19259.png,1
dataset/train/images/513306.png,1
dataset/train/images/204928.png,0
dataset/train/images/204028.png,0
dataset/train/images/229875.png,0
dataset/train/images/57422.png,1
dataset/train/images/4914.png,1
dataset/train/images/223664.png,0
dataset/train/images/8104.png,1
dataset/train/images/508992.png,1
dataset/train/images/230104.png,0
dataset/train/images/18965.png,1
dataset/train/images/275562.png,1
dataset/train/images/514065.png,1
dataset/train/images/475764.png,1
dataset/train/images/482260.png,1
dataset/train/images/34808.png,1
dataset/train/images/458642.png,0
dataset/train/images/250109.png,0
dataset/train/images/238621.png,0
dataset/train/images/221769.png,0
dataset/train/images/253864.png,0
dataset/train/images/461829.png,0
dataset/train/images/235637.png,0
dataset/train/images/248977.png,0
dataset/train/images/66344.png,1
dataset/train/images/191832.png,0
dataset/train/images/222755.png,0
dataset/train/images/475338.png,1
dataset/train/images/111651.png,1
dataset/train/images/112362.png,1
dataset/train/images/218532.png,0
dataset/train/images/20700.png,1
dataset/train/images/231281.png,0
dataset/train/images/456108.png,0
dataset/train/images/112749.png,1
dataset/train/images/251869.png,0
dataset/train/images/252327.png,0
dataset/train/images/133584.png,1
dataset/train/images/198030.png,0
dataset/train/images/226795.png,0
dataset/train/images/51007.png,1
dataset/train/images/240991.png,0
dataset/train/images/48548.png,1
dataset/train/images/218377.png,0
dataset/train/images/39113.png,1
dataset/train/images/502275.png,1
dataset/train/images/34377.png,1
dataset/train/images/49223.png,1
dataset/train/images/466041.png,0
dataset/train/images/458830.png,0
dataset/train/images/17907.png,1
dataset/train/images/14564.png,1
dataset/train/images/59070.png,1
dataset/train/images/196327.png,0
dataset/train/images/25589.png,1
dataset/train/images/251683.png,0
dataset/train/images/464150.png,0
dataset/train/images/7390.png,1
dataset/train/images/396674.png,1
dataset/train/images/191082.png,0
dataset/train/images/26791.png,1
dataset/train/images/191471.png,0
dataset/train/images/192402.png,0
dataset/train/images/513644.png,1
dataset/train/images/221977.png,0
dataset/train/images/107537.png,1
dataset/train/images/89405.png,1
dataset/train/images/242291.png,0
dataset/train/images/247711.png,0
dataset/train/images/244859.png,0
dataset/train/images/455588.png,0
dataset/train/images/235834.png,0
dataset/train/images/463754.png,0
dataset/train/images/229590.png,0
dataset/train/images/220033.png,0
dataset/train/images/216205.png,0
dataset/train/images/96640.png,1
dataset/train/images/188963.png,0
dataset/train/images/197288.png,0
dataset/train/images/193791.png,0
dataset/train/images/10677.png,1
dataset/train/images/480023.png,1
dataset/train/images/16573.png,1
dataset/train/images/210977.png,0
dataset/train/images/186178.png,0
dataset/train/images/228653.png,0
dataset/train/images/32259.png,1
dataset/train/images/455193.png,0
dataset/train/images/201745.png,0
dataset/train/images/458057.png,0
dataset/train/images/456913.png,0
dataset/train/images/3812.png,1
dataset/train/images/31699.png,1
dataset/train/images/87538.png,1
dataset/train/images/204060.png,0
dataset/train/images/462867.png,0
dataset/train/images/238795.png,0
dataset/train/images/183509.png,0
dataset/train/images/183629.png,0
dataset/train/images/206988.png,0
dataset/train/images/83250.png,1
dataset/train/images/209715.png,0
dataset/train/images/246864.png,0
dataset/train/images/190893.png,0
dataset/train/images/8795.png,1
dataset/train/images/43729.png,1
dataset/train/images/243451.png,0
dataset/train/images/265751.png,1
dataset/train/images/38914.png,1
dataset/train/images/256548.png,0
dataset/train/images/234797.png,0
dataset/train/images/188274.png,0
dataset/train/images/53974.png,1
dataset/train/images/183212.png,0
dataset/train/images/200597.png,0
dataset/train/images/101589.png,1
dataset/train/images/51697.png,1
dataset/train/images/20923.png,1
dataset/train/images/250638.png,0
dataset/train/images/28688.png,1
dataset/train/images/215306.png,0
dataset/train/images/224443.png,0
dataset/train/images/212911.png,0
dataset/train/images/246050.png,0
dataset/train/images/479226.png,1
dataset/train/images/179252.png,1
dataset/train/images/466073.png,0
dataset/train/images/23087.png,1
dataset/train/images/496961.png,1
dataset/train/images/237105.png,0
dataset/train/images/16488.png,1
dataset/train/images/23034.png,1
dataset/train/images/61223.png,1
dataset/train/images/48161.png,1
dataset/train/images/195882.png,0
dataset/train/images/200598.png,0
dataset/train/images/201577.png,0
dataset/train/images/18420.png,1
dataset/train/images/195409.png,0
dataset/train/images/3108.png,1
dataset/train/images/221243.png,0
dataset/train/images/433.png,1
dataset/train/images/93578.png,1
dataset/train/images/55023.png,1
dataset/train/images/251319.png,0
dataset/train/images/223727.png,0
dataset/train/images/224940.png,0
dataset/train/images/249521.png,0
dataset/train/images/212075.png,0
dataset/train/images/195705.png,0
dataset/train/images/11250.png,1
dataset/train/images/477609.png,1
dataset/train/images/42907.png,1
dataset/train/images/459311.png,0
dataset/train/images/85834.png,1
dataset/train/images/248373.png,0
dataset/train/images/46734.png,1
dataset/train/images/13358.png,1
dataset/train/images/37553.png,1
dataset/train/images/97317.png,1
dataset/train/images/257024.png,0
dataset/train/images/84525.png,1
dataset/train/images/230997.png,0
dataset/train/images/26942.png,1
dataset/train/images/235031.png,0
dataset/train/images/509843.png,1
dataset/train/images/253200.png,0
dataset/train/images/197415.png,0
dataset/train/images/512623.png,1
dataset/train/images/462957.png,0
dataset/train/images/228592.png,0
dataset/train/images/459181.png,0
dataset/train/images/201299.png,0
dataset/train/images/234217.png,0
dataset/train/images/217383.png,0
dataset/train/images/251675.png,0
dataset/train/images/501020.png,1
dataset/train/images/249509.png,0
dataset/train/images/232877.png,0
dataset/train/images/42977.png,1
dataset/train/images/231175.png,0
dataset/train/images/483014.png,1
dataset/train/images/478365.png,1
dataset/train/images/98361.png,1
dataset/train/images/481165.png,1
dataset/train/images/245620.png,0
dataset/train/images/57329.png,1
dataset/train/images/198166.png,0
dataset/train/images/20862.png,1
dataset/train/images/184929.png,0
dataset/train/images/126867.png,1
dataset/train/images/381484.png,1
dataset/train/images/49660.png,1
dataset/train/images/21530.png,1
dataset/train/images/512116.png,1
dataset/train/images/21008.png,1
dataset/train/images/85108.png,1
dataset/train/images/216061.png,0
dataset/train/images/346806.png,1
dataset/train/images/466015.png,0
dataset/train/images/184915.png,0
dataset/train/images/203893.png,0
dataset/train/images/251132.png,0
dataset/train/images/27044.png,1
dataset/train/images/24318.png,1
dataset/train/images/31151.png,1
dataset/train/images/195486.png,0
dataset/train/images/187229.png,0
dataset/train/images/82709.png,1
dataset/train/images/465289.png,0
dataset/train/images/210926.png,0
dataset/train/images/143231.png,1
dataset/train/images/106032.png,1
dataset/train/images/193259.png,0
dataset/train/images/462131.png,0
dataset/train/images/201971.png,0
dataset/train/images/188237.png,0
dataset/train/images/208066.png,0
dataset/train/images/250769.png,0
dataset/train/images/236974.png,0
dataset/train/images/52424.png,1
dataset/train/images/33738.png,1
dataset/train/images/202003.png,0
dataset/train/images/222257.png,0
dataset/train/images/188699.png,0
dataset/train/images/480410.png,1
dataset/train/images/27879.png,1
dataset/train/images/208368.png,0
dataset/train/images/456645.png,0
dataset/train/images/16307.png,1
dataset/train/images/67022.png,1
dataset/train/images/455944.png,0
dataset/train/images/111587.png,1
dataset/train/images/182813.png,0
dataset/train/images/217965.png,0
dataset/train/images/236611.png,0
dataset/train/images/114928.png,1
dataset/train/images/254833.png,0
dataset/train/images/208787.png,0
dataset/train/images/240285.png,0
dataset/train/images/227270.png,0
dataset/train/images/51690.png,1
dataset/train/images/216376.png,0
dataset/train/images/510027.png,1
dataset/train/images/480425.png,1
dataset/train/images/501723.png,1
dataset/train/images/58425.png,1
dataset/train/images/220684.png,0
dataset/train/images/217008.png,0
dataset/train/images/37493.png,1
dataset/train/images/123941.png,1
dataset/train/images/238272.png,0
dataset/train/images/482907.png,1
dataset/train/images/16877.png,1
dataset/train/images/222872.png,0
dataset/train/images/508109.png,1
dataset/train/images/37010.png,1
dataset/train/images/457044.png,0
dataset/train/images/212345.png,0
dataset/train/images/257071.png,0
dataset/train/images/828.png,1
dataset/train/images/207571.png,0
dataset/train/images/238587.png,0
dataset/train/images/76667.png,1
dataset/train/images/255193.png,0
dataset/train/images/208193.png,0
dataset/train/images/194445.png,0
dataset/train/images/208963.png,0
dataset/train/images/223228.png,0
dataset/train/images/505200.png,1
dataset/train/images/214100.png,0
dataset/train/images/80285.png,1
dataset/train/images/478481.png,1
dataset/train/images/82067.png,1
dataset/train/images/41762.png,1
dataset/train/images/310015.png,1
dataset/train/images/496592.png,1
dataset/train/images/217628.png,0
dataset/train/images/13189.png,1
dataset/train/images/105140.png,1
dataset/train/images/18921.png,1
dataset/train/images/10.png,1
dataset/train/images/206231.png,0
dataset/train/images/199525.png,0
dataset/train/images/234495.png,0
dataset/train/images/504218.png,1
dataset/train/images/246207.png,0
dataset/train/images/31684.png,1
dataset/train/images/223520.png,0
dataset/train/images/48419.png,1
dataset/train/images/86962.png,1
dataset/train/images/51854.png,1
dataset/train/images/477154.png,1
dataset/train/images/10147.png,1
dataset/train/images/241808.png,0
dataset/train/images/27558.png,1
dataset/train/images/191447.png,0
dataset/train/images/206426.png,0
dataset/train/images/226951.png,0
dataset/train/images/245245.png,0
dataset/train/images/48273.png,1
dataset/train/images/186886.png,0
dataset/train/images/476100.png,1
dataset/train/images/204772.png,0
dataset/train/images/232718.png,0
dataset/train/images/49787.png,1
dataset/train/images/235194.png,0
dataset/train/images/53570.png,1
dataset/train/images/83648.png,1
dataset/train/images/239339.png,0
dataset/train/images/215052.png,0
dataset/train/images/500554.png,1
dataset/train/images/512521.png,1
dataset/train/images/213624.png,0
dataset/train/images/249632.png,0
dataset/train/images/186561.png,0
dataset/train/images/250171.png,0
dataset/train/images/232627.png,0
dataset/train/images/20645.png,1
dataset/train/images/513036.png,1
dataset/train/images/42146.png,1
dataset/train/images/222661.png,0
dataset/train/images/512827.png,1
dataset/train/images/215985.png,0
dataset/train/images/501290.png,1
dataset/train/images/230431.png,0
dataset/train/images/188982.png,0
dataset/train/images/211507.png,0
dataset/train/images/464169.png,0
dataset/train/images/478097.png,1
dataset/train/images/223913.png,0
dataset/train/images/242631.png,0
dataset/train/images/92122.png,1
dataset/train/images/100.png,1
dataset/train/images/136801.png,1
dataset/train/images/23477.png,1
dataset/train/images/117296.png,1
dataset/train/images/12829.png,1
dataset/train/images/56410.png,1
dataset/train/images/200637.png,0
dataset/train/images/250546.png,0
dataset/train/images/189037.png,0
dataset/train/images/255857.png,0
dataset/train/images/11828.png,1
dataset/train/images/187565.png,0
dataset/train/images/11317.png,1
dataset/train/images/241874.png,0
dataset/train/images/216124.png,0
dataset/train/images/73435.png,1
dataset/train/images/43804.png,1
dataset/train/images/149091.png,1
dataset/train/images/41198.png,1
dataset/train/images/39642.png,1
dataset/train/images/257309.png,0
dataset/train/images/20668.png,1
dataset/train/images/195165.png,0
dataset/train/images/183949.png,0
dataset/train/images/218403.png,0
dataset/train/images/213928.png,0
dataset/train/images/45502.png,1
dataset/train/images/215134.png,0
dataset/train/images/457696.png,0
dataset/train/images/464949.png,0
dataset/train/images/209979.png,0
dataset/train/images/510481.png,1
dataset/train/images/29959.png,1
dataset/train/images/465686.png,0
dataset/train/images/28513.png,1
dataset/train/images/247304.png,0
dataset/train/images/496653.png,1
dataset/train/images/235744.png,0
dataset/train/images/143457.png,1
dataset/train/images/13368.png,1
dataset/train/images/201378.png,0
dataset/train/images/166319.png,1
dataset/train/images/225951.png,0
dataset/train/images/465888.png,0
dataset/train/images/8046.png,1
dataset/train/images/460146.png,0
dataset/train/images/15148.png,1
dataset/train/images/185712.png,0
dataset/train/images/49388.png,1
dataset/train/images/220496.png,0
dataset/train/images/11966.png,1
dataset/train/images/21132.png,1
dataset/train/images/219752.png,0
dataset/train/images/501855.png,1
dataset/train/images/63822.png,1
dataset/train/images/221058.png,0
dataset/train/images/221440.png,0
dataset/train/images/200200.png,0
dataset/train/images/466329.png,0
dataset/train/images/480893.png,1
dataset/train/images/219655.png,0
dataset/train/images/215942.png,0
dataset/train/images/458403.png,0
dataset/train/images/229360.png,0
dataset/train/images/227969.png,0
dataset/train/images/479116.png,1
dataset/train/images/253430.png,0
dataset/train/images/62415.png,1
dataset/train/images/224016.png,0
dataset/train/images/64982.png,1
dataset/train/images/479499.png,1
dataset/train/images/190203.png,0
dataset/train/images/245749.png,0
dataset/train/images/250469.png,0
dataset/train/images/4540.png,1
dataset/train/images/62601.png,1
dataset/train/images/34208.png,1
dataset/train/images/371365.png,1
dataset/train/images/1614.png,1
dataset/train/images/217255.png,0
dataset/train/images/990.png,1
dataset/train/images/206499.png,0
dataset/train/images/217992.png,0
dataset/train/images/83551.png,1
dataset/train/images/233003.png,0
dataset/train/images/224471.png,0
dataset/train/images/231955.png,0
dataset/train/images/231371.png,0
dataset/train/images/505955.png,1
dataset/train/images/256299.png,0
dataset/train/images/57974.png,1
dataset/train/images/457725.png,0
dataset/train/images/41419.png,1
dataset/train/images/242208.png,0
dataset/train/images/222085.png,0
dataset/train/images/54118.png,1
dataset/train/images/462179.png,0
dataset/train/images/186990.png,0
dataset/train/images/217461.png,0
dataset/train/images/29258.png,1
dataset/train/images/41814.png,1
dataset/train/images/44315.png,1
dataset/train/images/201075.png,0
dataset/train/images/233008.png,0
dataset/train/images/212728.png,0
dataset/train/images/101050.png,1
dataset/train/images/99666.png,1
dataset/train/images/52049.png,1
dataset/train/images/19676.png,1
dataset/train/images/211807.png,0
dataset/train/images/47797.png,1
dataset/train/images/482863.png,1
dataset/train/images/505506.png,1
dataset/train/images/240939.png,0
dataset/train/images/10777.png,1
dataset/train/images/252835.png,0
dataset/train/images/219922.png,0
dataset/train/images/219882.png,0
dataset/train/images/505582.png,1
dataset/train/images/60168.png,1
dataset/train/images/64076.png,1
dataset/train/images/205191.png,0
dataset/train/images/31576.png,1
dataset/train/images/46621.png,1
dataset/train/images/59505.png,1
dataset/train/images/41335.png,1
dataset/train/images/11191.png,1
dataset/train/images/44459.png,1
dataset/train/images/211326.png,0
dataset/train/images/183291.png,0
dataset/train/images/14464.png,1
dataset/train/images/257797.png,0
dataset/train/images/231781.png,0
dataset/train/images/85556.png,1
dataset/train/images/200950.png,0
dataset/train/images/465529.png,0
dataset/train/images/457321.png,0
dataset/train/images/5291.png,1
dataset/train/images/11921.png,1
dataset/train/images/247143.png,0
dataset/train/images/478342.png,1
dataset/train/images/235876.png,0
dataset/train/images/105878.png,1
dataset/train/images/95638.png,1
dataset/train/images/7392.png,1
dataset/train/images/204663.png,0
dataset/train/images/77905.png,1
dataset/train/images/499346.png,1
dataset/train/images/196341.png,0
dataset/train/images/497323.png,1
dataset/train/images/190389.png,0
dataset/train/images/196899.png,0
dataset/train/images/245006.png,0
dataset/train/images/237384.png,0
dataset/train/images/246804.png,0
dataset/train/images/87796.png,1
dataset/train/images/66278.png,1
dataset/train/images/255038.png,0
dataset/train/images/223094.png,0
dataset/train/images/219247.png,0
dataset/train/images/514090.png,1
dataset/train/images/227802.png,0
dataset/train/images/185429.png,0
dataset/train/images/511807.png,1
dataset/train/images/232511.png,0
dataset/train/images/465873.png,0
dataset/train/images/62285.png,1
dataset/train/images/42972.png,1
dataset/train/images/82845.png,1
dataset/train/images/21014.png,1
dataset/train/images/200886.png,0
dataset/train/images/17025.png,1
dataset/train/images/51843.png,1
dataset/train/images/212555.png,0
dataset/train/images/514521.png,1
dataset/train/images/4329.png,1
dataset/train/images/48654.png,1
dataset/train/images/198200.png,0
dataset/train/images/458192.png,0
dataset/train/images/38737.png,1
dataset/train/images/205487.png,0
dataset/train/images/462053.png,0
dataset/train/images/497681.png,1
dataset/train/images/188745.png,0
dataset/train/images/176540.png,1
dataset/train/images/22412.png,1
dataset/train/images/465134.png,0
dataset/train/images/7234.png,1
dataset/train/images/42640.png,1
dataset/train/images/42174.png,1
dataset/train/images/196201.png,0
dataset/train/images/30574.png,1
dataset/train/images/192193.png,0
dataset/train/images/515142.png,1
dataset/train/images/204179.png,0
dataset/train/images/225090.png,0
dataset/train/images/38991.png,1
dataset/train/images/13992.png,1
dataset/train/images/18308.png,1
dataset/train/images/229836.png,0
dataset/train/images/77467.png,1
dataset/train/images/505931.png,1
dataset/train/images/228564.png,0
dataset/train/images/58722.png,1
dataset/train/images/579557.png,1
dataset/train/images/510762.png,1
dataset/train/images/247651.png,0
dataset/train/images/161442.png,1
dataset/train/images/504624.png,1
dataset/train/images/501988.png,1
dataset/train/images/212309.png,0
dataset/train/images/207413.png,0
dataset/train/images/465817.png,0
dataset/train/images/234489.png,0
dataset/train/images/481332.png,1
dataset/train/images/508865.png,1
dataset/train/images/510265.png,1
dataset/train/images/239588.png,0
dataset/train/images/54292.png,1
dataset/train/images/226653.png,0
dataset/train/images/36535.png,1
dataset/train/images/249254.png,0
dataset/train/images/98163.png,1
dataset/train/images/46292.png,1
dataset/train/images/1005.png,1
dataset/train/images/423117.png,1
dataset/train/images/48509.png,1
dataset/train/images/71817.png,1
dataset/train/images/211475.png,0
dataset/train/images/232217.png,0
dataset/train/images/81939.png,1
dataset/train/images/32705.png,1
dataset/train/images/247410.png,0
dataset/train/images/46428.png,1
dataset/train/images/509899.png,1
dataset/train/images/75783.png,1
dataset/train/images/616.png,1
dataset/train/images/188662.png,0
dataset/train/images/218972.png,0
dataset/train/images/501973.png,1
dataset/train/images/511697.png,1
dataset/train/images/17423.png,1
dataset/train/images/253908.png,0
dataset/train/images/52192.png,1
dataset/train/images/124797.png,1
dataset/train/images/183398.png,0
dataset/train/images/213525.png,0
dataset/train/images/60378.png,1
dataset/train/images/508396.png,1
dataset/train/images/74485.png,1
dataset/train/images/208571.png,0
dataset/train/images/500138.png,1
dataset/train/images/193583.png,0
dataset/train/images/465008.png,0
dataset/train/images/461416.png,0
dataset/train/images/10985.png,1
dataset/train/images/69492.png,1
dataset/train/images/222102.png,0
dataset/train/images/229111.png,0
dataset/train/images/46390.png,1
dataset/train/images/502012.png,1
dataset/train/images/458774.png,0
dataset/train/images/463314.png,0
dataset/train/images/222416.png,0
dataset/train/images/82751.png,1
dataset/train/images/508313.png,1
dataset/train/images/37703.png,1
dataset/train/images/4053.png,1
dataset/train/images/38830.png,1
dataset/train/images/466091.png,0
dataset/train/images/214349.png,0
dataset/train/images/99430.png,1
dataset/train/images/22713.png,1
dataset/train/images/38598.png,1
dataset/train/images/197363.png,0
dataset/train/images/195967.png,0
dataset/train/images/27576.png,1
dataset/train/images/475925.png,1
dataset/train/images/199057.png,0
dataset/train/images/212032.png,0
dataset/train/images/38205.png,1
dataset/train/images/228194.png,0
dataset/train/images/158154.png,1
dataset/train/images/32427.png,1
dataset/train/images/24622.png,1
dataset/train/images/224673.png,0
dataset/train/images/123995.png,1
dataset/train/images/217573.png,0
dataset/train/images/505917.png,1
dataset/train/images/29583.png,1
dataset/train/images/31961.png,1
dataset/train/images/238670.png,0
dataset/train/images/226790.png,0
dataset/train/images/209888.png,0
dataset/train/images/221206.png,0
dataset/train/images/206734.png,0
dataset/train/images/38588.png,1
dataset/train/images/183146.png,0
dataset/train/images/249396.png,0
dataset/train/images/8340.png,1
dataset/train/images/47610.png,1
dataset/train/images/27482.png,1
dataset/train/images/237372.png,0
dataset/train/images/238039.png,0
dataset/train/images/505984.png,1
dataset/train/images/90293.png,1
dataset/train/images/503055.png,1
dataset/train/images/2199.png,1
dataset/train/images/191641.png,0
dataset/train/images/216408.png,0
dataset/train/images/42010.png,1
dataset/train/images/62643.png,1
dataset/train/images/192746.png,0
dataset/train/images/159390.png,1
dataset/train/images/45154.png,1
dataset/train/images/455090.png,0
dataset/train/images/50211.png,1
dataset/train/images/243169.png,0
dataset/train/images/242656.png,0
dataset/train/images/216581.png,0
dataset/train/images/201167.png,0
dataset/train/images/7152.png,1
dataset/train/images/224828.png,0
dataset/train/images/28008.png,1
dataset/train/images/256653.png,0
dataset/train/images/37794.png,1
dataset/train/images/61765.png,1
dataset/train/images/51153.png,1
dataset/train/images/192038.png,0
dataset/train/images/504855.png,1
dataset/train/images/201204.png,0
dataset/train/images/25008.png,1
dataset/train/images/464293.png,0
dataset/train/images/5721.png,1
dataset/train/images/222069.png,0
dataset/train/images/192259.png,0
dataset/train/images/194210.png,0
dataset/train/images/496947.png,1
dataset/train/images/194620.png,0
dataset/train/images/9348.png,1
dataset/train/images/458423.png,0
dataset/train/images/204467.png,0
dataset/train/images/36182.png,1
dataset/train/images/24786.png,1
dataset/train/images/57861.png,1
dataset/train/images/458080.png,0
dataset/train/images/195118.png,0
dataset/train/images/507616.png,1
dataset/train/images/515118.png,1
dataset/train/images/183884.png,0
dataset/train/images/135114.png,1
dataset/train/images/480519.png,1
dataset/train/images/217861.png,0
dataset/train/images/194035.png,0
dataset/train/images/56960.png,1
dataset/train/images/230695.png,0
dataset/train/images/13052.png,1
dataset/train/images/188813.png,0
dataset/train/images/6332.png,1
dataset/train/images/480170.png,1
dataset/train/images/57267.png,1
dataset/train/images/18296.png,1
dataset/train/images/45570.png,1
dataset/train/images/58993.png,1
dataset/train/images/229940.png,0
dataset/train/images/210648.png,0
dataset/train/images/210832.png,0
dataset/train/images/6.png,1
dataset/train/images/230580.png,0
dataset/train/images/251147.png,0
dataset/train/images/41420.png,1
dataset/train/images/232220.png,0
dataset/train/images/241073.png,0
dataset/train/images/104516.png,1
dataset/train/images/234293.png,0
dataset/train/images/224941.png,0
dataset/train/images/19750.png,1
dataset/train/images/512248.png,1
dataset/train/images/240146.png,0
dataset/train/images/214096.png,0
dataset/train/images/248300.png,0
dataset/train/images/10333.png,1
dataset/train/images/21017.png,1
dataset/train/images/133578.png,1
dataset/train/images/241750.png,0
dataset/train/images/58592.png,1
dataset/train/images/49620.png,1
dataset/train/images/184455.png,0
dataset/train/images/247983.png,0
dataset/train/images/240576.png,0
dataset/train/images/220511.png,0
dataset/train/images/508957.png,1
dataset/train/images/497839.png,1
dataset/train/images/197286.png,0
dataset/train/images/233122.png,0
dataset/train/images/190858.png,0
dataset/train/images/206890.png,0
dataset/train/images/196878.png,0
dataset/train/images/507404.png,1
dataset/train/images/108570.png,1
dataset/train/images/24295.png,1
dataset/train/images/320604.png,1
dataset/train/images/3508.png,1
dataset/train/images/193610.png,0
dataset/train/images/219523.png,0
dataset/train/images/249311.png,0
dataset/train/images/498178.png,1
dataset/train/images/252461.png,0
dataset/train/images/33620.png,1
dataset/train/images/50842.png,1
dataset/train/images/504377.png,1
dataset/train/images/196415.png,0
dataset/train/images/483144.png,1
dataset/train/images/32002.png,1
dataset/train/images/234998.png,0
dataset/train/images/478482.png,1
dataset/train/images/224514.png,0
dataset/train/images/175780.png,1
dataset/train/images/463666.png,0
dataset/train/images/458081.png,0
dataset/train/images/23665.png,1
dataset/train/images/16821.png,1
dataset/train/images/55730.png,1
dataset/train/images/99976.png,1
dataset/train/images/252462.png,0
dataset/train/images/203105.png,0
dataset/train/images/38114.png,1
dataset/train/images/25252.png,1
dataset/train/images/224643.png,0
dataset/train/images/455567.png,0
dataset/train/images/254683.png,0
dataset/train/images/510850.png,1
dataset/train/images/497972.png,1
dataset/train/images/229009.png,0
dataset/train/images/225131.png,0
dataset/train/images/253298.png,0
dataset/train/images/114514.png,1
dataset/train/images/229240.png,0
dataset/train/images/196935.png,0
dataset/train/images/229981.png,0
dataset/train/images/189330.png,0
dataset/train/images/497118.png,1
dataset/train/images/5621.png,1
dataset/train/images/256217.png,0
dataset/train/images/5631.png,1
dataset/train/images/13670.png,1
dataset/train/images/183860.png,0
dataset/train/images/512110.png,1
dataset/train/images/195419.png,0
dataset/train/images/249325.png,0
dataset/train/images/236838.png,0
dataset/train/images/461391.png,0
dataset/train/images/459860.png,0
dataset/train/images/252791.png,0
dataset/train/images/502780.png,1
dataset/train/images/502679.png,1
dataset/train/images/82006.png,1
dataset/train/images/53558.png,1
dataset/train/images/251235.png,0
dataset/train/images/60670.png,1
dataset/train/images/183157.png,0
dataset/train/images/107524.png,1
dataset/train/images/508104.png,1
dataset/train/images/216659.png,0
dataset/train/images/253727.png,0
dataset/train/images/461798.png,0
dataset/train/images/232372.png,0
dataset/train/images/18986.png,1
dataset/train/images/9933.png,1
dataset/train/images/214781.png,0
dataset/train/images/249.png,1
dataset/train/images/496785.png,1
dataset/train/images/195058.png,0
dataset/train/images/497532.png,1
dataset/train/images/34918.png,1
dataset/train/images/136944.png,1
dataset/train/images/16984.png,1
dataset/train/images/205183.png,0
dataset/train/images/4010.png,1
dataset/train/images/475746.png,1
dataset/train/images/54149.png,1
dataset/train/images/77972.png,1
dataset/train/images/183905.png,0
dataset/train/images/235454.png,0
dataset/train/images/185871.png,0
dataset/train/images/3756.png,1
dataset/train/images/229282.png,0
dataset/train/images/252081.png,0
dataset/train/images/464220.png,0
dataset/train/images/476205.png,1
dataset/train/images/24650.png,1
dataset/train/images/45662.png,1
dataset/train/images/512980.png,1
dataset/train/images/197142.png,0
dataset/train/images/42242.png,1
dataset/train/images/40559.png,1
dataset/train/images/52304.png,1
dataset/train/images/228973.png,0
dataset/train/images/66294.png,1
dataset/train/images/12362.png,1
dataset/train/images/55811.png,1
dataset/train/images/96536.png,1
dataset/train/images/200248.png,0
dataset/train/images/504822.png,1
dataset/train/images/212354.png,0
dataset/train/images/216261.png,0
dataset/train/images/18679.png,1
dataset/train/images/218940.png,0
dataset/train/images/512424.png,1
dataset/train/images/240578.png,0
dataset/train/images/166418.png,1
dataset/train/images/40851.png,1
dataset/train/images/151637.png,1
dataset/train/images/506270.png,1
dataset/train/images/194560.png,0
dataset/train/images/43826.png,1
dataset/train/images/27526.png,1
dataset/train/images/192384.png,0
dataset/train/images/230689.png,0
dataset/train/images/16020.png,1
dataset/train/images/514154.png,1
dataset/train/images/13434.png,1
dataset/train/images/209021.png,0
dataset/train/images/455383.png,0
dataset/train/images/506585.png,1
dataset/train/images/216280.png,0
dataset/train/images/16443.png,1
dataset/train/images/239369.png,0
dataset/train/images/456737.png,0
dataset/train/images/219996.png,0
dataset/train/images/458779.png,0
dataset/train/images/11314.png,1
dataset/train/images/55415.png,1
dataset/train/images/23412.png,1
dataset/train/images/9541.png,1
dataset/train/images/248646.png,0
dataset/train/images/209005.png,0
dataset/train/images/237850.png,0
dataset/train/images/214453.png,0
dataset/train/images/254964.png,0
dataset/train/images/8431.png,1
dataset/train/images/229712.png,0
dataset/train/images/184832.png,0
dataset/train/images/191372.png,0
dataset/train/images/219991.png,0
dataset/train/images/242081.png,0
dataset/train/images/40582.png,1
dataset/train/images/204627.png,0
dataset/train/images/26222.png,1
dataset/train/images/463625.png,0
dataset/train/images/99683.png,1
dataset/train/images/38367.png,1
dataset/train/images/461509.png,0
dataset/train/images/38495.png,1
dataset/train/images/256918.png,0
dataset/train/images/228357.png,0
dataset/train/images/245448.png,0
dataset/train/images/46849.png,1
dataset/train/images/249212.png,0
dataset/train/images/72537.png,1
dataset/train/images/192036.png,0
dataset/train/images/104410.png,1
dataset/train/images/29857.png,1
dataset/train/images/231699.png,0
dataset/train/images/476926.png,1
dataset/train/images/217401.png,0
dataset/train/images/229831.png,0
dataset/train/images/376087.png,1
dataset/train/images/54607.png,1
dataset/train/images/248767.png,0
dataset/train/images/221007.png,0
dataset/train/images/461033.png,0
dataset/train/images/184948.png,0
dataset/train/images/61326.png,1
dataset/train/images/52882.png,1
dataset/train/images/498580.png,1
dataset/train/images/104985.png,1
dataset/train/images/199188.png,0
dataset/train/images/506374.png,1
dataset/train/images/58711.png,1
dataset/train/images/480124.png,1
dataset/train/images/249668.png,0
dataset/train/images/71515.png,1
dataset/train/images/11844.png,1
dataset/train/images/267194.png,1
dataset/train/images/44157.png,1
dataset/train/images/245947.png,0
dataset/train/images/31112.png,1
dataset/train/images/508138.png,1
dataset/train/images/26110.png,1
dataset/train/images/475270.png,1
dataset/train/images/98411.png,1
dataset/train/images/49400.png,1
dataset/train/images/30124.png,1
dataset/train/images/192686.png,0
dataset/train/images/229688.png,0
dataset/train/images/240608.png,0
dataset/train/images/186140.png,0
dataset/train/images/774.png,1
dataset/train/images/225022.png,0
dataset/train/images/195100.png,0
dataset/train/images/465636.png,0
dataset/train/images/240368.png,0
dataset/train/images/73343.png,1
dataset/train/images/6282.png,1
dataset/train/images/249354.png,0
dataset/train/images/236668.png,0
dataset/train/images/201435.png,0
dataset/train/images/88341.png,1
dataset/train/images/187465.png,0
dataset/train/images/256748.png,0
dataset/train/images/510807.png,1
dataset/train/images/199781.png,0
dataset/train/images/191157.png,0
dataset/train/images/204295.png,0
dataset/train/images/508491.png,1
dataset/train/images/243572.png,0
dataset/train/images/33300.png,1
dataset/train/images/462337.png,0
dataset/train/images/200855.png,0
dataset/train/images/464139.png,0
dataset/train/images/222167.png,0
dataset/train/images/257528.png,0
dataset/train/images/458575.png,0
dataset/train/images/254429.png,0
dataset/train/images/25080.png,1
dataset/train/images/505290.png,1
dataset/train/images/103743.png,1
dataset/train/images/502625.png,1
dataset/train/images/25328.png,1
dataset/train/images/214355.png,0
dataset/train/images/21838.png,1
dataset/train/images/256736.png,0
dataset/train/images/479204.png,1
dataset/train/images/84279.png,1
dataset/train/images/255336.png,0
dataset/train/images/10286.png,1
dataset/train/images/243330.png,0
dataset/train/images/463617.png,0
dataset/train/images/255053.png,0
dataset/train/images/203578.png,0
dataset/train/images/248106.png,0
dataset/train/images/251463.png,0
dataset/train/images/514859.png,1
dataset/train/images/206869.png,0
dataset/train/images/462078.png,0
dataset/train/images/465436.png,0
dataset/train/images/52313.png,1
dataset/train/images/243331.png,0
dataset/train/images/239905.png,0
dataset/train/images/185306.png,0
dataset/train/images/55373.png,1
dataset/train/images/10976.png,1
dataset/train/images/248883.png,0
dataset/train/images/49922.png,1
dataset/train/images/509446.png,1
dataset/train/images/52861.png,1
dataset/train/images/197492.png,0
dataset/train/images/60276.png,1
dataset/train/images/230757.png,0
dataset/train/images/136400.png,1
dataset/train/images/15970.png,1
dataset/train/images/247837.png,0
dataset/train/images/213057.png,0
dataset/train/images/255014.png,0
dataset/train/images/191997.png,0
dataset/train/images/27768.png,1
dataset/train/images/216547.png,0
dataset/train/images/191692.png,0
dataset/train/images/463322.png,0
dataset/train/images/458130.png,0
dataset/train/images/46516.png,1
dataset/train/images/230497.png,0
dataset/train/images/89169.png,1
dataset/train/images/198730.png,0
dataset/train/images/225952.png,0
dataset/train/images/33177.png,1
dataset/train/images/74860.png,1
dataset/train/images/80758.png,1
dataset/train/images/84604.png,1
dataset/train/images/477856.png,1
dataset/train/images/28727.png,1
dataset/train/images/35285.png,1
dataset/train/images/229768.png,0
dataset/train/images/189630.png,0
dataset/train/images/246524.png,0
dataset/train/images/244810.png,0
dataset/train/images/333949.png,1
dataset/train/images/223754.png,0
dataset/train/images/51942.png,1
dataset/train/images/202759.png,0
dataset/train/images/233111.png,0
dataset/train/images/195609.png,0
dataset/train/images/509037.png,1
dataset/train/images/238441.png,0
dataset/train/images/19278.png,1
dataset/train/images/24069.png,1
dataset/train/images/460840.png,0
dataset/train/images/247857.png,0
dataset/train/images/60258.png,1
dataset/train/images/65718.png,1
dataset/train/images/502842.png,1
dataset/train/images/82350.png,1
dataset/train/images/99030.png,1
dataset/train/images/508680.png,1
dataset/train/images/507114.png,1
dataset/train/images/195893.png,0
dataset/train/images/250754.png,0
dataset/train/images/380813.png,1
dataset/train/images/84482.png,1
dataset/train/images/48234.png,1
dataset/train/images/226931.png,0
dataset/train/images/458485.png,0
dataset/train/images/38994.png,1
dataset/train/images/199959.png,0
dataset/train/images/21506.png,1
dataset/train/images/33441.png,1
dataset/train/images/331446.png,1
dataset/train/images/455727.png,0
dataset/train/images/183109.png,0
dataset/train/images/507784.png,1
dataset/train/images/212802.png,0
dataset/train/images/51378.png,1
dataset/train/images/186154.png,0
dataset/train/images/212361.png,0
dataset/train/images/239397.png,0
dataset/train/images/240919.png,0
dataset/train/images/85939.png,1
dataset/train/images/232587.png,0
dataset/train/images/187049.png,0
dataset/train/images/206927.png,0
dataset/train/images/211872.png,0
dataset/train/images/190900.png,0
dataset/train/images/475734.png,1
dataset/train/images/251863.png,0
dataset/train/images/250173.png,0
dataset/train/images/40770.png,1
dataset/train/images/186034.png,0
dataset/train/images/28881.png,1
dataset/train/images/267681.png,1
dataset/train/images/509839.png,1
dataset/train/images/612220.png,1
dataset/train/images/218199.png,0
dataset/train/images/219054.png,0
dataset/train/images/60130.png,1
dataset/train/images/187453.png,0
dataset/train/images/49364.png,1
dataset/train/images/241023.png,0
dataset/train/images/194813.png,0
dataset/train/images/240105.png,0
dataset/train/images/247515.png,0
dataset/train/images/226113.png,0
dataset/train/images/24985.png,1
dataset/train/images/47374.png,1
dataset/train/images/205052.png,0
dataset/train/images/26238.png,1
dataset/train/images/35493.png,1
dataset/train/images/16109.png,1
dataset/train/images/243158.png,0
dataset/train/images/80631.png,1
dataset/train/images/238891.png,0
dataset/train/images/32337.png,1
dataset/train/images/87381.png,1
dataset/train/images/48912.png,1
dataset/train/images/48243.png,1
dataset/train/images/237522.png,0
dataset/train/images/505704.png,1
dataset/train/images/36884.png,1
dataset/train/images/241861.png,0
dataset/train/images/458116.png,0
dataset/train/images/225309.png,0
dataset/train/images/198411.png,0
dataset/train/images/229086.png,0
dataset/train/images/189334.png,0
dataset/train/images/187848.png,0
dataset/train/images/483287.png,1
dataset/train/images/64754.png,1
dataset/train/images/479310.png,1
dataset/train/images/40942.png,1
dataset/train/images/217507.png,0
dataset/train/images/7359.png,1
dataset/train/images/237631.png,0
dataset/train/images/60766.png,1
dataset/train/images/11604.png,1
dataset/train/images/53329.png,1
dataset/train/images/6915.png,1
dataset/train/images/252285.png,0
dataset/train/images/38652.png,1
dataset/train/images/188396.png,0
dataset/train/images/245242.png,0
dataset/train/images/242891.png,0
dataset/train/images/194685.png,0
dataset/train/images/505179.png,1
dataset/train/images/239782.png,0
dataset/train/images/64798.png,1
dataset/train/images/232085.png,0
dataset/train/images/90023.png,1
dataset/train/images/234357.png,0
dataset/train/images/250452.png,0
dataset/train/images/502219.png,1
dataset/train/images/98552.png,1
dataset/train/images/501965.png,1
dataset/train/images/201608.png,0
dataset/train/images/241214.png,0
dataset/train/images/225825.png,0
dataset/train/images/459580.png,0
dataset/train/images/247267.png,0
dataset/train/images/24539.png,1
dataset/train/images/54748.png,1
dataset/train/images/113852.png,1
dataset/train/images/962.png,1
dataset/train/images/507849.png,1
dataset/train/images/48512.png,1
dataset/train/images/248730.png,0
dataset/train/images/194021.png,0
dataset/train/images/18034.png,1
dataset/train/images/57316.png,1
dataset/train/images/253288.png,0
dataset/train/images/10305.png,1
dataset/train/images/41184.png,1
dataset/train/images/129998.png,1
dataset/train/images/64481.png,1
dataset/train/images/46043.png,1
dataset/train/images/479943.png,1
dataset/train/images/48704.png,1
dataset/train/images/326803.png,1
dataset/train/images/186589.png,0
dataset/train/images/460680.png,0
dataset/train/images/192386.png,0
dataset/train/images/34823.png,1
dataset/train/images/511707.png,1
dataset/train/images/247352.png,0
dataset/train/images/503241.png,1
dataset/train/images/25396.png,1
dataset/train/images/197111.png,0
dataset/train/images/190758.png,0
dataset/train/images/4570.png,1
dataset/train/images/249416.png,0
dataset/train/images/249261.png,0
dataset/train/images/54479.png,1
dataset/train/images/227362.png,0
dataset/train/images/245532.png,0
dataset/train/images/234294.png,0
dataset/train/images/26319.png,1
dataset/train/images/189243.png,0
dataset/train/images/227971.png,0
dataset/train/images/56721.png,1
dataset/train/images/253098.png,0
dataset/train/images/20599.png,1
dataset/train/images/481482.png,1
dataset/train/images/60970.png,1
dataset/train/images/255991.png,0
dataset/train/images/246111.png,0
dataset/train/images/199441.png,0
dataset/train/images/27413.png,1
dataset/train/images/193532.png,0
dataset/train/images/511957.png,1
dataset/train/images/222065.png,0
dataset/train/images/466138.png,0
dataset/train/images/497435.png,1
dataset/train/images/70659.png,1
dataset/train/images/257315.png,0
dataset/train/images/38338.png,1
dataset/train/images/5595.png,1
dataset/train/images/462157.png,0
dataset/train/images/509931.png,1
dataset/train/images/513455.png,1
dataset/train/images/504670.png,1
dataset/train/images/26820.png,1
dataset/train/images/211772.png,0
dataset/train/images/228831.png,0
dataset/train/images/212705.png,0
dataset/train/images/246258.png,0
dataset/train/images/192134.png,0
dataset/train/images/203865.png,0
dataset/train/images/220661.png,0
dataset/train/images/236916.png,0
dataset/train/images/6824.png,1
dataset/train/images/201456.png,0
dataset/train/images/256882.png,0
dataset/train/images/237199.png,0
dataset/train/images/239846.png,0
dataset/train/images/214629.png,0
dataset/train/images/503613.png,1
dataset/train/images/244852.png,0
dataset/train/images/237924.png,0
dataset/train/images/26329.png,1
dataset/train/images/203906.png,0
dataset/train/images/216879.png,0
dataset/train/images/235318.png,0
dataset/train/images/170240.png,1
dataset/train/images/455974.png,0
dataset/train/images/247116.png,0
dataset/train/images/39760.png,1
dataset/train/images/185969.png,0
dataset/train/images/67476.png,1
dataset/train/images/192208.png,0
dataset/train/images/239889.png,0
dataset/train/images/227828.png,0
dataset/train/images/199347.png,0
dataset/train/images/10566.png,1
dataset/train/images/476108.png,1
dataset/train/images/20788.png,1
dataset/train/images/36829.png,1
dataset/train/images/34123.png,1
dataset/train/images/222995.png,0
dataset/train/images/498320.png,1
dataset/train/images/65160.png,1
dataset/train/images/234055.png,0
dataset/train/images/100347.png,1
dataset/train/images/504361.png,1
dataset/train/images/234772.png,0
dataset/train/images/182863.png,0
dataset/train/images/208125.png,0
dataset/train/images/178709.png,1
dataset/train/images/91410.png,1
dataset/train/images/237769.png,0
dataset/train/images/204781.png,0
dataset/train/images/239188.png,0
dataset/train/images/210796.png,0
dataset/train/images/185299.png,0
dataset/train/images/497136.png,1
dataset/train/images/34467.png,1
dataset/train/images/2331.png,1
dataset/train/images/8660.png,1
dataset/train/images/56720.png,1
dataset/train/images/217145.png,0
dataset/train/images/214765.png,0
dataset/train/images/240664.png,0
dataset/train/images/498449.png,1
dataset/train/images/216266.png,0
dataset/train/images/192043.png,0
dataset/train/images/203815.png,0
dataset/train/images/53154.png,1
dataset/train/images/14959.png,1
dataset/train/images/237820.png,0
dataset/train/images/50018.png,1
dataset/train/images/7739.png,1
dataset/train/images/94341.png,1
dataset/train/images/53543.png,1
dataset/train/images/217618.png,0
dataset/train/images/57291.png,1
dataset/train/images/224286.png,0
dataset/train/images/459045.png,0
dataset/train/images/502624.png,1
dataset/train/images/202528.png,0
dataset/train/images/461924.png,0
dataset/train/images/256594.png,0
dataset/train/images/239603.png,0
dataset/train/images/223721.png,0
dataset/train/images/214085.png,0
dataset/train/images/206453.png,0
dataset/train/images/483015.png,1
dataset/train/images/191568.png,0
dataset/train/images/228703.png,0
dataset/train/images/245648.png,0
dataset/train/images/464969.png,0
dataset/train/images/208329.png,0
dataset/train/images/502085.png,1
dataset/train/images/232204.png,0
dataset/train/images/28619.png,1
dataset/train/images/234299.png,0
dataset/train/images/84922.png,1
dataset/train/images/203489.png,0
dataset/train/images/230536.png,0
dataset/train/images/464473.png,0
dataset/train/images/460950.png,0
dataset/train/images/461836.png,0
dataset/train/images/122481.png,1
dataset/train/images/59978.png,1
dataset/train/images/141504.png,1
dataset/train/images/17796.png,1
dataset/train/images/230306.png,0
dataset/train/images/63458.png,1
dataset/train/images/185150.png,0
dataset/train/images/254328.png,0
dataset/train/images/225168.png,0
dataset/train/images/195885.png,0
dataset/train/images/514109.png,1
dataset/train/images/209450.png,0
dataset/train/images/51433.png,1
dataset/train/images/204307.png,0
dataset/train/images/64661.png,1
dataset/train/images/31205.png,1
dataset/train/images/56685.png,1
dataset/train/images/40075.png,1
dataset/train/images/17835.png,1
dataset/train/images/500042.png,1
dataset/train/images/99533.png,1
dataset/train/images/242773.png,0
dataset/train/images/215593.png,0
dataset/train/images/497042.png,1
dataset/train/images/224169.png,0
dataset/train/images/12489.png,1
dataset/train/images/229386.png,0
dataset/train/images/254312.png,0
dataset/train/images/233741.png,0
dataset/train/images/480286.png,1
dataset/train/images/204881.png,0
dataset/train/images/71855.png,1
dataset/train/images/198111.png,0
dataset/train/images/4279.png,1
dataset/train/images/483147.png,1
dataset/train/images/190324.png,0
dataset/train/images/233546.png,0
dataset/train/images/52094.png,1
dataset/train/images/225262.png,0
dataset/train/images/31777.png,1
dataset/train/images/194741.png,0
dataset/train/images/8513.png,1
dataset/train/images/241865.png,0
dataset/train/images/514963.png,1
dataset/train/images/189258.png,0
dataset/train/images/250965.png,0
dataset/train/images/245735.png,0
dataset/train/images/244141.png,0
dataset/train/images/61111.png,1
dataset/train/images/192249.png,0
dataset/train/images/194110.png,0
dataset/train/images/20889.png,1
dataset/train/images/505790.png,1
dataset/train/images/74781.png,1
dataset/train/images/256724.png,0
dataset/train/images/34770.png,1
dataset/train/images/207758.png,0
dataset/train/images/103985.png,1
dataset/train/images/202019.png,0
dataset/train/images/211424.png,0
dataset/train/images/189639.png,0
dataset/train/images/184890.png,0
dataset/train/images/2216.png,1
dataset/train/images/216985.png,0
dataset/train/images/202564.png,0
dataset/train/images/244615.png,0
dataset/train/images/459779.png,0
dataset/train/images/205354.png,0
dataset/train/images/39750.png,1
dataset/train/images/72.png,1
dataset/train/images/460089.png,0
dataset/train/images/250893.png,0
dataset/train/images/17353.png,1
dataset/train/images/192003.png,0
dataset/train/images/27425.png,1
dataset/train/images/46064.png,1
dataset/train/images/97670.png,1
dataset/train/images/98494.png,1
dataset/train/images/37822.png,1
dataset/train/images/47034.png,1
dataset/train/images/48843.png,1
dataset/train/images/218737.png,0
dataset/train/images/23579.png,1
dataset/train/images/50424.png,1
dataset/train/images/68537.png,1
dataset/train/images/366266.png,1
dataset/train/images/227107.png,0
dataset/train/images/9373.png,1
dataset/train/images/239763.png,0
dataset/train/images/6349.png,1
dataset/train/images/242765.png,0
dataset/train/images/45831.png,1
dataset/train/images/114367.png,1
dataset/train/images/225556.png,0
dataset/train/images/10797.png,1
dataset/train/images/222247.png,0
dataset/train/images/367769.png,1
dataset/train/images/505928.png,1
dataset/train/images/479329.png,1
dataset/train/images/256984.png,0
dataset/train/images/228487.png,0
dataset/train/images/220489.png,0
dataset/train/images/32805.png,1
dataset/train/images/30248.png,1
dataset/train/images/505810.png,1
dataset/train/images/242604.png,0
dataset/train/images/460773.png,0
dataset/train/images/194296.png,0
dataset/train/images/52942.png,1
dataset/train/images/235807.png,0
dataset/train/images/228250.png,0
dataset/train/images/221364.png,0
dataset/train/images/10805.png,1
dataset/train/images/72394.png,1
dataset/train/images/10348.png,1
dataset/train/images/228151.png,0
dataset/train/images/189094.png,0
dataset/train/images/50418.png,1
dataset/train/images/27131.png,1
dataset/train/images/246793.png,0
dataset/train/images/113183.png,1
dataset/train/images/464631.png,0
dataset/train/images/244647.png,0
dataset/train/images/214.png,1
dataset/train/images/256498.png,0
dataset/train/images/462930.png,0
dataset/train/images/147976.png,1
dataset/train/images/459010.png,0
dataset/train/images/194754.png,0
dataset/train/images/459152.png,0
dataset/train/images/191315.png,0
dataset/train/images/55346.png,1
dataset/train/images/197107.png,0
dataset/train/images/461917.png,0
dataset/train/images/214245.png,0
dataset/train/images/252356.png,0
dataset/train/images/191615.png,0
dataset/train/images/8286.png,1
dataset/train/images/49833.png,1
dataset/train/images/480867.png,1
dataset/train/images/22546.png,1
dataset/train/images/218378.png,0
dataset/train/images/253598.png,0
dataset/train/images/239944.png,0
dataset/train/images/222404.png,0
dataset/train/images/244021.png,0
dataset/train/images/225046.png,0
dataset/train/images/255309.png,0
dataset/train/images/478623.png,1
dataset/train/images/12790.png,1
dataset/train/images/43138.png,1
dataset/train/images/239931.png,0
dataset/train/images/44256.png,1
dataset/train/images/242560.png,0
dataset/train/images/216738.png,0
dataset/train/images/213160.png,0
dataset/train/images/34651.png,1
dataset/train/images/63122.png,1
dataset/train/images/463846.png,0
dataset/train/images/244687.png,0
dataset/train/images/210862.png,0
dataset/train/images/121361.png,1
dataset/train/images/235666.png,0
dataset/train/images/337721.png,1
dataset/train/images/197778.png,0
dataset/train/images/213075.png,0
dataset/train/images/240595.png,0
dataset/train/images/3714.png,1
dataset/train/images/475281.png,1
dataset/train/images/37263.png,1
dataset/train/images/21746.png,1
dataset/train/images/49119.png,1
dataset/train/images/220369.png,0
dataset/train/images/17822.png,1
dataset/train/images/57197.png,1
dataset/train/images/510480.png,1
dataset/train/images/459283.png,0
dataset/train/images/20317.png,1
dataset/train/images/236923.png,0
dataset/train/images/466162.png,0
dataset/train/images/250729.png,0
dataset/train/images/257538.png,0
dataset/train/images/5144.png,1
dataset/train/images/237786.png,0
dataset/train/images/465467.png,0
dataset/train/images/513528.png,1
dataset/train/images/21125.png,1
dataset/train/images/194588.png,0
dataset/train/images/243862.png,0
dataset/train/images/169907.png,1
dataset/train/images/189799.png,0
dataset/train/images/221586.png,0
dataset/train/images/209201.png,0
dataset/train/images/63820.png,1
dataset/train/images/479268.png,1
dataset/train/images/5809.png,1
dataset/train/images/5890.png,1
dataset/train/images/246641.png,0
dataset/train/images/3378.png,1
dataset/train/images/205554.png,0
dataset/train/images/20484.png,1
dataset/train/images/33339.png,1
dataset/train/images/36639.png,1
dataset/train/images/187822.png,0
dataset/train/images/18216.png,1
dataset/train/images/226891.png,0
dataset/train/images/189523.png,0
dataset/train/images/573.png,1
dataset/train/images/250858.png,0
dataset/train/images/251073.png,0
dataset/train/images/234638.png,0
dataset/train/images/29758.png,1
dataset/train/images/194769.png,0
dataset/train/images/510469.png,1
dataset/train/images/226660.png,0
dataset/train/images/4060.png,1
dataset/train/images/221630.png,0
dataset/train/images/254226.png,0
dataset/train/images/459304.png,0
dataset/train/images/236822.png,0
dataset/train/images/231217.png,0
dataset/train/images/15059.png,1
dataset/train/images/196165.png,0
dataset/train/images/457553.png,0
dataset/train/images/228958.png,0
dataset/train/images/503091.png,1
dataset/train/images/248307.png,0
dataset/train/images/500322.png,1
dataset/train/images/6109.png,1
dataset/train/images/210900.png,0
dataset/train/images/477606.png,1
dataset/train/images/463902.png,0
dataset/train/images/457759.png,0
dataset/train/images/503892.png,1
dataset/train/images/7944.png,1
dataset/train/images/223834.png,0
dataset/train/images/199359.png,0
dataset/train/images/27837.png,1
dataset/train/images/223006.png,0
dataset/train/images/98018.png,1
dataset/train/images/12788.png,1
dataset/train/images/194918.png,0
dataset/train/images/250189.png,0
dataset/train/images/39991.png,1
dataset/train/images/210432.png,0
dataset/train/images/215731.png,0
dataset/train/images/84646.png,1
dataset/train/images/212810.png,0
dataset/train/images/512027.png,1
dataset/train/images/501550.png,1
dataset/train/images/182915.png,0
dataset/train/images/196319.png,0
dataset/train/images/47435.png,1
dataset/train/images/229354.png,0
dataset/train/images/512095.png,1
dataset/train/images/218572.png,0
dataset/train/images/62714.png,1
dataset/train/images/37967.png,1
dataset/train/images/460110.png,0
dataset/train/images/26467.png,1
dataset/train/images/190927.png,0
dataset/train/images/243762.png,0
dataset/train/images/238256.png,0
dataset/train/images/257541.png,0
dataset/train/images/190990.png,0
dataset/train/images/103668.png,1
dataset/train/images/15168.png,1
dataset/train/images/207551.png,0
dataset/train/images/179916.png,1
dataset/train/images/497429.png,1
dataset/train/images/28038.png,1
dataset/train/images/231400.png,0
dataset/train/images/4769.png,1
dataset/train/images/223348.png,0
dataset/train/images/254605.png,0
dataset/train/images/10071.png,1
dataset/train/images/184760.png,0
dataset/train/images/246968.png,0
dataset/train/images/227592.png,0
dataset/train/images/457282.png,0
dataset/train/images/229833.png,0
dataset/train/images/82881.png,1
dataset/train/images/508806.png,1
dataset/train/images/507235.png,1
dataset/train/images/23723.png,1
dataset/train/images/698.png,1
dataset/train/images/504821.png,1
dataset/train/images/12311.png,1
dataset/train/images/2373.png,1
dataset/train/images/224057.png,0
dataset/train/images/244215.png,0
dataset/train/images/507771.png,1
dataset/train/images/33234.png,1
dataset/train/images/192496.png,0
dataset/train/images/228143.png,0
dataset/train/images/219620.png,0
dataset/train/images/35348.png,1
dataset/train/images/32096.png,1
dataset/train/images/461389.png,0
dataset/train/images/253438.png,0
dataset/train/images/183885.png,0
dataset/train/images/497385.png,1
dataset/train/images/462264.png,0
dataset/train/images/3020.png,1
dataset/train/images/257799.png,0
dataset/train/images/239448.png,0
dataset/train/images/477785.png,1
dataset/train/images/9750.png,1
dataset/train/images/12853.png,1
dataset/train/images/71859.png,1
dataset/train/images/41550.png,1
dataset/train/images/200109.png,0
dataset/train/images/244420.png,0
dataset/train/images/13164.png,1
dataset/train/images/455146.png,0
dataset/train/images/204324.png,0
dataset/train/images/256630.png,0
dataset/train/images/61966.png,1
dataset/train/images/137549.png,1
dataset/train/images/476785.png,1
dataset/train/images/16158.png,1
dataset/train/images/206380.png,0
dataset/train/images/8113.png,1
dataset/train/images/59504.png,1
dataset/train/images/218118.png,0
dataset/train/images/227364.png,0
dataset/train/images/231580.png,0
dataset/train/images/247781.png,0
dataset/train/images/194672.png,0
dataset/train/images/250342.png,0
dataset/train/images/229574.png,0
dataset/train/images/217975.png,0
dataset/train/images/242152.png,0
dataset/train/images/216477.png,0
dataset/train/images/184573.png,0
dataset/train/images/11029.png,1
dataset/train/images/66509.png,1
dataset/train/images/246407.png,0
dataset/train/images/218575.png,0
dataset/train/images/213968.png,0
dataset/train/images/205882.png,0
dataset/train/images/186505.png,0
dataset/train/images/391739.png,1
dataset/train/images/23925.png,1
dataset/train/images/193849.png,0
dataset/train/images/228321.png,0
dataset/train/images/187713.png,0
dataset/train/images/47043.png,1
dataset/train/images/499051.png,1
dataset/train/images/201759.png,0
dataset/train/images/199910.png,0
dataset/train/images/59355.png,1
dataset/train/images/250377.png,0
dataset/train/images/56327.png,1
dataset/train/images/246599.png,0
dataset/train/images/217837.png,0
dataset/train/images/248069.png,0
dataset/train/images/204792.png,0
dataset/train/images/201872.png,0
dataset/train/images/94167.png,1
dataset/train/images/183418.png,0
dataset/train/images/223476.png,0
dataset/train/images/22349.png,1
dataset/train/images/476683.png,1
dataset/train/images/17786.png,1
dataset/train/images/255257.png,0
dataset/train/images/61547.png,1
dataset/train/images/482872.png,1
dataset/train/images/249391.png,0
dataset/train/images/33593.png,1
dataset/train/images/111924.png,1
dataset/train/images/200845.png,0
dataset/train/images/43250.png,1
dataset/train/images/249384.png,0
dataset/train/images/1659.png,1
dataset/train/images/231744.png,0
dataset/train/images/465326.png,0
dataset/train/images/208760.png,0
dataset/train/images/207322.png,0
dataset/train/images/251180.png,0
dataset/train/images/244623.png,0
dataset/train/images/238004.png,0
dataset/train/images/184987.png,0
dataset/train/images/49367.png,1
dataset/train/images/225778.png,0
dataset/train/images/200865.png,0
dataset/train/images/244379.png,0
dataset/train/images/184885.png,0
dataset/train/images/62091.png,1
dataset/train/images/316996.png,1
dataset/train/images/3599.png,1
dataset/train/images/231059.png,0
dataset/train/images/380852.png,1
dataset/train/images/15680.png,1
dataset/train/images/249446.png,0
dataset/train/images/199414.png,0
dataset/train/images/229165.png,0
dataset/train/images/478738.png,1
dataset/train/images/28474.png,1
dataset/train/images/226809.png,0
dataset/train/images/118398.png,1
dataset/train/images/213039.png,0
dataset/train/images/459250.png,0
dataset/train/images/227834.png,0
dataset/train/images/236975.png,0
dataset/train/images/203619.png,0
dataset/train/images/231289.png,0
dataset/train/images/242832.png,0
dataset/train/images/238455.png,0
dataset/train/images/220957.png,0
dataset/train/images/49841.png,1
dataset/train/images/37554.png,1
dataset/train/images/55618.png,1
dataset/train/images/237055.png,0
dataset/train/images/192592.png,0
dataset/train/images/19311.png,1
dataset/train/images/182770.png,0
dataset/train/images/220740.png,0
dataset/train/images/33766.png,1
dataset/train/images/195611.png,0
dataset/train/images/61102.png,1
dataset/train/images/50194.png,1
dataset/train/images/480635.png,1
dataset/train/images/60716.png,1
dataset/train/images/93526.png,1
dataset/train/images/235395.png,0
dataset/train/images/83049.png,1
dataset/train/images/154422.png,1
dataset/train/images/6315.png,1
dataset/train/images/243914.png,0
dataset/train/images/196514.png,0
dataset/train/images/457048.png,0
dataset/train/images/234186.png,0
dataset/train/images/231961.png,0
dataset/train/images/463767.png,0
dataset/train/images/454859.png,0
dataset/train/images/461442.png,0
dataset/train/images/176372.png,1
dataset/train/images/25792.png,1
dataset/train/images/196581.png,0
dataset/train/images/325497.png,1
dataset/train/images/32735.png,1
dataset/train/images/459632.png,0
dataset/train/images/214851.png,0
dataset/train/images/216329.png,0
dataset/train/images/213017.png,0
dataset/train/images/195716.png,0
dataset/train/images/47431.png,1
dataset/train/images/61528.png,1
dataset/train/images/24523.png,1
dataset/train/images/53698.png,1
dataset/train/images/108475.png,1
dataset/train/images/54145.png,1
dataset/train/images/240138.png,0
dataset/train/images/237844.png,0
dataset/train/images/241139.png,0
dataset/train/images/1558.png,1
dataset/train/images/505207.png,1
dataset/train/images/2014.png,1
dataset/train/images/207556.png,0
dataset/train/images/481169.png,1
dataset/train/images/200687.png,0
dataset/train/images/459800.png,0
dataset/train/images/151545.png,1
dataset/train/images/464421.png,0
dataset/train/images/231031.png,0
dataset/train/images/186243.png,0
dataset/train/images/222881.png,0
dataset/train/images/222261.png,0
dataset/train/images/84501.png,1
dataset/train/images/505692.png,1
dataset/train/images/37303.png,1
dataset/train/images/458619.png,0
dataset/train/images/232761.png,0
dataset/train/images/99629.png,1
dataset/train/images/224886.png,0
dataset/train/images/102261.png,1
dataset/train/images/64934.png,1
dataset/train/images/257337.png,0
dataset/train/images/1834.png,1
dataset/train/images/220801.png,0
dataset/train/images/241013.png,0
dataset/train/images/191462.png,0
dataset/train/images/49374.png,1
dataset/train/images/196449.png,0
dataset/train/images/379025.png,1
dataset/train/images/251013.png,0
dataset/train/images/5582.png,1
dataset/train/images/224549.png,0
dataset/train/images/252792.png,0
dataset/train/images/215976.png,0
dataset/train/images/24884.png,1
dataset/train/images/212859.png,0
dataset/train/images/232012.png,0
dataset/train/images/459135.png,0
dataset/train/images/507999.png,1
dataset/train/images/457899.png,0
dataset/train/images/232568.png,0
dataset/train/images/109920.png,1
dataset/train/images/190007.png,0
dataset/train/images/458335.png,0
dataset/train/images/197009.png,0
dataset/train/images/12456.png,1
dataset/train/images/257194.png,0
dataset/train/images/257336.png,0
dataset/train/images/2834.png,1
dataset/train/images/460121.png,0
dataset/train/images/512921.png,1
dataset/train/images/461435.png,0
dataset/train/images/7689.png,1
dataset/train/images/217979.png,0
dataset/train/images/200058.png,0
dataset/train/images/242969.png,0
dataset/train/images/54319.png,1
dataset/train/images/80722.png,1
dataset/train/images/239594.png,0
dataset/train/images/211841.png,0
dataset/train/images/24595.png,1
dataset/train/images/212243.png,0
dataset/train/images/36059.png,1
dataset/train/images/257017.png,0
dataset/train/images/44563.png,1
dataset/train/images/250051.png,0
dataset/train/images/199112.png,0
dataset/train/images/6980.png,1
dataset/train/images/33576.png,1
dataset/train/images/58537.png,1
dataset/train/images/198299.png,0
dataset/train/images/62803.png,1
dataset/train/images/9556.png,1
dataset/train/images/53396.png,1
dataset/train/images/230063.png,0
dataset/train/images/24895.png,1
dataset/train/images/270228.png,1
dataset/train/images/461179.png,0
dataset/train/images/10686.png,1
dataset/train/images/56438.png,1
dataset/train/images/73438.png,1
dataset/train/images/13072.png,1
dataset/train/images/17176.png,1
dataset/train/images/256300.png,0
dataset/train/images/101531.png,1
dataset/train/images/456994.png,0
dataset/train/images/42569.png,1
dataset/train/images/8193.png,1
dataset/train/images/460046.png,0
dataset/train/images/249769.png,0
dataset/train/images/254944.png,0
dataset/train/images/234964.png,0
dataset/train/images/61343.png,1
dataset/train/images/211224.png,0
dataset/train/images/201171.png,0
dataset/train/images/221618.png,0
dataset/train/images/112564.png,1
dataset/train/images/211337.png,0
dataset/train/images/40775.png,1
dataset/train/images/161553.png,1
dataset/train/images/237955.png,0
dataset/train/images/499625.png,1
dataset/train/images/63403.png,1
dataset/train/images/255617.png,0
dataset/train/images/234424.png,0
dataset/train/images/28717.png,1
dataset/train/images/187500.png,0
dataset/train/images/207314.png,0
dataset/train/images/230978.png,0
dataset/train/images/209569.png,0
dataset/train/images/48728.png,1
dataset/train/images/215700.png,0
dataset/train/images/62676.png,1
dataset/train/images/218867.png,0
dataset/train/images/234403.png,0
dataset/train/images/223231.png,0
dataset/train/images/10855.png,1
dataset/train/images/505586.png,1
dataset/train/images/208667.png,0
dataset/train/images/219652.png,0
dataset/train/images/233476.png,0
dataset/train/images/213959.png,0
dataset/train/images/507121.png,1
dataset/train/images/498021.png,1
dataset/train/images/475195.png,1
dataset/train/images/217940.png,0
dataset/train/images/15479.png,1
dataset/train/images/249040.png,0
dataset/train/images/34810.png,1
dataset/train/images/460989.png,0
dataset/train/images/510843.png,1
dataset/train/images/5930.png,1
dataset/train/images/183781.png,0
dataset/train/images/14210.png,1
dataset/train/images/208717.png,0
dataset/train/images/6891.png,1
dataset/train/images/47452.png,1
dataset/train/images/4672.png,1
dataset/train/images/31505.png,1
dataset/train/images/46513.png,1
dataset/train/images/195665.png,0
dataset/train/images/196724.png,0
dataset/train/images/459449.png,0
dataset/train/images/36080.png,1
dataset/train/images/32617.png,1
dataset/train/images/256482.png,0
dataset/train/images/230895.png,0
dataset/train/images/234117.png,0
dataset/train/images/29878.png,1
dataset/train/images/252291.png,0
dataset/train/images/236322.png,0
dataset/train/images/363161.png,1
dataset/train/images/220025.png,0
dataset/train/images/49659.png,1
dataset/train/images/222408.png,0
dataset/train/images/40938.png,1
dataset/train/images/456148.png,0
dataset/train/images/242859.png,0
dataset/train/images/235354.png,0
dataset/train/images/224339.png,0
dataset/train/images/244144.png,0
dataset/train/images/221673.png,0
dataset/train/images/464145.png,0
dataset/train/images/102033.png,1
dataset/train/images/483187.png,1
dataset/train/images/190750.png,0
dataset/train/images/239638.png,0
dataset/train/images/240297.png,0
dataset/train/images/64071.png,1
dataset/train/images/185351.png,0
dataset/train/images/48103.png,1
dataset/train/images/45527.png,1
dataset/train/images/175256.png,1
dataset/train/images/188539.png,0
dataset/train/images/232695.png,0
dataset/train/images/24348.png,1
dataset/train/images/232564.png,0
dataset/train/images/131500.png,1
dataset/train/images/219912.png,0
dataset/train/images/230204.png,0
dataset/train/images/206601.png,0
dataset/train/images/225864.png,0
dataset/train/images/195789.png,0
dataset/train/images/54517.png,1
dataset/train/images/207427.png,0
dataset/train/images/40546.png,1
dataset/train/images/7064.png,1
dataset/train/images/246700.png,0
dataset/train/images/481364.png,1
dataset/train/images/59323.png,1
dataset/train/images/53875.png,1
dataset/train/images/106397.png,1
dataset/train/images/212924.png,0
dataset/train/images/221275.png,0
dataset/train/images/62883.png,1
dataset/train/images/188776.png,0
dataset/train/images/198833.png,0
dataset/train/images/32302.png,1
dataset/train/images/40664.png,1
dataset/train/images/108739.png,1
dataset/train/images/459448.png,0
dataset/train/images/251670.png,0
dataset/train/images/21164.png,1
dataset/train/images/27335.png,1
dataset/train/images/230752.png,0
dataset/train/images/41175.png,1
dataset/train/images/252361.png,0
dataset/train/images/39950.png,1
dataset/train/images/464339.png,0
dataset/train/images/165124.png,1
dataset/train/images/105975.png,1
dataset/train/images/62466.png,1
dataset/train/images/237600.png,0
dataset/train/images/508831.png,1
dataset/train/images/191243.png,0
dataset/train/images/205443.png,0
dataset/train/images/463391.png,0
dataset/train/images/161620.png,1
dataset/train/images/510191.png,1
dataset/train/images/104487.png,1
dataset/train/images/189048.png,0
dataset/train/images/103110.png,1
dataset/train/images/44797.png,1
dataset/train/images/208412.png,0
dataset/train/images/66144.png,1
dataset/train/images/70150.png,1
dataset/train/images/52491.png,1
dataset/train/images/61963.png,1
dataset/train/images/455870.png,0
dataset/train/images/237773.png,0
dataset/train/images/217699.png,0
dataset/train/images/227968.png,0
dataset/train/images/86616.png,1
dataset/train/images/247842.png,0
dataset/train/images/244744.png,0
dataset/train/images/136468.png,1
dataset/train/images/501511.png,1
dataset/train/images/224520.png,0
dataset/train/images/94231.png,1
dataset/train/images/253319.png,0
dataset/train/images/225828.png,0
dataset/train/images/45220.png,1
dataset/train/images/28987.png,1
dataset/train/images/18736.png,1
dataset/train/images/195592.png,0
dataset/train/images/208083.png,0
dataset/train/images/186027.png,0
dataset/train/images/66416.png,1
dataset/train/images/190672.png,0
dataset/train/images/497116.png,1
dataset/train/images/234105.png,0
dataset/train/images/59881.png,1
dataset/train/images/255025.png,0
dataset/train/images/160796.png,1
dataset/train/images/8905.png,1
dataset/train/images/224958.png,0
dataset/train/images/457851.png,0
dataset/train/images/209670.png,0
dataset/train/images/44055.png,1
dataset/train/images/457772.png,0
dataset/train/images/64261.png,1
dataset/train/images/210247.png,0
dataset/train/images/33443.png,1
dataset/train/images/170651.png,1
dataset/train/images/185597.png,0
dataset/train/images/190200.png,0
dataset/train/images/22693.png,1
dataset/train/images/218472.png,0
dataset/train/images/218629.png,0
dataset/train/images/239979.png,0
dataset/train/images/60011.png,1
dataset/train/images/25920.png,1
dataset/train/images/334099.png,1
dataset/train/images/497541.png,1
dataset/train/images/256734.png,0
dataset/train/images/255032.png,0
dataset/train/images/255564.png,0
dataset/train/images/234142.png,0
dataset/train/images/91607.png,1
dataset/train/images/480992.png,1
dataset/train/images/186343.png,0
dataset/train/images/191978.png,0
dataset/train/images/190846.png,0
dataset/train/images/54821.png,1
dataset/train/images/458056.png,0
dataset/train/images/197573.png,0
dataset/train/images/54757.png,1
dataset/train/images/231343.png,0
dataset/train/images/464778.png,0
dataset/train/images/185886.png,0
dataset/train/images/221342.png,0
dataset/train/images/47581.png,1
dataset/train/images/219345.png,0
dataset/train/images/251515.png,0
dataset/train/images/218198.png,0
dataset/train/images/251062.png,0
dataset/train/images/80642.png,1
dataset/train/images/14318.png,1
dataset/train/images/186047.png,0
dataset/train/images/63052.png,1
dataset/train/images/252038.png,0
dataset/train/images/248477.png,0
dataset/train/images/456582.png,0
dataset/train/images/228274.png,0
dataset/train/images/187301.png,0
dataset/train/images/63232.png,1
dataset/train/images/35284.png,1
dataset/train/images/199141.png,0
dataset/train/images/226998.png,0
dataset/train/images/243838.png,0
dataset/train/images/7751.png,1
dataset/train/images/51454.png,1
dataset/train/images/191100.png,0
dataset/train/images/77276.png,1
dataset/train/images/22885.png,1
dataset/train/images/479873.png,1
dataset/train/images/96179.png,1
dataset/train/images/59694.png,1
dataset/train/images/202065.png,0
dataset/train/images/119723.png,1
dataset/train/images/250814.png,0
dataset/train/images/195000.png,0
dataset/train/images/20490.png,1
dataset/train/images/205635.png,0
dataset/train/images/232428.png,0
dataset/train/images/499221.png,1
dataset/train/images/210156.png,0
dataset/train/images/78214.png,1
dataset/train/images/213751.png,0
dataset/train/images/102985.png,1
dataset/train/images/197889.png,0
dataset/train/images/192707.png,0
dataset/train/images/503190.png,1
dataset/train/images/464408.png,0
dataset/train/images/455862.png,0
dataset/train/images/504964.png,1
dataset/train/images/10629.png,1
dataset/train/images/497369.png,1
dataset/train/images/515017.png,1
dataset/train/images/223765.png,0
dataset/train/images/230079.png,0
dataset/train/images/456649.png,0
dataset/train/images/12826.png,1
dataset/train/images/8103.png,1
dataset/train/images/504221.png,1
dataset/train/images/238260.png,0
dataset/train/images/193129.png,0
dataset/train/images/189133.png,0
dataset/train/images/202552.png,0
dataset/train/images/21110.png,1
dataset/train/images/402332.png,1
dataset/train/images/217792.png,0
dataset/train/images/475611.png,1
dataset/train/images/10034.png,1
dataset/train/images/19879.png,1
dataset/train/images/499269.png,1
dataset/train/images/195044.png,0
dataset/train/images/171370.png,1
dataset/train/images/75403.png,1
dataset/train/images/456909.png,0
dataset/train/images/188709.png,0
dataset/train/images/52342.png,1
dataset/train/images/255833.png,0
dataset/train/images/228839.png,0
dataset/train/images/463133.png,0
dataset/train/images/185227.png,0
dataset/train/images/241048.png,0
dataset/train/images/90169.png,1
dataset/train/images/210367.png,0
dataset/train/images/503378.png,1
dataset/train/images/463465.png,0
dataset/train/images/477002.png,1
dataset/train/images/207215.png,0
dataset/train/images/204431.png,0
dataset/train/images/39998.png,1
dataset/train/images/513038.png,1
dataset/train/images/201368.png,0
dataset/train/images/245717.png,0
dataset/train/images/186206.png,0
dataset/train/images/497445.png,1
dataset/train/images/503305.png,1
dataset/train/images/151187.png,1
dataset/train/images/9848.png,1
dataset/train/images/177461.png,1
dataset/train/images/113412.png,1
dataset/train/images/187425.png,0
dataset/train/images/188656.png,0
dataset/train/images/228339.png,0
dataset/train/images/208582.png,0
dataset/train/images/227930.png,0
dataset/train/images/7848.png,1
dataset/train/images/85822.png,1
dataset/train/images/506812.png,1
dataset/train/images/39501.png,1
dataset/train/images/200407.png,0
dataset/train/images/459627.png,0
dataset/train/images/140998.png,1
dataset/train/images/25524.png,1
dataset/train/images/455433.png,0
dataset/train/images/23429.png,1
dataset/train/images/40395.png,1
dataset/train/images/68560.png,1
dataset/train/images/218474.png,0
dataset/train/images/505885.png,1
dataset/train/images/31959.png,1
dataset/train/images/466318.png,0
dataset/train/images/186312.png,0
dataset/train/images/246328.png,0
dataset/train/images/1393.png,1
dataset/train/images/116049.png,1
dataset/train/images/112488.png,1
dataset/train/images/64471.png,1
dataset/train/images/13938.png,1
dataset/train/images/62564.png,1
dataset/train/images/98114.png,1
dataset/train/images/238823.png,0
dataset/train/images/225651.png,0
dataset/train/images/240095.png,0
dataset/train/images/244390.png,0
dataset/train/images/500747.png,1
dataset/train/images/205738.png,0
dataset/train/images/184421.png,0
dataset/train/images/229043.png,0
dataset/train/images/510478.png,1
dataset/train/images/228771.png,0
dataset/train/images/37290.png,1
dataset/train/images/216703.png,0
dataset/train/images/255780.png,0
dataset/train/images/222236.png,0
dataset/train/images/6331.png,1
dataset/train/images/34581.png,1
dataset/train/images/9269.png,1
dataset/train/images/86418.png,1
dataset/train/images/61538.png,1
dataset/train/images/37936.png,1
dataset/train/images/214766.png,0
dataset/train/images/16873.png,1
dataset/train/images/511161.png,1
dataset/train/images/242713.png,0
dataset/train/images/70744.png,1
dataset/train/images/36211.png,1
dataset/train/images/460657.png,0
dataset/train/images/257346.png,0
dataset/train/images/25493.png,1
dataset/train/images/504636.png,1
dataset/train/images/242183.png,0
dataset/train/images/73155.png,1
dataset/train/images/217119.png,0
dataset/train/images/152641.png,1
dataset/train/images/508196.png,1
dataset/train/images/506584.png,1
dataset/train/images/251906.png,0
dataset/train/images/238331.png,0
dataset/train/images/57819.png,1
dataset/train/images/75468.png,1
dataset/train/images/47217.png,1
dataset/train/images/504831.png,1
dataset/train/images/63377.png,1
dataset/train/images/57685.png,1
dataset/train/images/42438.png,1
dataset/train/images/238640.png,0
dataset/train/images/232227.png,0
dataset/train/images/5565.png,1
dataset/train/images/22737.png,1
dataset/train/images/188222.png,0
dataset/train/images/30576.png,1
dataset/train/images/186596.png,0
dataset/train/images/17847.png,1
dataset/train/images/48473.png,1
dataset/train/images/246428.png,0
dataset/train/images/235033.png,0
dataset/train/images/477640.png,1
dataset/train/images/498359.png,1
dataset/train/images/185331.png,0
dataset/train/images/12354.png,1
dataset/train/images/200859.png,0
dataset/train/images/35917.png,1
dataset/train/images/233781.png,0
dataset/train/images/207151.png,0
dataset/train/images/232918.png,0
dataset/train/images/18208.png,1
dataset/train/images/199275.png,0
dataset/train/images/19576.png,1
dataset/train/images/457432.png,0
dataset/train/images/28835.png,1
dataset/train/images/52513.png,1
dataset/train/images/60.png,1
dataset/train/images/234126.png,0
dataset/train/images/103120.png,1
dataset/train/images/209080.png,0
dataset/train/images/47501.png,1
dataset/train/images/38248.png,1
dataset/train/images/6977.png,1
dataset/train/images/114845.png,1
dataset/train/images/48063.png,1
dataset/train/images/11835.png,1
dataset/train/images/220771.png,0
dataset/train/images/17970.png,1
dataset/train/images/18752.png,1
dataset/train/images/456759.png,0
dataset/train/images/514804.png,1
dataset/train/images/36954.png,1
dataset/train/images/151238.png,1
dataset/train/images/187985.png,0
dataset/train/images/54966.png,1
dataset/train/images/207576.png,0
dataset/train/images/211198.png,0
dataset/train/images/73307.png,1
dataset/train/images/204400.png,0
dataset/train/images/503677.png,1
dataset/train/images/515394.png,1
dataset/train/images/496541.png,1
dataset/train/images/76738.png,1
dataset/train/images/92065.png,1
dataset/train/images/256335.png,0
dataset/train/images/253110.png,0
dataset/train/images/482450.png,1
dataset/train/images/227792.png,0
dataset/train/images/233264.png,0
dataset/train/images/46605.png,1
dataset/train/images/202319.png,0
dataset/train/images/246488.png,0
dataset/train/images/96132.png,1
dataset/train/images/244928.png,0
dataset/train/images/512637.png,1
dataset/train/images/162607.png,1
dataset/train/images/511131.png,1
dataset/train/images/253755.png,0
dataset/train/images/217878.png,0
dataset/train/images/250622.png,0
dataset/train/images/244018.png,0
dataset/train/images/18907.png,1
dataset/train/images/248823.png,0
dataset/train/images/36208.png,1
dataset/train/images/3979.png,1
dataset/train/images/106673.png,1
dataset/train/images/6129.png,1
dataset/train/images/498479.png,1
dataset/train/images/197518.png,0
dataset/train/images/513687.png,1
dataset/train/images/233181.png,0
dataset/train/images/386035.png,1
dataset/train/images/68808.png,1
dataset/train/images/69907.png,1
dataset/train/images/501626.png,1
dataset/train/images/3133.png,1
dataset/train/images/1990.png,1
dataset/train/images/250253.png,0
dataset/train/images/459052.png,0
dataset/train/images/37197.png,1
dataset/train/images/370983.png,1
dataset/train/images/513985.png,1
dataset/train/images/511394.png,1
dataset/train/images/200043.png,0
dataset/train/images/35279.png,1
dataset/train/images/7849.png,1
dataset/train/images/46194.png,1
dataset/train/images/243163.png,0
dataset/train/images/2797.png,1
dataset/train/images/505251.png,1
dataset/train/images/207769.png,0
dataset/train/images/88183.png,1
dataset/train/images/207295.png,0
dataset/train/images/219267.png,0
dataset/train/images/251841.png,0
dataset/train/images/496867.png,1
dataset/train/images/99416.png,1
dataset/train/images/243684.png,0
dataset/train/images/242381.png,0
dataset/train/images/39076.png,1
dataset/train/images/75790.png,1
dataset/train/images/393484.png,1
dataset/train/images/220642.png,0
dataset/train/images/203510.png,0
dataset/train/images/229349.png,0
dataset/train/images/232847.png,0
dataset/train/images/73923.png,1
dataset/train/images/217798.png,0
dataset/train/images/230168.png,0
dataset/train/images/32203.png,1
dataset/train/images/124796.png,1
dataset/train/images/19655.png,1
dataset/train/images/506216.png,1
dataset/train/images/213091.png,0
dataset/train/images/250446.png,0
dataset/train/images/251355.png,0
dataset/train/images/228836.png,0
dataset/train/images/208086.png,0
dataset/train/images/244353.png,0
dataset/train/images/24949.png,1
dataset/train/images/184395.png,0
dataset/train/images/5052.png,1
dataset/train/images/59353.png,1
dataset/train/images/105122.png,1
dataset/train/images/480358.png,1
dataset/train/images/465222.png,0
dataset/train/images/222321.png,0
dataset/train/images/46537.png,1
dataset/train/images/186393.png,0
dataset/train/images/334330.png,1
dataset/train/images/459079.png,0
dataset/train/images/234572.png,0
dataset/train/images/251977.png,0
dataset/train/images/49630.png,1
dataset/train/images/229587.png,0
dataset/train/images/196148.png,0
dataset/train/images/255016.png,0
dataset/train/images/9644.png,1
dataset/train/images/59719.png,1
dataset/train/images/503663.png,1
dataset/train/images/9034.png,1
dataset/train/images/30478.png,1
dataset/train/images/207204.png,0
dataset/train/images/248945.png,0
dataset/train/images/32029.png,1
dataset/train/images/501311.png,1
dataset/train/images/217728.png,0
dataset/train/images/227155.png,0
dataset/train/images/213400.png,0
dataset/train/images/32049.png,1
dataset/train/images/88543.png,1
dataset/train/images/210713.png,0
dataset/train/images/233013.png,0
dataset/train/images/250298.png,0
dataset/train/images/32767.png,1
dataset/train/images/502734.png,1
dataset/train/images/186696.png,0
dataset/train/images/26582.png,1
dataset/train/images/187624.png,0
dataset/train/images/234681.png,0
dataset/train/images/54168.png,1
dataset/train/images/457515.png,0
dataset/train/images/234895.png,0
dataset/train/images/244550.png,0
dataset/train/images/46801.png,1
dataset/train/images/50740.png,1
dataset/train/images/509377.png,1
dataset/train/images/116909.png,1
dataset/train/images/461196.png,0
dataset/train/images/248667.png,0
dataset/train/images/227307.png,0
dataset/train/images/242493.png,0
dataset/train/images/508516.png,1
dataset/train/images/44605.png,1
dataset/train/images/508733.png,1
dataset/train/images/38325.png,1
dataset/train/images/57522.png,1
dataset/train/images/239616.png,0
dataset/train/images/1989.png,1
dataset/train/images/195282.png,0
dataset/train/images/207445.png,0
dataset/train/images/246619.png,0
dataset/train/images/219407.png,0
dataset/train/images/284826.png,1
dataset/train/images/198159.png,0
dataset/train/images/44587.png,1
dataset/train/images/182849.png,0
dataset/train/images/461624.png,0
dataset/train/images/211945.png,0
dataset/train/images/232575.png,0
dataset/train/images/190580.png,0
dataset/train/images/244543.png,0
dataset/train/images/183177.png,0
dataset/train/images/466036.png,0
dataset/train/images/73745.png,1
dataset/train/images/226277.png,0
dataset/train/images/220485.png,0
dataset/train/images/63415.png,1
dataset/train/images/20870.png,1
dataset/train/images/248539.png,0
dataset/train/images/86110.png,1
dataset/train/images/130776.png,1
dataset/train/images/247906.png,0
dataset/train/images/511390.png,1
dataset/train/images/205126.png,0
dataset/train/images/463490.png,0
dataset/train/images/10182.png,1
dataset/train/images/244993.png,0
dataset/train/images/133903.png,1
dataset/train/images/2500.png,1
dataset/train/images/36343.png,1
dataset/train/images/328475.png,1
dataset/train/images/511895.png,1
dataset/train/images/81131.png,1
dataset/train/images/196992.png,0
dataset/train/images/16121.png,1
dataset/train/images/235325.png,0
dataset/train/images/210318.png,0
dataset/train/images/216071.png,0
dataset/train/images/186945.png,0
dataset/train/images/204263.png,0
dataset/train/images/462032.png,0
dataset/train/images/232483.png,0
dataset/train/images/97636.png,1
dataset/train/images/7824.png,1
dataset/train/images/199281.png,0
dataset/train/images/36397.png,1
dataset/train/images/465354.png,0
dataset/train/images/189936.png,0
dataset/train/images/454922.png,0
dataset/train/images/228910.png,0
dataset/train/images/37215.png,1
dataset/train/images/49452.png,1
dataset/train/images/200987.png,0
dataset/train/images/92645.png,1
dataset/train/images/34188.png,1
dataset/train/images/255426.png,0
dataset/train/images/222890.png,0
dataset/train/images/255517.png,0
dataset/train/images/184816.png,0
dataset/train/images/27942.png,1
dataset/train/images/92962.png,1
dataset/train/images/193486.png,0
dataset/train/images/22538.png,1
dataset/train/images/463455.png,0
dataset/train/images/157052.png,1
dataset/train/images/242434.png,0
dataset/train/images/221089.png,0
dataset/train/images/515154.png,1
dataset/train/images/459095.png,0
dataset/train/images/61818.png,1
dataset/train/images/202996.png,0
dataset/train/images/24572.png,1
dataset/train/images/116021.png,1
dataset/train/images/224182.png,0
dataset/train/images/43225.png,1
dataset/train/images/176060.png,1
dataset/train/images/1402.png,1
dataset/train/images/254560.png,0
dataset/train/images/481625.png,1
dataset/train/images/457942.png,0
dataset/train/images/71174.png,1
dataset/train/images/231619.png,0
dataset/train/images/244950.png,0
dataset/train/images/240304.png,0
dataset/train/images/217085.png,0
dataset/train/images/11371.png,1
dataset/train/images/237527.png,0
dataset/train/images/105945.png,1
dataset/train/images/461488.png,0
dataset/train/images/20020.png,1
dataset/train/images/213829.png,0
dataset/train/images/251643.png,0
dataset/train/images/361531.png,1
dataset/train/images/2596.png,1
dataset/train/images/508151.png,1
dataset/train/images/187495.png,0
dataset/train/images/127305.png,1
dataset/train/images/246232.png,0
dataset/train/images/228548.png,0
dataset/train/images/506946.png,1
dataset/train/images/225098.png,0
dataset/train/images/52575.png,1
dataset/train/images/195189.png,0
dataset/train/images/59521.png,1
dataset/train/images/43320.png,1
dataset/train/images/63479.png,1
dataset/train/images/10687.png,1
dataset/train/images/30719.png,1
dataset/train/images/49431.png,1
dataset/train/images/511716.png,1
dataset/train/images/480370.png,1
dataset/train/images/98233.png,1
dataset/train/images/230811.png,0
dataset/train/images/102183.png,1
dataset/train/images/499869.png,1
dataset/train/images/210671.png,0
dataset/train/images/1258.png,1
dataset/train/images/50640.png,1
dataset/train/images/7731.png,1
dataset/train/images/188455.png,0
dataset/train/images/207477.png,0
dataset/train/images/247396.png,0
dataset/train/images/458837.png,0
dataset/train/images/18351.png,1
dataset/train/images/52739.png,1
dataset/train/images/115951.png,1
dataset/train/images/1255.png,1
dataset/train/images/214457.png,0
dataset/train/images/91199.png,1
dataset/train/images/208331.png,0
dataset/train/images/73825.png,1
dataset/train/images/218605.png,0
dataset/train/images/476861.png,1
dataset/train/images/252185.png,0
dataset/train/images/241843.png,0
dataset/train/images/511526.png,1
dataset/train/images/448340.png,1
dataset/train/images/91932.png,1
dataset/train/images/222962.png,0
dataset/train/images/42075.png,1
dataset/train/images/226530.png,0
dataset/train/images/51204.png,1
dataset/train/images/497166.png,1
dataset/train/images/49442.png,1
dataset/train/images/49938.png,1
dataset/train/images/39509.png,1
dataset/train/images/223965.png,0
dataset/train/images/96569.png,1
dataset/train/images/14199.png,1
dataset/train/images/62941.png,1
dataset/train/images/247622.png,0
dataset/train/images/37522.png,1
dataset/train/images/22926.png,1
dataset/train/images/31507.png,1
dataset/train/images/57561.png,1
dataset/train/images/71372.png,1
dataset/train/images/12154.png,1
dataset/train/images/19270.png,1
dataset/train/images/106502.png,1
dataset/train/images/39079.png,1
dataset/train/images/189843.png,0
dataset/train/images/245276.png,0
dataset/train/images/184820.png,0
dataset/train/images/192366.png,0
dataset/train/images/253580.png,0
dataset/train/images/227006.png,0
dataset/train/images/477111.png,1
dataset/train/images/36883.png,1
dataset/train/images/217946.png,0
dataset/train/images/207081.png,0
dataset/train/images/6366.png,1
dataset/train/images/57608.png,1
dataset/train/images/65728.png,1
dataset/train/images/12104.png,1
dataset/train/images/16581.png,1
dataset/train/images/356255.png,1
dataset/train/images/29785.png,1
dataset/train/images/213610.png,0
dataset/train/images/202977.png,0
dataset/train/images/48205.png,1
dataset/train/images/226005.png,0
dataset/train/images/458022.png,0
dataset/train/images/158569.png,1
dataset/train/images/206277.png,0
dataset/train/images/318976.png,1
dataset/train/images/460780.png,0
dataset/train/images/241258.png,0
dataset/train/images/255538.png,0
dataset/train/images/219438.png,0
dataset/train/images/15572.png,1
dataset/train/images/496746.png,1
dataset/train/images/194982.png,0
dataset/train/images/224441.png,0
dataset/train/images/479557.png,1
dataset/train/images/458230.png,0
dataset/train/images/508706.png,1
dataset/train/images/83312.png,1
dataset/train/images/230573.png,0
dataset/train/images/101759.png,1
dataset/train/images/281.png,1
dataset/train/images/238244.png,0
dataset/train/images/479844.png,1
dataset/train/images/460066.png,0
dataset/train/images/61701.png,1
dataset/train/images/89228.png,1
dataset/train/images/43443.png,1
dataset/train/images/66106.png,1
dataset/train/images/507881.png,1
dataset/train/images/215594.png,0
dataset/train/images/45786.png,1
dataset/train/images/482104.png,1
dataset/train/images/60339.png,1
dataset/train/images/462879.png,0
dataset/train/images/463161.png,0
dataset/train/images/59610.png,1
dataset/train/images/183450.png,0
dataset/train/images/123136.png,1
dataset/train/images/66355.png,1
dataset/train/images/58775.png,1
dataset/train/images/10852.png,1
dataset/train/images/479332.png,1
dataset/train/images/43769.png,1
dataset/train/images/185294.png,0
dataset/train/images/184359.png,0
dataset/train/images/235741.png,0
dataset/train/images/254546.png,0
dataset/train/images/55904.png,1
dataset/train/images/120865.png,1
dataset/train/images/17936.png,1
dataset/train/images/18280.png,1
dataset/train/images/247659.png,0
dataset/train/images/52126.png,1
dataset/train/images/53528.png,1
dataset/train/images/18446.png,1
dataset/train/images/510647.png,1
dataset/train/images/15916.png,1
dataset/train/images/479905.png,1
dataset/train/images/47021.png,1
dataset/train/images/13620.png,1
dataset/train/images/249797.png,0
dataset/train/images/226333.png,0
dataset/train/images/17873.png,1
dataset/train/images/256573.png,0
dataset/train/images/34606.png,1
dataset/train/images/200270.png,0
dataset/train/images/199421.png,0
dataset/train/images/185858.png,0
dataset/train/images/256989.png,0
dataset/train/images/197257.png,0
dataset/train/images/497229.png,1
dataset/train/images/13296.png,1
dataset/train/images/66549.png,1
dataset/train/images/505345.png,1
dataset/train/images/28050.png,1
dataset/train/images/49182.png,1
dataset/train/images/238355.png,0
dataset/train/images/217188.png,0
dataset/train/images/97926.png,1
dataset/train/images/229014.png,0
dataset/train/images/503240.png,1
dataset/train/images/184940.png,0
dataset/train/images/460954.png,0
dataset/train/images/243064.png,0
dataset/train/images/96131.png,1
dataset/train/images/52912.png,1
dataset/train/images/49016.png,1
dataset/train/images/217598.png,0
dataset/train/images/235753.png,0
dataset/train/images/210257.png,0
dataset/train/images/227773.png,0
dataset/train/images/482754.png,1
dataset/train/images/59689.png,1
dataset/train/images/11840.png,1
dataset/train/images/255777.png,0
dataset/train/images/248231.png,0
dataset/train/images/6256.png,1
dataset/train/images/481954.png,1
dataset/train/images/57688.png,1
dataset/train/images/121142.png,1
dataset/train/images/222784.png,0
dataset/train/images/459351.png,0
dataset/train/images/512625.png,1
dataset/train/images/231404.png,0
dataset/train/images/190490.png,0
dataset/train/images/208798.png,0
dataset/train/images/10300.png,1
dataset/train/images/10502.png,1
dataset/train/images/219835.png,0
dataset/train/images/64779.png,1
dataset/train/images/54837.png,1
dataset/train/images/53838.png,1
dataset/train/images/84759.png,1
dataset/train/images/497192.png,1
dataset/train/images/184211.png,0
dataset/train/images/3070.png,1
dataset/train/images/207885.png,0
dataset/train/images/11168.png,1
dataset/train/images/132858.png,1
dataset/train/images/19019.png,1
dataset/train/images/27700.png,1
dataset/train/images/30519.png,1
dataset/train/images/24667.png,1
dataset/train/images/482259.png,1
dataset/train/images/56610.png,1
dataset/train/images/254375.png,0
dataset/train/images/247265.png,0
dataset/train/images/481612.png,1
dataset/train/images/244459.png,0
dataset/train/images/47586.png,1
dataset/train/images/22083.png,1
dataset/train/images/461818.png,0
dataset/train/images/43450.png,1
dataset/train/images/249186.png,0
dataset/train/images/205781.png,0
dataset/train/images/479857.png,1
dataset/train/images/236781.png,0
dataset/train/images/203836.png,0
dataset/train/images/252197.png,0
dataset/train/images/184457.png,0
dataset/train/images/32569.png,1
dataset/train/images/220723.png,0
dataset/train/images/73240.png,1
dataset/train/images/236502.png,0
dataset/train/images/238468.png,0
dataset/train/images/43215.png,1
dataset/train/images/113508.png,1
dataset/train/images/34202.png,1
dataset/train/images/234734.png,0
dataset/train/images/80312.png,1
dataset/train/images/253848.png,0
dataset/train/images/29947.png,1
dataset/train/images/246464.png,0
dataset/train/images/243267.png,0
dataset/train/images/115711.png,1
dataset/train/images/200278.png,0
dataset/train/images/216009.png,0
dataset/train/images/18155.png,1
dataset/train/images/225004.png,0
dataset/train/images/514582.png,1
dataset/train/images/460496.png,0
dataset/train/images/502726.png,1
dataset/train/images/286788.png,1
dataset/train/images/459246.png,0
dataset/train/images/243786.png,0
dataset/train/images/16147.png,1
dataset/train/images/49642.png,1
dataset/train/images/31272.png,1
dataset/train/images/185328.png,0
dataset/train/images/211030.png,0
dataset/train/images/15877.png,1
dataset/train/images/94864.png,1
dataset/train/images/76231.png,1
dataset/train/images/29525.png,1
dataset/train/images/506449.png,1
dataset/train/images/9212.png,1
dataset/train/images/37259.png,1
dataset/train/images/209608.png,0
dataset/train/images/242515.png,0
dataset/train/images/497544.png,1
dataset/train/images/192425.png,0
dataset/train/images/237121.png,0
dataset/train/images/200729.png,0
dataset/train/images/119733.png,1
dataset/train/images/22947.png,1
dataset/train/images/3649.png,1
dataset/train/images/30824.png,1
dataset/train/images/53511.png,1
dataset/train/images/6954.png,1
dataset/train/images/70207.png,1
dataset/train/images/87109.png,1
dataset/train/images/52578.png,1
dataset/train/images/189648.png,0
dataset/train/images/14736.png,1
dataset/train/images/21053.png,1
dataset/train/images/247670.png,0
dataset/train/images/52122.png,1
dataset/train/images/249740.png,0
dataset/train/images/38841.png,1
dataset/train/images/457972.png,0
dataset/train/images/240824.png,0
dataset/train/images/194564.png,0
dataset/train/images/233440.png,0
dataset/train/images/464464.png,0
dataset/train/images/3958.png,1
dataset/train/images/190011.png,0
dataset/train/images/255583.png,0
dataset/train/images/97807.png,1
dataset/train/images/477526.png,1
dataset/train/images/255083.png,0
dataset/train/images/458824.png,0
dataset/train/images/48255.png,1
dataset/train/images/206476.png,0
dataset/train/images/211753.png,0
dataset/train/images/455890.png,0
dataset/train/images/110144.png,1
dataset/train/images/8899.png,1
dataset/train/images/221879.png,0
dataset/train/images/478255.png,1
dataset/train/images/200428.png,0
dataset/train/images/92247.png,1
dataset/train/images/35344.png,1
dataset/train/images/227104.png,0
dataset/train/images/207187.png,0
dataset/train/images/232623.png,0
dataset/train/images/232430.png,0
dataset/train/images/33216.png,1
dataset/train/images/249515.png,0
dataset/train/images/158838.png,1
dataset/train/images/461040.png,0
dataset/train/images/221394.png,0
dataset/train/images/227608.png,0
dataset/train/images/520110.png,1
dataset/train/images/253521.png,0
dataset/train/images/497823.png,1
dataset/train/images/61407.png,1
dataset/train/images/29629.png,1
dataset/train/images/184682.png,0
dataset/train/images/505489.png,1
dataset/train/images/133918.png,1
dataset/train/images/230699.png,0
dataset/train/images/244254.png,0
dataset/train/images/203524.png,0
dataset/train/images/66105.png,1
dataset/train/images/14872.png,1
dataset/train/images/475137.png,1
dataset/train/images/62021.png,1
dataset/train/images/183497.png,0
dataset/train/images/16106.png,1
dataset/train/images/235059.png,0
dataset/train/images/201282.png,0
dataset/train/images/48496.png,1
dataset/train/images/507211.png,1
dataset/train/images/4966.png,1
dataset/train/images/189236.png,0
dataset/train/images/460717.png,0
dataset/train/images/62364.png,1
dataset/train/images/200309.png,0
dataset/train/images/238010.png,0
dataset/train/images/59345.png,1
dataset/train/images/233912.png,0
dataset/train/images/28073.png,1
dataset/train/images/233877.png,0
dataset/train/images/206590.png,0
dataset/train/images/507410.png,1
dataset/train/images/197322.png,0
dataset/train/images/198123.png,0
dataset/train/images/240184.png,0
dataset/train/images/246675.png,0
dataset/train/images/49628.png,1
dataset/train/images/498912.png,1
dataset/train/images/465872.png,0
dataset/train/images/239122.png,0
dataset/train/images/195794.png,0
dataset/train/images/51000.png,1
dataset/train/images/80455.png,1
dataset/train/images/57547.png,1
dataset/train/images/216834.png,0
dataset/train/images/504441.png,1
dataset/train/images/216537.png,0
dataset/train/images/90734.png,1
dataset/train/images/100441.png,1
dataset/train/images/71622.png,1
dataset/train/images/190537.png,0
dataset/train/images/35392.png,1
dataset/train/images/255758.png,0
dataset/train/images/43074.png,1
dataset/train/images/480858.png,1
dataset/train/images/10808.png,1
dataset/train/images/35245.png,1
dataset/train/images/247962.png,0
dataset/train/images/209954.png,0
dataset/train/images/106323.png,1
dataset/train/images/212825.png,0
dataset/train/images/234209.png,0
dataset/train/images/514253.png,1
dataset/train/images/513519.png,1
dataset/train/images/212102.png,0
dataset/train/images/16834.png,1
dataset/train/images/463692.png,0
dataset/train/images/36293.png,1
dataset/train/images/242003.png,0
dataset/train/images/244428.png,0
dataset/train/images/205588.png,0
dataset/train/images/26880.png,1
dataset/train/images/111228.png,1
dataset/train/images/511184.png,1
dataset/train/images/61860.png,1
dataset/train/images/456957.png,0
dataset/train/images/461622.png,0
dataset/train/images/222759.png,0
dataset/train/images/499222.png,1
dataset/train/images/19715.png,1
dataset/train/images/193496.png,0
dataset/train/images/164188.png,1
dataset/train/images/457985.png,0
dataset/train/images/219941.png,0
dataset/train/images/59162.png,1
dataset/train/images/26315.png,1
dataset/train/images/58403.png,1
dataset/train/images/50996.png,1
dataset/train/images/188799.png,0
dataset/train/images/253575.png,0
dataset/train/images/237408.png,0
dataset/train/images/193645.png,0
dataset/train/images/36665.png,1
dataset/train/images/81716.png,1
dataset/train/images/51839.png,1
dataset/train/images/480897.png,1
dataset/train/images/127904.png,1
dataset/train/images/93410.png,1
dataset/train/images/47529.png,1
dataset/train/images/111940.png,1
dataset/train/images/39491.png,1
dataset/train/images/249704.png,0
dataset/train/images/21342.png,1
dataset/train/images/249772.png,0
dataset/train/images/188273.png,0
dataset/train/images/475862.png,1
dataset/train/images/235132.png,0
dataset/train/images/29078.png,1
dataset/train/images/513602.png,1
dataset/train/images/196469.png,0
dataset/train/images/40101.png,1
dataset/train/images/257052.png,0
dataset/train/images/224191.png,0
dataset/train/images/28659.png,1
dataset/train/images/227026.png,0
dataset/train/images/253573.png,0
dataset/train/images/235198.png,0
dataset/train/images/30369.png,1
dataset/train/images/399534.png,1
dataset/train/images/461012.png,0
dataset/train/images/80124.png,1
dataset/train/images/244286.png,0
dataset/train/images/207759.png,0
dataset/train/images/44322.png,1
dataset/train/images/256189.png,0
dataset/train/images/64562.png,1
dataset/train/images/239743.png,0
dataset/train/images/184095.png,0
dataset/train/images/10549.png,1
dataset/train/images/31691.png,1
dataset/train/images/197189.png,0
dataset/train/images/137996.png,1
dataset/train/images/68692.png,1
dataset/train/images/17729.png,1
dataset/train/images/501858.png,1
dataset/train/images/208641.png,0
dataset/train/images/465716.png,0
dataset/train/images/461376.png,0
dataset/train/images/123278.png,1
dataset/train/images/55662.png,1
dataset/train/images/201108.png,0
dataset/train/images/10870.png,1
dataset/train/images/1421.png,1
dataset/train/images/456161.png,0
dataset/train/images/194572.png,0
dataset/train/images/18541.png,1
dataset/train/images/182950.png,0
dataset/train/images/45139.png,1
dataset/train/images/40621.png,1
dataset/train/images/232632.png,0
dataset/train/images/202924.png,0
dataset/train/images/225399.png,0
dataset/train/images/201813.png,0
dataset/train/images/500969.png,1
dataset/train/images/12653.png,1
dataset/train/images/34429.png,1
dataset/train/images/190514.png,0
dataset/train/images/240729.png,0
dataset/train/images/32042.png,1
dataset/train/images/254695.png,0
dataset/train/images/64889.png,1
dataset/train/images/336801.png,1
dataset/train/images/104517.png,1
dataset/train/images/62738.png,1
dataset/train/images/200537.png,0
dataset/train/images/236192.png,0
dataset/train/images/36009.png,1
dataset/train/images/252125.png,0
dataset/train/images/101281.png,1
dataset/train/images/513287.png,1
dataset/train/images/241270.png,0
dataset/train/images/219692.png,0
dataset/train/images/195113.png,0
dataset/train/images/196241.png,0
dataset/train/images/201055.png,0
dataset/train/images/187107.png,0
dataset/train/images/27060.png,1
dataset/train/images/481379.png,1
dataset/train/images/226096.png,0
dataset/train/images/108775.png,1
dataset/train/images/232488.png,0
dataset/train/images/192753.png,0
dataset/train/images/252155.png,0
dataset/train/images/482903.png,1
dataset/train/images/482571.png,1
dataset/train/images/195642.png,0
dataset/train/images/8338.png,1
dataset/train/images/185656.png,0
dataset/train/images/188720.png,0
dataset/train/images/5088.png,1
dataset/train/images/208144.png,0
dataset/train/images/515222.png,1
dataset/train/images/200026.png,0
dataset/train/images/17726.png,1
dataset/train/images/144191.png,1
dataset/train/images/195432.png,0
dataset/train/images/236787.png,0
dataset/train/images/18931.png,1
dataset/train/images/19826.png,1
dataset/train/images/193919.png,0
dataset/train/images/198302.png,0
dataset/train/images/204785.png,0
dataset/train/images/465384.png,0
dataset/train/images/194106.png,0
dataset/train/images/86822.png,1
dataset/train/images/222781.png,0
dataset/train/images/13568.png,1
dataset/train/images/3346.png,1
dataset/train/images/506544.png,1
dataset/train/images/482463.png,1
dataset/train/images/466201.png,0
dataset/train/images/47149.png,1
dataset/train/images/398093.png,1
dataset/train/images/460769.png,0
dataset/train/images/241438.png,0
dataset/train/images/44.png,1
dataset/train/images/69580.png,1
dataset/train/images/6071.png,1
dataset/train/images/532.png,1
dataset/train/images/53940.png,1
dataset/train/images/460724.png,0
dataset/train/images/187643.png,0
dataset/train/images/1871.png,1
dataset/train/images/87499.png,1
dataset/train/images/196149.png,0
dataset/train/images/60074.png,1
dataset/train/images/95446.png,1
dataset/train/images/61682.png,1
dataset/train/images/159107.png,1
dataset/train/images/186925.png,0
dataset/train/images/25794.png,1
dataset/train/images/247729.png,0
dataset/train/images/3050.png,1
dataset/train/images/189528.png,0
dataset/train/images/382917.png,1
dataset/train/images/22753.png,1
dataset/train/images/228388.png,0
dataset/train/images/456454.png,0
dataset/train/images/28292.png,1
dataset/train/images/233174.png,0
dataset/train/images/190781.png,0
dataset/train/images/188039.png,0
dataset/train/images/229837.png,0
dataset/train/images/11409.png,1
dataset/train/images/211189.png,0
dataset/train/images/6374.png,1
dataset/train/images/223007.png,0
dataset/train/images/13251.png,1
dataset/train/images/208474.png,0
dataset/train/images/184431.png,0
dataset/train/images/232998.png,0
dataset/train/images/480423.png,1
dataset/train/images/229767.png,0
dataset/train/images/210967.png,0
dataset/train/images/500598.png,1
dataset/train/images/125439.png,1
dataset/train/images/23176.png,1
dataset/train/images/220779.png,0
dataset/train/images/37664.png,1
dataset/train/images/167138.png,1
dataset/train/images/33797.png,1
dataset/train/images/207857.png,0
dataset/train/images/465644.png,0
dataset/train/images/193306.png,0
dataset/train/images/253652.png,0
dataset/train/images/46455.png,1
dataset/train/images/73890.png,1
dataset/train/images/188914.png,0
dataset/train/images/245817.png,0
dataset/train/images/475159.png,1
dataset/train/images/252148.png,0
dataset/train/images/242892.png,0
dataset/train/images/60893.png,1
dataset/train/images/111710.png,1
dataset/train/images/1000.png,1
dataset/train/images/203838.png,0
dataset/train/images/458916.png,0
dataset/train/images/2456.png,1
dataset/train/images/80764.png,1
dataset/train/images/499848.png,1
dataset/train/images/60137.png,1
dataset/train/images/422274.png,1
dataset/train/images/216594.png,0
dataset/train/images/69706.png,1
dataset/train/images/8832.png,1
dataset/train/images/257858.png,0
dataset/train/images/257579.png,0
dataset/train/images/241855.png,0
dataset/train/images/457500.png,0
dataset/train/images/243934.png,0
dataset/train/images/458664.png,0
dataset/train/images/509394.png,1
dataset/train/images/150607.png,1
dataset/train/images/54872.png,1
dataset/train/images/374120.png,1
dataset/train/images/460275.png,0
dataset/train/images/456970.png,0
dataset/train/images/187652.png,0
dataset/train/images/505983.png,1
dataset/train/images/183572.png,0
dataset/train/images/210677.png,0
dataset/train/images/224760.png,0
dataset/train/images/40611.png,1
dataset/train/images/192690.png,0
dataset/train/images/252052.png,0
dataset/train/images/51465.png,1
dataset/train/images/498198.png,1
dataset/train/images/511226.png,1
dataset/train/images/39195.png,1
dataset/train/images/231124.png,0
dataset/train/images/238478.png,0
dataset/train/images/213916.png,0
dataset/train/images/20886.png,1
dataset/train/images/240856.png,0
dataset/train/images/183691.png,0
dataset/train/images/461988.png,0
dataset/train/images/192765.png,0
dataset/train/images/56820.png,1
dataset/train/images/243021.png,0
dataset/train/images/37647.png,1
dataset/train/images/242160.png,0
dataset/train/images/218859.png,0
dataset/train/images/10483.png,1
dataset/train/images/69902.png,1
dataset/train/images/210890.png,0
dataset/train/images/235631.png,0
dataset/train/images/255393.png,0
dataset/train/images/195818.png,0
dataset/train/images/13848.png,1
dataset/train/images/37291.png,1
dataset/train/images/78877.png,1
dataset/train/images/183778.png,0
dataset/train/images/196495.png,0
dataset/train/images/102097.png,1
dataset/train/images/9995.png,1
dataset/train/images/213298.png,0
dataset/train/images/48964.png,1
dataset/train/images/198932.png,0
dataset/train/images/65978.png,1
dataset/train/images/111645.png,1
dataset/train/images/503231.png,1
dataset/train/images/6040.png,1
dataset/train/images/205595.png,0
dataset/train/images/188853.png,0
dataset/train/images/41601.png,1
dataset/train/images/505623.png,1
dataset/train/images/228299.png,0
dataset/train/images/22900.png,1
dataset/train/images/62477.png,1
dataset/train/images/388523.png,1
dataset/train/images/241742.png,0
dataset/train/images/205703.png,0
dataset/train/images/227445.png,0
dataset/train/images/4980.png,1
dataset/train/images/26901.png,1
dataset/train/images/231067.png,0
dataset/train/images/185510.png,0
dataset/train/images/464166.png,0
dataset/train/images/248534.png,0
dataset/train/images/456119.png,0
dataset/train/images/14391.png,1
dataset/train/images/27511.png,1
dataset/train/images/28532.png,1
dataset/train/images/239561.png,0
dataset/train/images/186205.png,0
dataset/train/images/225674.png,0
dataset/train/images/18704.png,1
dataset/train/images/188415.png,0
dataset/train/images/198634.png,0
dataset/train/images/508216.png,1
dataset/train/images/222808.png,0
dataset/train/images/213061.png,0
dataset/train/images/188502.png,0
dataset/train/images/248248.png,0
dataset/train/images/234208.png,0
dataset/train/images/54205.png,1
dataset/train/images/466246.png,0
dataset/train/images/208703.png,0
dataset/train/images/31944.png,1
dataset/train/images/114702.png,1
dataset/train/images/76560.png,1
dataset/train/images/228053.png,0
dataset/train/images/216571.png,0
dataset/train/images/28638.png,1
dataset/train/images/193708.png,0
dataset/train/images/220249.png,0
dataset/train/images/206691.png,0
dataset/train/images/64284.png,1
dataset/train/images/302742.png,1
dataset/train/images/79437.png,1
dataset/train/images/39089.png,1
dataset/train/images/160703.png,1
dataset/train/images/194012.png,0
dataset/train/images/229049.png,0
dataset/train/images/205593.png,0
dataset/train/images/30298.png,1
dataset/train/images/57080.png,1
dataset/train/images/208408.png,0
dataset/train/images/193274.png,0
dataset/train/images/248494.png,0
dataset/train/images/18016.png,1
dataset/train/images/20389.png,1
dataset/train/images/224302.png,0
dataset/train/images/249252.png,0
dataset/train/images/457185.png,0
dataset/train/images/242449.png,0
dataset/train/images/88900.png,1
dataset/train/images/478641.png,1
dataset/train/images/481873.png,1
dataset/train/images/501707.png,1
dataset/train/images/19325.png,1
dataset/train/images/80650.png,1
dataset/train/images/101556.png,1
dataset/train/images/129892.png,1
dataset/train/images/503858.png,1
dataset/train/images/459462.png,0
dataset/train/images/189576.png,0
dataset/train/images/53009.png,1
dataset/train/images/410725.png,1
dataset/train/images/255524.png,0
dataset/train/images/36989.png,1
dataset/train/images/173438.png,1
dataset/train/images/256683.png,0
dataset/train/images/218270.png,0
dataset/train/images/459131.png,0
dataset/train/images/31704.png,1
dataset/train/images/512732.png,1
dataset/train/images/201012.png,0
dataset/train/images/10547.png,1
dataset/train/images/476095.png,1
dataset/train/images/24182.png,1
dataset/train/images/51519.png,1
dataset/train/images/17805.png,1
dataset/train/images/22729.png,1
dataset/train/images/95194.png,1
dataset/train/images/211300.png,0
dataset/train/images/215607.png,0
dataset/train/images/498232.png,1
dataset/train/images/30901.png,1
dataset/train/images/144080.png,1
dataset/train/images/290237.png,1
dataset/train/images/4586.png,1
dataset/train/images/202211.png,0
dataset/train/images/33575.png,1
dataset/train/images/24977.png,1
dataset/train/images/195106.png,0
dataset/train/images/458810.png,0
dataset/train/images/234230.png,0
dataset/train/images/458679.png,0
dataset/train/images/227999.png,0
dataset/train/images/481124.png,1
dataset/train/images/513208.png,1
dataset/train/images/366927.png,1
dataset/train/images/200696.png,0
dataset/train/images/104004.png,1
dataset/train/images/34513.png,1
dataset/train/images/204262.png,0
dataset/train/images/22981.png,1
dataset/train/images/51936.png,1
dataset/train/images/197941.png,0
dataset/train/images/477225.png,1
dataset/train/images/222324.png,0
dataset/train/images/49311.png,1
dataset/train/images/2943.png,1
dataset/train/images/281578.png,1
dataset/train/images/225287.png,0
dataset/train/images/194949.png,0
dataset/train/images/497593.png,1
dataset/train/images/147934.png,1
dataset/train/images/235470.png,0
dataset/train/images/476929.png,1
dataset/train/images/40295.png,1
dataset/train/images/64171.png,1
dataset/train/images/463685.png,0
dataset/train/images/5014.png,1
dataset/train/images/256096.png,0
dataset/train/images/480096.png,1
dataset/train/images/15227.png,1
dataset/train/images/185629.png,0
dataset/train/images/482653.png,1
dataset/train/images/37844.png,1
dataset/train/images/45627.png,1
dataset/train/images/78909.png,1
dataset/train/images/506970.png,1
dataset/train/images/14208.png,1
dataset/train/images/191436.png,0
dataset/train/images/499495.png,1
dataset/train/images/33830.png,1
dataset/train/images/55309.png,1
dataset/train/images/201318.png,0
dataset/train/images/205821.png,0
dataset/train/images/506670.png,1
dataset/train/images/37369.png,1
dataset/train/images/237242.png,0
dataset/train/images/62245.png,1
dataset/train/images/12520.png,1
dataset/train/images/463778.png,0
dataset/train/images/191915.png,0
dataset/train/images/512213.png,1
dataset/train/images/244858.png,0
dataset/train/images/237483.png,0
dataset/train/images/57016.png,1
dataset/train/images/311037.png,1
dataset/train/images/505404.png,1
dataset/train/images/34987.png,1
dataset/train/images/497576.png,1
dataset/train/images/40757.png,1
dataset/train/images/233651.png,0
dataset/train/images/14550.png,1
dataset/train/images/462590.png,0
dataset/train/images/57662.png,1
dataset/train/images/250752.png,0
dataset/train/images/16084.png,1
dataset/train/images/213867.png,0
dataset/train/images/18781.png,1
dataset/train/images/204673.png,0
dataset/train/images/20930.png,1
dataset/train/images/243589.png,0
dataset/train/images/31511.png,1
dataset/train/images/243007.png,0
dataset/train/images/224424.png,0
dataset/train/images/248663.png,0
dataset/train/images/363591.png,1
dataset/train/images/45331.png,1
dataset/train/images/480793.png,1
dataset/train/images/204752.png,0
dataset/train/images/456025.png,0
dataset/train/images/253646.png,0
dataset/train/images/162541.png,1
dataset/train/images/109228.png,1
dataset/train/images/58426.png,1
dataset/train/images/10761.png,1
dataset/train/images/498947.png,1
dataset/train/images/508620.png,1
dataset/train/images/16199.png,1
dataset/train/images/461434.png,0
dataset/train/images/30657.png,1
dataset/train/images/24415.png,1
dataset/train/images/83300.png,1
dataset/train/images/56186.png,1
dataset/train/images/455130.png,0
dataset/train/images/63177.png,1
dataset/train/images/481055.png,1
dataset/train/images/514294.png,1
dataset/train/images/250052.png,0
dataset/train/images/53274.png,1
dataset/train/images/202560.png,0
dataset/train/images/475953.png,1
dataset/train/images/461437.png,0
dataset/train/images/183344.png,0
dataset/train/images/182117.png,1
dataset/train/images/8804.png,1
dataset/train/images/41057.png,1
dataset/train/images/246926.png,0
dataset/train/images/236972.png,0
dataset/train/images/22768.png,1
dataset/train/images/457607.png,0
dataset/train/images/234724.png,0
dataset/train/images/69424.png,1
dataset/train/images/233970.png,0
dataset/train/images/25822.png,1
dataset/train/images/496849.png,1
dataset/train/images/192828.png,0
dataset/train/images/507173.png,1
dataset/train/images/17969.png,1
dataset/train/images/514062.png,1
dataset/train/images/196234.png,0
dataset/train/images/390588.png,1
dataset/train/images/99331.png,1
dataset/train/images/227701.png,0
dataset/train/images/49422.png,1
dataset/train/images/185753.png,0
dataset/train/images/210400.png,0
dataset/train/images/499541.png,1
dataset/train/images/501997.png,1
dataset/train/images/55120.png,1
dataset/train/images/29953.png,1
dataset/train/images/200746.png,0
dataset/train/images/205017.png,0
dataset/train/images/87272.png,1
dataset/train/images/17055.png,1
dataset/train/images/500754.png,1
dataset/train/images/455304.png,0
dataset/train/images/190172.png,0
dataset/train/images/465967.png,0
dataset/train/images/240617.png,0
dataset/train/images/2544.png,1
dataset/train/images/239241.png,0
dataset/train/images/59720.png,1
dataset/train/images/507676.png,1
dataset/train/images/197284.png,0
dataset/train/images/100431.png,1
dataset/train/images/500636.png,1
dataset/train/images/18567.png,1
dataset/train/images/5041.png,1
dataset/train/images/52185.png,1
dataset/train/images/4254.png,1
dataset/train/images/101492.png,1
dataset/train/images/501339.png,1
dataset/train/images/77316.png,1
dataset/train/images/100792.png,1
dataset/train/images/505330.png,1
dataset/train/images/2303.png,1
dataset/train/images/221642.png,0
dataset/train/images/200233.png,0
dataset/train/images/217739.png,0
dataset/train/images/251933.png,0
dataset/train/images/241842.png,0
dataset/train/images/498720.png,1
dataset/train/images/8666.png,1
dataset/train/images/7642.png,1
dataset/train/images/209335.png,0
dataset/train/images/15083.png,1
dataset/train/images/479131.png,1
dataset/train/images/475885.png,1
dataset/train/images/499427.png,1
dataset/train/images/234828.png,0
dataset/train/images/66598.png,1
dataset/train/images/459945.png,0
dataset/train/images/6367.png,1
dataset/train/images/186663.png,0
dataset/train/images/257494.png,0
dataset/train/images/14224.png,1
dataset/train/images/28766.png,1
dataset/train/images/224670.png,0
dataset/train/images/153684.png,1
dataset/train/images/463089.png,0
dataset/train/images/460892.png,0
dataset/train/images/81428.png,1
dataset/train/images/2052.png,1
dataset/train/images/230638.png,0
dataset/train/images/116730.png,1
dataset/train/images/230845.png,0
dataset/train/images/229252.png,0
dataset/train/images/480007.png,1
dataset/train/images/81456.png,1
dataset/train/images/506701.png,1
dataset/train/images/224573.png,0
dataset/train/images/3225.png,1
dataset/train/images/29310.png,1
dataset/train/images/35785.png,1
dataset/train/images/46616.png,1
dataset/train/images/19580.png,1
dataset/train/images/58442.png,1
dataset/train/images/32001.png,1
dataset/train/images/255258.png,0
dataset/train/images/510649.png,1
dataset/train/images/106748.png,1
dataset/train/images/52504.png,1
dataset/train/images/232395.png,0
dataset/train/images/456446.png,0
dataset/train/images/463836.png,0
dataset/train/images/460337.png,0
dataset/train/images/194691.png,0
dataset/train/images/478500.png,1
dataset/train/images/44309.png,1
dataset/train/images/211858.png,0
dataset/train/images/233479.png,0
dataset/train/images/115263.png,1
dataset/train/images/9703.png,1
dataset/train/images/248575.png,0
dataset/train/images/195499.png,0
dataset/train/images/515398.png,1
dataset/train/images/459194.png,0
dataset/train/images/43677.png,1
dataset/train/images/46991.png,1
dataset/train/images/459140.png,0
dataset/train/images/13200.png,1
dataset/train/images/19947.png,1
dataset/train/images/7549.png,1
dataset/train/images/26484.png,1
dataset/train/images/234067.png,0
dataset/train/images/10539.png,1
dataset/train/images/16363.png,1
dataset/train/images/13324.png,1
dataset/train/images/213463.png,0
dataset/train/images/509981.png,1
dataset/train/images/188762.png,0
dataset/train/images/223199.png,0
dataset/train/images/501455.png,1
dataset/train/images/208085.png,0
dataset/train/images/225136.png,0
dataset/train/images/513821.png,1
dataset/train/images/136946.png,1
dataset/train/images/54459.png,1
dataset/train/images/3329.png,1
dataset/train/images/186506.png,0
dataset/train/images/31125.png,1
dataset/train/images/63129.png,1
dataset/train/images/460068.png,0
dataset/train/images/183850.png,0
dataset/train/images/58389.png,1
dataset/train/images/683.png,1
dataset/train/images/53257.png,1
dataset/train/images/1272.png,1
dataset/train/images/212740.png,0
dataset/train/images/208407.png,0
dataset/train/images/4660.png,1
dataset/train/images/206877.png,0
dataset/train/images/239842.png,0
dataset/train/images/30904.png,1
dataset/train/images/237432.png,0
dataset/train/images/80207.png,1
dataset/train/images/223740.png,0
dataset/train/images/233126.png,0
dataset/train/images/239720.png,0
dataset/train/images/243958.png,0
dataset/train/images/502709.png,1
dataset/train/images/60105.png,1
dataset/train/images/458858.png,0
dataset/train/images/507806.png,1
dataset/train/images/510659.png,1
dataset/train/images/221976.png,0
dataset/train/images/460675.png,0
dataset/train/images/92460.png,1
dataset/train/images/236277.png,0
dataset/train/images/188827.png,0
dataset/train/images/14552.png,1
dataset/train/images/5619.png,1
dataset/train/images/503003.png,1
dataset/train/images/11158.png,1
dataset/train/images/512591.png,1
dataset/train/images/90417.png,1
dataset/train/images/239994.png,0
dataset/train/images/17772.png,1
dataset/train/images/62066.png,1
dataset/train/images/208902.png,0
dataset/train/images/47204.png,1
dataset/train/images/59781.png,1
dataset/train/images/226518.png,0
dataset/train/images/63736.png,1
dataset/train/images/204677.png,0
dataset/train/images/21104.png,1
dataset/train/images/209414.png,0
dataset/train/images/207553.png,0
dataset/train/images/227472.png,0
dataset/train/images/106388.png,1
dataset/train/images/219113.png,0
dataset/train/images/21675.png,1
dataset/train/images/482492.png,1
dataset/train/images/241154.png,0
dataset/train/images/480257.png,1
dataset/train/images/4905.png,1
dataset/train/images/230384.png,0
dataset/train/images/44498.png,1
dataset/train/images/197700.png,0
dataset/train/images/225176.png,0
dataset/train/images/222949.png,0
dataset/train/images/9550.png,1
dataset/train/images/457042.png,0
dataset/train/images/202919.png,0
dataset/train/images/243864.png,0
dataset/train/images/33703.png,1
dataset/train/images/63714.png,1
dataset/train/images/89323.png,1
dataset/train/images/458075.png,0
dataset/train/images/53254.png,1
dataset/train/images/228349.png,0
dataset/train/images/247017.png,0
dataset/train/images/27933.png,1
dataset/train/images/501277.png,1
dataset/train/images/16256.png,1
dataset/train/images/207301.png,0
dataset/train/images/213936.png,0
dataset/train/images/188085.png,0
dataset/train/images/190747.png,0
dataset/train/images/219096.png,0
dataset/train/images/12734.png,1
dataset/train/images/195561.png,0
dataset/train/images/208182.png,0
dataset/train/images/248636.png,0
dataset/train/images/36929.png,1
dataset/train/images/218346.png,0
dataset/train/images/205276.png,0
dataset/train/images/128564.png,1
dataset/train/images/58665.png,1
dataset/train/images/96786.png,1
dataset/train/images/200022.png,0
dataset/train/images/35996.png,1
dataset/train/images/30698.png,1
dataset/train/images/109746.png,1
dataset/train/images/227879.png,0
dataset/train/images/455033.png,0
dataset/train/images/195130.png,0
dataset/train/images/220049.png,0
dataset/train/images/19483.png,1
dataset/train/images/52429.png,1
dataset/train/images/231630.png,0
dataset/train/images/2511.png,1
dataset/train/images/30941.png,1
dataset/train/images/464984.png,0
dataset/train/images/205301.png,0
dataset/train/images/209315.png,0
dataset/train/images/217553.png,0
dataset/train/images/37603.png,1
dataset/train/images/464910.png,0
dataset/train/images/249443.png,0
dataset/train/images/477937.png,1
dataset/train/images/43569.png,1
dataset/train/images/186490.png,0
dataset/train/images/202663.png,0
dataset/train/images/215291.png,0
dataset/train/images/505781.png,1
dataset/train/images/233411.png,0
dataset/train/images/187958.png,0
dataset/train/images/208632.png,0
dataset/train/images/214288.png,0
dataset/train/images/505520.png,1
dataset/train/images/457234.png,0
dataset/train/images/234152.png,0
dataset/train/images/478401.png,1
dataset/train/images/47618.png,1
dataset/train/images/514840.png,1
dataset/train/images/188978.png,0
dataset/train/images/211895.png,0
dataset/train/images/225087.png,0
dataset/train/images/191525.png,0
dataset/train/images/454856.png,0
dataset/train/images/250220.png,0
dataset/train/images/507530.png,1
dataset/train/images/192992.png,0
dataset/train/images/58760.png,1
dataset/train/images/477851.png,1
dataset/train/images/108522.png,1
dataset/train/images/10966.png,1
dataset/train/images/61807.png,1
dataset/train/images/15348.png,1
dataset/train/images/238506.png,0
dataset/train/images/38420.png,1
dataset/train/images/511726.png,1
dataset/train/images/63602.png,1
dataset/train/images/19422.png,1
dataset/train/images/196410.png,0
dataset/train/images/503499.png,1
dataset/train/images/254788.png,0
dataset/train/images/243428.png,0
dataset/train/images/27873.png,1
dataset/train/images/185657.png,0
dataset/train/images/233723.png,0
dataset/train/images/230015.png,0
dataset/train/images/503861.png,1
dataset/train/images/456272.png,0
dataset/train/images/222463.png,0
dataset/train/images/187889.png,0
dataset/train/images/45398.png,1
dataset/train/images/465943.png,0
dataset/train/images/31715.png,1
dataset/train/images/481854.png,1
dataset/train/images/236749.png,0
dataset/train/images/219602.png,0
dataset/train/images/246543.png,0
dataset/train/images/36793.png,1
dataset/train/images/206209.png,0
dataset/train/images/56985.png,1
dataset/train/images/56060.png,1
dataset/train/images/234788.png,0
dataset/train/images/208494.png,0
dataset/train/images/207224.png,0
dataset/train/images/498998.png,1
dataset/train/images/190235.png,0
dataset/train/images/6995.png,1
dataset/train/images/92647.png,1
dataset/train/images/456522.png,0
dataset/train/images/254842.png,0
dataset/train/images/357119.png,1
dataset/train/images/38344.png,1
dataset/train/images/496858.png,1
dataset/train/images/230488.png,0
dataset/train/images/110622.png,1
dataset/train/images/728.png,1
dataset/train/images/45934.png,1
dataset/train/images/465965.png,0
dataset/train/images/502912.png,1
dataset/train/images/252690.png,0
dataset/train/images/230950.png,0
dataset/train/images/466189.png,0
dataset/train/images/505584.png,1
dataset/train/images/246423.png,0
dataset/train/images/187024.png,0
dataset/train/images/132996.png,1
dataset/train/images/465843.png,0
dataset/train/images/210684.png,0
dataset/train/images/12107.png,1
dataset/train/images/229440.png,0
dataset/train/images/47289.png,1
dataset/train/images/204895.png,0
dataset/train/images/509863.png,1
dataset/train/images/92571.png,1
dataset/train/images/216108.png,0
dataset/train/images/205272.png,0
dataset/train/images/1689.png,1
dataset/train/images/190796.png,0
dataset/train/images/14393.png,1
dataset/train/images/502296.png,1
dataset/train/images/213368.png,0
dataset/train/images/15961.png,1
dataset/train/images/10231.png,1
dataset/train/images/38536.png,1
dataset/train/images/514325.png,1
dataset/train/images/202452.png,0
dataset/train/images/54701.png,1
dataset/train/images/138792.png,1
dataset/train/images/459529.png,0
dataset/train/images/199273.png,0
dataset/train/images/167015.png,1
dataset/train/images/235064.png,0
dataset/train/images/234571.png,0
dataset/train/images/211573.png,0
dataset/train/images/256122.png,0
dataset/train/images/204356.png,0
dataset/train/images/483219.png,1
dataset/train/images/17674.png,1
dataset/train/images/8734.png,1
dataset/train/images/25666.png,1
dataset/train/images/252446.png,0
dataset/train/images/237152.png,0
dataset/train/images/213297.png,0
dataset/train/images/253472.png,0
dataset/train/images/109504.png,1
dataset/train/images/405498.png,1
dataset/train/images/189444.png,0
dataset/train/images/502260.png,1
dataset/train/images/15119.png,1
dataset/train/images/215614.png,0
dataset/train/images/460813.png,0
dataset/train/images/89562.png,1
dataset/train/images/247072.png,0
dataset/train/images/241528.png,0
dataset/train/images/111161.png,1
dataset/train/images/204299.png,0
dataset/train/images/212143.png,0
dataset/train/images/198060.png,0
dataset/train/images/465381.png,0
dataset/train/images/461614.png,0
dataset/train/images/208543.png,0
dataset/train/images/457292.png,0
dataset/train/images/68466.png,1
dataset/train/images/21583.png,1
dataset/train/images/477923.png,1
dataset/train/images/10233.png,1
dataset/train/images/85584.png,1
dataset/train/images/510308.png,1
dataset/train/images/193037.png,0
dataset/train/images/184350.png,0
dataset/train/images/257730.png,0
dataset/train/images/47413.png,1
dataset/train/images/235513.png,0
dataset/train/images/2110.png,1
dataset/train/images/218646.png,0
dataset/train/images/215307.png,0
dataset/train/images/239986.png,0
dataset/train/images/238692.png,0
dataset/train/images/257893.png,0
dataset/train/images/204648.png,0
dataset/train/images/187798.png,0
dataset/train/images/213920.png,0
dataset/train/images/63577.png,1
dataset/train/images/91355.png,1
dataset/train/images/218503.png,0
dataset/train/images/456150.png,0
dataset/train/images/32086.png,1
dataset/train/images/38021.png,1
dataset/train/images/108757.png,1
dataset/train/images/508177.png,1
dataset/train/images/194211.png,0
dataset/train/images/481866.png,1
dataset/train/images/223065.png,0
dataset/train/images/23505.png,1
dataset/train/images/218610.png,0
dataset/train/images/457652.png,0
dataset/train/images/460230.png,0
dataset/train/images/50915.png,1
dataset/train/images/238745.png,0
dataset/train/images/246399.png,0
dataset/train/images/465099.png,0
dataset/train/images/208990.png,0
dataset/train/images/199625.png,0
dataset/train/images/14939.png,1
dataset/train/images/220941.png,0
dataset/train/images/238730.png,0
dataset/train/images/37712.png,1
dataset/train/images/76885.png,1
dataset/train/images/244739.png,0
dataset/train/images/481992.png,1
dataset/train/images/254779.png,0
dataset/train/images/190024.png,0
dataset/train/images/42172.png,1
dataset/train/images/197563.png,0
dataset/train/images/61498.png,1
dataset/train/images/455990.png,0
dataset/train/images/478904.png,1
dataset/train/images/248701.png,0
dataset/train/images/460726.png,0
dataset/train/images/323552.png,1
dataset/train/images/9512.png,1
dataset/train/images/190266.png,0
dataset/train/images/26131.png,1
dataset/train/images/226069.png,0
dataset/train/images/212248.png,0
dataset/train/images/208645.png,0
dataset/train/images/37824.png,1
dataset/train/images/508989.png,1
dataset/train/images/481702.png,1
dataset/train/images/60871.png,1
dataset/train/images/475175.png,1
dataset/train/images/82263.png,1
dataset/train/images/197135.png,0
dataset/train/images/212474.png,0
dataset/train/images/229364.png,0
dataset/train/images/188998.png,0
dataset/train/images/220659.png,0
dataset/train/images/454967.png,0
dataset/train/images/128369.png,1
dataset/train/images/193758.png,0
dataset/train/images/235651.png,0
dataset/train/images/68785.png,1
dataset/train/images/235277.png,0
dataset/train/images/204286.png,0
dataset/train/images/75017.png,1
dataset/train/images/479856.png,1
dataset/train/images/191211.png,0
dataset/train/images/207100.png,0
dataset/train/images/253053.png,0
dataset/train/images/26326.png,1
dataset/train/images/210806.png,0
dataset/train/images/112201.png,1
dataset/train/images/94669.png,1
dataset/train/images/57103.png,1
dataset/train/images/59241.png,1
dataset/train/images/209725.png,0
dataset/train/images/180755.png,1
dataset/train/images/223802.png,0
dataset/train/images/504694.png,1
dataset/train/images/196560.png,0
dataset/train/images/188243.png,0
dataset/train/images/183046.png,0
dataset/train/images/231409.png,0
dataset/train/images/183599.png,0
dataset/train/images/247727.png,0
dataset/train/images/104388.png,1
dataset/train/images/206274.png,0
dataset/train/images/226529.png,0
dataset/train/images/215421.png,0
dataset/train/images/68530.png,1
dataset/train/images/115230.png,1
dataset/train/images/96382.png,1
dataset/train/images/254639.png,0
dataset/train/images/43257.png,1
dataset/train/images/203854.png,0
dataset/train/images/14918.png,1
dataset/train/images/22808.png,1
dataset/train/images/237961.png,0
dataset/train/images/54291.png,1
dataset/train/images/208817.png,0
dataset/train/images/185072.png,0
dataset/train/images/39173.png,1
dataset/train/images/475704.png,1
dataset/train/images/206558.png,0
dataset/train/images/256535.png,0
dataset/train/images/25323.png,1
dataset/train/images/128533.png,1
dataset/train/images/248269.png,0
dataset/train/images/188079.png,0
dataset/train/images/84607.png,1
dataset/train/images/196253.png,0
dataset/train/images/240699.png,0
dataset/train/images/187667.png,0
dataset/train/images/253199.png,0
dataset/train/images/78402.png,1
dataset/train/images/199294.png,0
dataset/train/images/508497.png,1
dataset/train/images/464888.png,0
dataset/train/images/249047.png,0
dataset/train/images/257148.png,0
dataset/train/images/172353.png,1
dataset/train/images/202571.png,0
dataset/train/images/40932.png,1
dataset/train/images/512060.png,1
dataset/train/images/301024.png,1
dataset/train/images/39109.png,1
dataset/train/images/9048.png,1
dataset/train/images/456021.png,0
dataset/train/images/9876.png,1
dataset/train/images/75841.png,1
dataset/train/images/245046.png,0
dataset/train/images/92752.png,1
dataset/train/images/62471.png,1
dataset/train/images/230525.png,0
dataset/train/images/257349.png,0
dataset/train/images/182855.png,0
dataset/train/images/237240.png,0
dataset/train/images/475957.png,1
dataset/train/images/246781.png,0
dataset/train/images/185458.png,0
dataset/train/images/328558.png,1
dataset/train/images/23731.png,1
dataset/train/images/34962.png,1
dataset/train/images/57863.png,1
dataset/train/images/113762.png,1
dataset/train/images/191482.png,0
dataset/train/images/49890.png,1
dataset/train/images/12025.png,1
dataset/train/images/183493.png,0
dataset/train/images/195529.png,0
dataset/train/images/106039.png,1
dataset/train/images/217302.png,0
dataset/train/images/234092.png,0
dataset/train/images/256945.png,0
dataset/train/images/181684.png,1
dataset/train/images/30048.png,1
dataset/train/images/15570.png,1
dataset/train/images/475060.png,1
dataset/train/images/97441.png,1
dataset/train/images/58515.png,1
dataset/train/images/237011.png,0
dataset/train/images/475401.png,1
dataset/train/images/3644.png,1
dataset/train/images/455881.png,0
dataset/train/images/239844.png,0
dataset/train/images/199771.png,0
dataset/train/images/478377.png,1
dataset/train/images/25680.png,1
dataset/train/images/83207.png,1
dataset/train/images/500505.png,1
dataset/train/images/210221.png,0
dataset/train/images/124033.png,1
dataset/train/images/69438.png,1
dataset/train/images/114911.png,1
dataset/train/images/210083.png,0
dataset/train/images/236673.png,0
dataset/train/images/47304.png,1
dataset/train/images/19356.png,1
dataset/train/images/41285.png,1
dataset/train/images/479264.png,1
dataset/train/images/7394.png,1
dataset/train/images/80910.png,1
dataset/train/images/206488.png,0
dataset/train/images/501679.png,1
dataset/train/images/55467.png,1
dataset/train/images/482926.png,1
dataset/train/images/50598.png,1
dataset/train/images/479695.png,1
dataset/train/images/47239.png,1
dataset/train/images/503482.png,1
dataset/train/images/214865.png,0
dataset/train/images/224237.png,0
dataset/train/images/21581.png,1
dataset/train/images/463505.png,0
dataset/train/images/4810.png,1
dataset/train/images/52999.png,1
dataset/train/images/15093.png,1
dataset/train/images/6675.png,1
dataset/train/images/251328.png,0
dataset/train/images/8028.png,1
dataset/train/images/257794.png,0
dataset/train/images/145005.png,1
dataset/train/images/77078.png,1
dataset/train/images/212513.png,0
dataset/train/images/89801.png,1
dataset/train/images/122011.png,1
dataset/train/images/125172.png,1
dataset/train/images/499459.png,1
dataset/train/images/226882.png,0
dataset/train/images/233967.png,0
dataset/train/images/458929.png,0
dataset/train/images/250084.png,0
dataset/train/images/187051.png,0
dataset/train/images/37486.png,1
dataset/train/images/82642.png,1
dataset/train/images/251059.png,0
dataset/train/images/44377.png,1
dataset/train/images/21878.png,1
dataset/train/images/199406.png,0
dataset/train/images/248442.png,0
dataset/train/images/248356.png,0
dataset/train/images/481434.png,1
dataset/train/images/256579.png,0
dataset/train/images/502592.png,1
dataset/train/images/241722.png,0
dataset/train/images/62892.png,1
dataset/train/images/57950.png,1
dataset/train/images/499986.png,1
dataset/train/images/464790.png,0
dataset/train/images/228446.png,0
dataset/train/images/82327.png,1
dataset/train/images/227463.png,0
dataset/train/images/228262.png,0
dataset/train/images/458672.png,0
dataset/train/images/226424.png,0
dataset/train/images/8929.png,1
dataset/train/images/218066.png,0
dataset/train/images/45365.png,1
dataset/train/images/185927.png,0
dataset/train/images/64563.png,1
dataset/train/images/231600.png,0
dataset/train/images/25430.png,1
dataset/train/images/224522.png,0
dataset/train/images/55430.png,1
dataset/train/images/478357.png,1
dataset/train/images/211857.png,0
dataset/train/images/455133.png,0
dataset/train/images/244503.png,0
dataset/train/images/460468.png,0
dataset/train/images/204746.png,0
dataset/train/images/85288.png,1
dataset/train/images/501959.png,1
dataset/train/images/507294.png,1
dataset/train/images/220961.png,0
dataset/train/images/458991.png,0
dataset/train/images/29035.png,1
dataset/train/images/38057.png,1
dataset/train/images/479970.png,1
dataset/train/images/24471.png,1
dataset/train/images/41081.png,1
dataset/train/images/230830.png,0
dataset/train/images/197413.png,0
dataset/train/images/174656.png,1
dataset/train/images/243353.png,0
dataset/train/images/513874.png,1
dataset/train/images/177238.png,1
dataset/train/images/233062.png,0
dataset/train/images/506457.png,1
dataset/train/images/187391.png,0
dataset/train/images/62655.png,1
dataset/train/images/63607.png,1
dataset/train/images/362300.png,1
dataset/train/images/18862.png,1
dataset/train/images/193218.png,0
dataset/train/images/454979.png,0
dataset/train/images/197138.png,0
dataset/train/images/5451.png,1
dataset/train/images/228868.png,0
dataset/train/images/13138.png,1
dataset/train/images/213259.png,0
dataset/train/images/244132.png,0
dataset/train/images/213719.png,0
dataset/train/images/183570.png,0
dataset/train/images/24254.png,1
dataset/train/images/234756.png,0
dataset/train/images/465218.png,0
dataset/train/images/253115.png,0
dataset/train/images/240070.png,0
dataset/train/images/3220.png,1
dataset/train/images/232210.png,0
dataset/train/images/85841.png,1
dataset/train/images/458587.png,0
dataset/train/images/200936.png,0
dataset/train/images/456494.png,0
dataset/train/images/10803.png,1
dataset/train/images/214621.png,0
dataset/train/images/206567.png,0
dataset/train/images/48109.png,1
dataset/train/images/229460.png,0
dataset/train/images/218823.png,0
dataset/train/images/23986.png,1
dataset/train/images/58938.png,1
dataset/train/images/193850.png,0
dataset/train/images/42709.png,1
dataset/train/images/464411.png,0
dataset/train/images/17165.png,1
dataset/train/images/187863.png,0
dataset/train/images/200185.png,0
dataset/train/images/7960.png,1
dataset/train/images/203677.png,0
dataset/train/images/233265.png,0
dataset/train/images/227774.png,0
dataset/train/images/23532.png,1
dataset/train/images/461366.png,0
dataset/train/images/5393.png,1
dataset/train/images/30315.png,1
dataset/train/images/41915.png,1
dataset/train/images/503289.png,1
dataset/train/images/227690.png,0
dataset/train/images/216495.png,0
dataset/train/images/286486.png,1
dataset/train/images/58721.png,1
dataset/train/images/85830.png,1
dataset/train/images/477458.png,1
dataset/train/images/192534.png,0
dataset/train/images/2045.png,1
dataset/train/images/460576.png,0
dataset/train/images/111410.png,1
dataset/train/images/25246.png,1
dataset/train/images/58448.png,1
dataset/train/images/10559.png,1
dataset/train/images/194321.png,0
dataset/train/images/481032.png,1
dataset/train/images/97015.png,1
dataset/train/images/191793.png,0
dataset/train/images/243666.png,0
dataset/train/images/10675.png,1
dataset/train/images/40171.png,1
dataset/train/images/220476.png,0
dataset/train/images/456773.png,0
dataset/train/images/61150.png,1
dataset/train/images/506892.png,1
dataset/train/images/251038.png,0
dataset/train/images/229063.png,0
dataset/train/images/246241.png,0
dataset/train/images/194647.png,0
dataset/train/images/130566.png,1
dataset/train/images/215598.png,0
dataset/train/images/215670.png,0
dataset/train/images/88750.png,1
dataset/train/images/61948.png,1
dataset/train/images/43462.png,1
dataset/train/images/32493.png,1
dataset/train/images/16771.png,1
dataset/train/images/28817.png,1
dataset/train/images/215585.png,0
dataset/train/images/790.png,1
dataset/train/images/218279.png,0
dataset/train/images/455628.png,0
dataset/train/images/97011.png,1
dataset/train/images/30476.png,1
dataset/train/images/89990.png,1
dataset/train/images/151428.png,1
dataset/train/images/457540.png,0
dataset/train/images/230202.png,0
dataset/train/images/496819.png,1
dataset/train/images/201159.png,0
dataset/train/images/457232.png,0
dataset/train/images/190878.png,0
dataset/train/images/46556.png,1
dataset/train/images/507739.png,1
dataset/train/images/196781.png,0
dataset/train/images/246094.png,0
dataset/train/images/182861.png,0
dataset/train/images/189117.png,0
dataset/train/images/237940.png,0
dataset/train/images/238434.png,0
dataset/train/images/13005.png,1
dataset/train/images/220071.png,0
dataset/train/images/478415.png,1
dataset/train/images/236818.png,0
dataset/train/images/248709.png,0
dataset/train/images/506491.png,1
dataset/train/images/47854.png,1
dataset/train/images/47961.png,1
dataset/train/images/239736.png,0
dataset/train/images/478703.png,1
dataset/train/images/238169.png,0
dataset/train/images/461010.png,0
dataset/train/images/25801.png,1
dataset/train/images/244151.png,0
dataset/train/images/20768.png,1
dataset/train/images/116700.png,1
dataset/train/images/217317.png,0
dataset/train/images/462194.png,0
dataset/train/images/32095.png,1
dataset/train/images/481699.png,1
dataset/train/images/91387.png,1
dataset/train/images/508059.png,1
dataset/train/images/229135.png,0
dataset/train/images/185596.png,0
dataset/train/images/210690.png,0
dataset/train/images/224638.png,0
dataset/train/images/463871.png,0
dataset/train/images/225752.png,0
dataset/train/images/214362.png,0
dataset/train/images/66865.png,1
dataset/train/images/196553.png,0
dataset/train/images/211350.png,0
dataset/train/images/10874.png,1
dataset/train/images/254689.png,0
dataset/train/images/19950.png,1
dataset/train/images/45037.png,1
dataset/train/images/40217.png,1
dataset/train/images/4246.png,1
dataset/train/images/9332.png,1
dataset/train/images/26289.png,1
dataset/train/images/463568.png,0
dataset/train/images/499818.png,1
dataset/train/images/27311.png,1
dataset/train/images/477663.png,1
dataset/train/images/191213.png,0
dataset/train/images/243973.png,0
dataset/train/images/8672.png,1
dataset/train/images/203470.png,0
dataset/train/images/211282.png,0
dataset/train/images/240675.png,0
dataset/train/images/63659.png,1
dataset/train/images/502919.png,1
dataset/train/images/303349.png,1
dataset/train/images/245936.png,0
dataset/train/images/25377.png,1
dataset/train/images/63199.png,1
dataset/train/images/223958.png,0
dataset/train/images/242834.png,0
dataset/train/images/205926.png,0
dataset/train/images/481894.png,1
dataset/train/images/42241.png,1
dataset/train/images/133095.png,1
dataset/train/images/463751.png,0
dataset/train/images/184596.png,0
dataset/train/images/255194.png,0
dataset/train/images/120760.png,1
dataset/train/images/35584.png,1
dataset/train/images/46106.png,1
dataset/train/images/2738.png,1
dataset/train/images/213601.png,0
dataset/train/images/184327.png,0
dataset/train/images/456906.png,0
dataset/train/images/222023.png,0
dataset/train/images/107518.png,1
dataset/train/images/246228.png,0
dataset/train/images/804.png,1
dataset/train/images/96863.png,1
dataset/train/images/29228.png,1
dataset/train/images/192163.png,0
dataset/train/images/23841.png,1
dataset/train/images/238298.png,0
dataset/train/images/183554.png,0
dataset/train/images/247166.png,0
dataset/train/images/252713.png,0
dataset/train/images/221065.png,0
dataset/train/images/183066.png,0
dataset/train/images/461878.png,0
dataset/train/images/476398.png,1
dataset/train/images/466215.png,0
dataset/train/images/209686.png,0
dataset/train/images/232349.png,0
dataset/train/images/464461.png,0
dataset/train/images/118204.png,1
dataset/train/images/41782.png,1
dataset/train/images/212767.png,0
dataset/train/images/507626.png,1
dataset/train/images/54828.png,1
dataset/train/images/46877.png,1
dataset/train/images/499322.png,1
dataset/train/images/210001.png,0
dataset/train/images/200187.png,0
dataset/train/images/206245.png,0
dataset/train/images/225602.png,0
dataset/train/images/211702.png,0
dataset/train/images/210190.png,0
dataset/train/images/208147.png,0
dataset/train/images/108185.png,1
dataset/train/images/15861.png,1
dataset/train/images/31970.png,1
dataset/train/images/234973.png,0
dataset/train/images/61293.png,1
dataset/train/images/53113.png,1
dataset/train/images/500535.png,1
dataset/train/images/255033.png,0
dataset/train/images/248895.png,0
dataset/train/images/459059.png,0
dataset/train/images/59595.png,1
dataset/train/images/460802.png,0
dataset/train/images/49868.png,1
dataset/train/images/199953.png,0
dataset/train/images/192878.png,0
dataset/train/images/297778.png,1
dataset/train/images/44769.png,1
dataset/train/images/189093.png,0
dataset/train/images/100746.png,1
dataset/train/images/16331.png,1
dataset/train/images/208673.png,0
dataset/train/images/459948.png,0
dataset/train/images/246495.png,0
dataset/train/images/71210.png,1
dataset/train/images/461068.png,0
dataset/train/images/203384.png,0
dataset/train/images/249031.png,0
dataset/train/images/220783.png,0
dataset/train/images/2508.png,1
dataset/train/images/109664.png,1
dataset/train/images/8162.png,1
dataset/train/images/195588.png,0
dataset/train/images/17798.png,1
dataset/train/images/529308.png,1
dataset/train/images/233017.png,0
dataset/train/images/204159.png,0
dataset/train/images/457133.png,0
dataset/train/images/197230.png,0
dataset/train/images/238047.png,0
dataset/train/images/216211.png,0
dataset/train/images/209168.png,0
dataset/train/images/238590.png,0
dataset/train/images/58931.png,1
dataset/train/images/458703.png,0
dataset/train/images/224502.png,0
dataset/train/images/13178.png,1
dataset/train/images/13476.png,1
dataset/train/images/463944.png,0
dataset/train/images/33991.png,1
dataset/train/images/187393.png,0
dataset/train/images/505094.png,1
dataset/train/images/508625.png,1
dataset/train/images/212526.png,0
dataset/train/images/463862.png,0
dataset/train/images/463738.png,0
dataset/train/images/228100.png,0
dataset/train/images/505280.png,1
dataset/train/images/238071.png,0
dataset/train/images/514392.png,1
dataset/train/images/227021.png,0
dataset/train/images/1347.png,1
dataset/train/images/232495.png,0
dataset/train/images/209840.png,0
dataset/train/images/241848.png,0
dataset/train/images/102030.png,1
dataset/train/images/45377.png,1
dataset/train/images/40624.png,1
dataset/train/images/239818.png,0
dataset/train/images/14094.png,1
dataset/train/images/465046.png,0
dataset/train/images/246725.png,0
dataset/train/images/457419.png,0
dataset/train/images/483113.png,1
dataset/train/images/59392.png,1
dataset/train/images/237206.png,0
dataset/train/images/233881.png,0
dataset/train/images/503408.png,1
dataset/train/images/51205.png,1
dataset/train/images/57816.png,1
dataset/train/images/253363.png,0
dataset/train/images/507147.png,1
dataset/train/images/14304.png,1
dataset/train/images/501931.png,1
dataset/train/images/216577.png,0
dataset/train/images/124523.png,1
dataset/train/images/50036.png,1
dataset/train/images/144148.png,1
dataset/train/images/195921.png,0
dataset/train/images/498775.png,1
dataset/train/images/216823.png,0
dataset/train/images/220273.png,0
dataset/train/images/57357.png,1
dataset/train/images/16060.png,1
dataset/train/images/235374.png,0
dataset/train/images/46370.png,1
dataset/train/images/114930.png,1
dataset/train/images/63859.png,1
dataset/train/images/254947.png,0
dataset/train/images/246395.png,0
dataset/train/images/222501.png,0
dataset/train/images/242218.png,0
dataset/train/images/14305.png,1
dataset/train/images/250892.png,0
dataset/train/images/62112.png,1
dataset/train/images/460886.png,0
dataset/train/images/220807.png,0
dataset/train/images/32698.png,1
dataset/train/images/509502.png,1
dataset/train/images/14816.png,1
dataset/train/images/237458.png,0
dataset/train/images/481561.png,1
dataset/train/images/218190.png,0
dataset/train/images/202125.png,0
dataset/train/images/35513.png,1
dataset/train/images/211212.png,0
dataset/train/images/189313.png,0
dataset/train/images/59351.png,1
dataset/train/images/31096.png,1
dataset/train/images/52224.png,1
dataset/train/images/242728.png,0
dataset/train/images/456421.png,0
dataset/train/images/230406.png,0
dataset/train/images/462763.png,0
dataset/train/images/217852.png,0
dataset/train/images/481202.png,1
dataset/train/images/462684.png,0
dataset/train/images/183557.png,0
dataset/train/images/248540.png,0
dataset/train/images/497170.png,1
dataset/train/images/239796.png,0
dataset/train/images/21239.png,1
dataset/train/images/197802.png,0
dataset/train/images/247612.png,0
dataset/train/images/48549.png,1
dataset/train/images/257574.png,0
dataset/train/images/255072.png,0
dataset/train/images/460269.png,0
dataset/train/images/509110.png,1
dataset/train/images/222602.png,0
dataset/train/images/230102.png,0
dataset/train/images/49910.png,1
dataset/train/images/246424.png,0
dataset/train/images/257176.png,0
dataset/train/images/203081.png,0
dataset/train/images/43797.png,1
dataset/train/images/235578.png,0
dataset/train/images/426928.png,1
dataset/train/images/189839.png,0
dataset/train/images/402.png,1
dataset/train/images/515773.png,1
dataset/train/images/60826.png,1
dataset/train/images/51844.png,1
dataset/train/images/456385.png,0
dataset/train/images/5693.png,1
dataset/train/images/238305.png,0
dataset/train/images/211984.png,0
dataset/train/images/25578.png,1
dataset/train/images/232773.png,0
dataset/train/images/240171.png,0
dataset/train/images/59819.png,1
dataset/train/images/230802.png,0
dataset/train/images/237912.png,0
dataset/train/images/206180.png,0
dataset/train/images/462624.png,0
dataset/train/images/228216.png,0
dataset/train/images/217235.png,0
dataset/train/images/97334.png,1
dataset/train/images/254471.png,0
dataset/train/images/71544.png,1
dataset/train/images/205775.png,0
dataset/train/images/38789.png,1
dataset/train/images/459809.png,0
dataset/train/images/61618.png,1
dataset/train/images/46172.png,1
dataset/train/images/202052.png,0
dataset/train/images/238721.png,0
dataset/train/images/149320.png,1
dataset/train/images/12236.png,1
dataset/train/images/185606.png,0
dataset/train/images/187701.png,0
dataset/train/images/460488.png,0
dataset/train/images/35031.png,1
dataset/train/images/159476.png,1
dataset/train/images/237986.png,0
dataset/train/images/154490.png,1
dataset/train/images/255722.png,0
dataset/train/images/6344.png,1
dataset/train/images/26774.png,1
dataset/train/images/161643.png,1
dataset/train/images/44837.png,1
dataset/train/images/48798.png,1
dataset/train/images/191592.png,0
dataset/train/images/512057.png,1
dataset/train/images/195050.png,0
dataset/train/images/242282.png,0
dataset/train/images/192685.png,0
dataset/train/images/256276.png,0
dataset/train/images/56742.png,1
dataset/train/images/228805.png,0
dataset/train/images/198380.png,0
dataset/train/images/232041.png,0
dataset/train/images/460939.png,0
dataset/train/images/221653.png,0
dataset/train/images/511735.png,1
dataset/train/images/511788.png,1
dataset/train/images/230870.png,0
dataset/train/images/204117.png,0
dataset/train/images/91898.png,1
dataset/train/images/10043.png,1
dataset/train/images/323589.png,1
dataset/train/images/250502.png,0
dataset/train/images/18489.png,1
dataset/train/images/230084.png,0
dataset/train/images/218276.png,0
dataset/train/images/246180.png,0
dataset/train/images/223145.png,0
dataset/train/images/243799.png,0
dataset/train/images/224905.png,0
dataset/train/images/223892.png,0
dataset/train/images/64065.png,1
dataset/train/images/503961.png,1
dataset/train/images/192644.png,0
dataset/train/images/235760.png,0
dataset/train/images/45373.png,1
dataset/train/images/21978.png,1
dataset/train/images/58434.png,1
dataset/train/images/229140.png,0
dataset/train/images/55821.png,1
dataset/train/images/62475.png,1
dataset/train/images/36610.png,1
dataset/train/images/195252.png,0
dataset/train/images/219122.png,0
dataset/train/images/509753.png,1
dataset/train/images/241136.png,0
dataset/train/images/40336.png,1
dataset/train/images/200621.png,0
dataset/train/images/458769.png,0
dataset/train/images/65843.png,1
dataset/train/images/253126.png,0
dataset/train/images/116126.png,1
dataset/train/images/81896.png,1
dataset/train/images/64762.png,1
dataset/train/images/246448.png,0
dataset/train/images/199945.png,0
dataset/train/images/87445.png,1
dataset/train/images/5411.png,1
dataset/train/images/55805.png,1
dataset/train/images/221351.png,0
dataset/train/images/99986.png,1
dataset/train/images/476702.png,1
dataset/train/images/245197.png,0
dataset/train/images/499155.png,1
dataset/train/images/50765.png,1
dataset/train/images/241249.png,0
dataset/train/images/230267.png,0
dataset/train/images/242780.png,0
dataset/train/images/191333.png,0
dataset/train/images/56109.png,1
dataset/train/images/45059.png,1
dataset/train/images/25378.png,1
dataset/train/images/29906.png,1
dataset/train/images/23461.png,1
dataset/train/images/254130.png,0
dataset/train/images/464175.png,0
dataset/train/images/255095.png,0
dataset/train/images/157295.png,1
dataset/train/images/460056.png,0
dataset/train/images/191526.png,0
dataset/train/images/196389.png,0
dataset/train/images/34826.png,1
dataset/train/images/359976.png,1
dataset/train/images/249312.png,0
dataset/train/images/10500.png,1
dataset/train/images/512955.png,1
dataset/train/images/257604.png,0
dataset/train/images/1644.png,1
dataset/train/images/168482.png,1
dataset/train/images/237306.png,0
dataset/train/images/182504.png,1
dataset/train/images/497707.png,1
dataset/train/images/83622.png,1
dataset/train/images/11251.png,1
dataset/train/images/504995.png,1
dataset/train/images/16667.png,1
dataset/train/images/18575.png,1
dataset/train/images/186446.png,0
dataset/train/images/198006.png,0
dataset/train/images/465184.png,0
dataset/train/images/249690.png,0
dataset/train/images/201769.png,0
dataset/train/images/84196.png,1
dataset/train/images/184208.png,0
dataset/train/images/129555.png,1
dataset/train/images/496994.png,1
dataset/train/images/183372.png,0
dataset/train/images/189150.png,0
dataset/train/images/217130.png,0
dataset/train/images/254657.png,0
dataset/train/images/199524.png,0
dataset/train/images/57074.png,1
dataset/train/images/165958.png,1
dataset/train/images/59239.png,1
dataset/train/images/55235.png,1
dataset/train/images/187291.png,0
dataset/train/images/63706.png,1
dataset/train/images/189997.png,0
dataset/train/images/17612.png,1
dataset/train/images/459701.png,0
dataset/train/images/380829.png,1
dataset/train/images/514182.png,1
dataset/train/images/113473.png,1
dataset/train/images/244854.png,0
dataset/train/images/184719.png,0
dataset/train/images/222564.png,0
dataset/train/images/224335.png,0
dataset/train/images/220230.png,0
dataset/train/images/215214.png,0
dataset/train/images/17694.png,1
dataset/train/images/228768.png,0
dataset/train/images/88540.png,1
dataset/train/images/44103.png,1
dataset/train/images/20730.png,1
dataset/train/images/239338.png,0
dataset/train/images/450094.png,1
dataset/train/images/206414.png,0
dataset/train/images/96535.png,1
dataset/train/images/503554.png,1
dataset/train/images/43011.png,1
dataset/train/images/48515.png,1
dataset/train/images/113863.png,1
dataset/train/images/216845.png,0
dataset/train/images/52958.png,1
dataset/train/images/64193.png,1
dataset/train/images/237470.png,0
dataset/train/images/4284.png,1
dataset/train/images/81563.png,1
dataset/train/images/464514.png,0
dataset/train/images/35478.png,1
dataset/train/images/67202.png,1
dataset/train/images/152649.png,1
dataset/train/images/249575.png,0
dataset/train/images/232412.png,0
dataset/train/images/56134.png,1
dataset/train/images/107259.png,1
dataset/train/images/7166.png,1
dataset/train/images/509649.png,1
dataset/train/images/110017.png,1
dataset/train/images/78154.png,1
dataset/train/images/62340.png,1
dataset/train/images/245041.png,0
dataset/train/images/198244.png,0
dataset/train/images/47920.png,1
dataset/train/images/48504.png,1
dataset/train/images/236057.png,0
dataset/train/images/100839.png,1
dataset/train/images/214747.png,0
dataset/train/images/505488.png,1
dataset/train/images/200332.png,0
dataset/train/images/113300.png,1
dataset/train/images/459380.png,0
dataset/train/images/251351.png,0
dataset/train/images/508892.png,1
dataset/train/images/63170.png,1
dataset/train/images/465387.png,0
dataset/train/images/230923.png,0
dataset/train/images/462108.png,0
dataset/train/images/229664.png,0
dataset/train/images/207733.png,0
dataset/train/images/456484.png,0
dataset/train/images/250799.png,0
dataset/train/images/505892.png,1
dataset/train/images/466225.png,0
dataset/train/images/459213.png,0
dataset/train/images/6278.png,1
dataset/train/images/482106.png,1
dataset/train/images/64337.png,1
dataset/train/images/45001.png,1
dataset/train/images/45684.png,1
dataset/train/images/234179.png,0
dataset/train/images/123790.png,1
dataset/train/images/47129.png,1
dataset/train/images/107779.png,1
dataset/train/images/100672.png,1
dataset/train/images/457123.png,0
dataset/train/images/223114.png,0
dataset/train/images/231393.png,0
dataset/train/images/204839.png,0
dataset/train/images/18952.png,1
dataset/train/images/230562.png,0
dataset/train/images/240898.png,0
dataset/train/images/217245.png,0
dataset/train/images/191809.png,0
dataset/train/images/501040.png,1
dataset/train/images/234359.png,0
dataset/train/images/499209.png,1
dataset/train/images/188460.png,0
dataset/train/images/48400.png,1
dataset/train/images/47331.png,1
dataset/train/images/229700.png,0
dataset/train/images/81330.png,1
dataset/train/images/183487.png,0
dataset/train/images/508082.png,1
dataset/train/images/59993.png,1
dataset/train/images/200622.png,0
dataset/train/images/197955.png,0
dataset/train/images/462871.png,0
dataset/train/images/141768.png,1
dataset/train/images/200460.png,0
dataset/train/images/187123.png,0
dataset/train/images/12229.png,1
dataset/train/images/229922.png,0
dataset/train/images/192672.png,0
dataset/train/images/213598.png,0
dataset/train/images/189818.png,0
dataset/train/images/186935.png,0
dataset/train/images/206781.png,0
dataset/train/images/207847.png,0
dataset/train/images/53559.png,1
dataset/train/images/503870.png,1
dataset/train/images/466002.png,0
dataset/train/images/477451.png,1
dataset/train/images/207836.png,0
dataset/train/images/22626.png,1
dataset/train/images/16728.png,1
dataset/train/images/33115.png,1
dataset/train/images/251294.png,0
dataset/train/images/239377.png,0
dataset/train/images/245978.png,0
dataset/train/images/185065.png,0
dataset/train/images/238893.png,0
dataset/train/images/224790.png,0
dataset/train/images/230886.png,0
dataset/train/images/72088.png,1
dataset/train/images/24775.png,1
dataset/train/images/246862.png,0
dataset/train/images/509818.png,1
dataset/train/images/253819.png,0
dataset/train/images/222711.png,0
dataset/train/images/58162.png,1
dataset/train/images/465578.png,0
dataset/train/images/456342.png,0
dataset/train/images/20091.png,1
dataset/train/images/248551.png,0
dataset/train/images/253701.png,0
dataset/train/images/502917.png,1
dataset/train/images/40875.png,1
dataset/train/images/41452.png,1
dataset/train/images/251201.png,0
dataset/train/images/455391.png,0
dataset/train/images/240469.png,0
dataset/train/images/183417.png,0
dataset/train/images/68241.png,1
dataset/train/images/460229.png,0
dataset/train/images/190088.png,0
dataset/train/images/498936.png,1
dataset/train/images/64229.png,1
dataset/train/images/106776.png,1
dataset/train/images/12823.png,1
dataset/train/images/442633.png,1
dataset/train/images/199059.png,0
dataset/train/images/249420.png,0
dataset/train/images/106605.png,1
dataset/train/images/433350.png,1
dataset/train/images/257701.png,0
dataset/train/images/223609.png,0
dataset/train/images/115335.png,1
dataset/train/images/183152.png,0
dataset/train/images/48519.png,1
dataset/train/images/187880.png,0
dataset/train/images/225887.png,0
dataset/train/images/3743.png,1
dataset/train/images/198988.png,0
dataset/train/images/151160.png,1
dataset/train/images/257581.png,0
dataset/train/images/232133.png,0
dataset/train/images/61397.png,1
dataset/train/images/58725.png,1
dataset/train/images/249221.png,0
dataset/train/images/176468.png,1
dataset/train/images/225959.png,0
dataset/train/images/224048.png,0
dataset/train/images/94238.png,1
dataset/train/images/22220.png,1
dataset/train/images/456511.png,0
dataset/train/images/510501.png,1
dataset/train/images/254496.png,0
dataset/train/images/234928.png,0
dataset/train/images/24051.png,1
dataset/train/images/198792.png,0
dataset/train/images/221829.png,0
dataset/train/images/200004.png,0
dataset/train/images/197380.png,0
dataset/train/images/148457.png,1
dataset/train/images/232825.png,0
dataset/train/images/204858.png,0
dataset/train/images/513118.png,1
dataset/train/images/249688.png,0
dataset/train/images/504347.png,1
dataset/train/images/476913.png,1
dataset/train/images/241998.png,0
dataset/train/images/93687.png,1
dataset/train/images/211983.png,0
dataset/train/images/498094.png,1
dataset/train/images/506264.png,1
dataset/train/images/240216.png,0
dataset/train/images/225729.png,0
dataset/train/images/218326.png,0
dataset/train/images/73424.png,1
dataset/train/images/501046.png,1
dataset/train/images/242084.png,0
dataset/train/images/232105.png,0
dataset/train/images/188924.png,0
dataset/train/images/57468.png,1
dataset/train/images/52186.png,1
dataset/train/images/455485.png,0
dataset/train/images/3046.png,1
dataset/train/images/6783.png,1
dataset/train/images/239569.png,0
dataset/train/images/461834.png,0
dataset/train/images/92566.png,1
dataset/train/images/253015.png,0
dataset/train/images/511363.png,1
dataset/train/images/1358.png,1
dataset/train/images/27698.png,1
dataset/train/images/18311.png,1
dataset/train/images/221644.png,0
dataset/train/images/27496.png,1
dataset/train/images/476084.png,1
dataset/train/images/18395.png,1
dataset/train/images/31816.png,1
dataset/train/images/75119.png,1
dataset/train/images/205027.png,0
dataset/train/images/475342.png,1
dataset/train/images/334919.png,1
dataset/train/images/46357.png,1
dataset/train/images/39663.png,1
dataset/train/images/60604.png,1
dataset/train/images/312380.png,1
dataset/train/images/58137.png,1
dataset/train/images/52354.png,1
dataset/train/images/254585.png,0
dataset/train/images/51522.png,1
dataset/train/images/89427.png,1
dataset/train/images/102641.png,1
dataset/train/images/211928.png,0
dataset/train/images/227040.png,0
dataset/train/images/32501.png,1
dataset/train/images/52815.png,1
dataset/train/images/31086.png,1
dataset/train/images/60513.png,1
dataset/train/images/233042.png,0
dataset/train/images/32025.png,1
dataset/train/images/459727.png,0
dataset/train/images/25106.png,1
dataset/train/images/161408.png,1
dataset/train/images/210129.png,0
dataset/train/images/246818.png,0
dataset/train/images/456654.png,0
dataset/train/images/22969.png,1
dataset/train/images/240645.png,0
dataset/train/images/225057.png,0
dataset/train/images/199300.png,0
dataset/train/images/9275.png,1
dataset/train/images/189121.png,0
dataset/train/images/5835.png,1
dataset/train/images/202561.png,0
dataset/train/images/3094.png,1
dataset/train/images/256660.png,0
dataset/train/images/51778.png,1
dataset/train/images/115364.png,1
dataset/train/images/188518.png,0
dataset/train/images/217410.png,0
dataset/train/images/189716.png,0
dataset/train/images/19613.png,1
dataset/train/images/237431.png,0
dataset/train/images/475985.png,1
dataset/train/images/141754.png,1
dataset/train/images/219745.png,0
dataset/train/images/250330.png,0
dataset/train/images/195999.png,0
dataset/train/images/238830.png,0
dataset/train/images/458107.png,0
dataset/train/images/224649.png,0
dataset/train/images/38809.png,1
dataset/train/images/50916.png,1
dataset/train/images/246720.png,0
dataset/train/images/463234.png,0
dataset/train/images/6975.png,1
dataset/train/images/251589.png,0
dataset/train/images/254412.png,0
dataset/train/images/186485.png,0
dataset/train/images/14721.png,1
dataset/train/images/251338.png,0
dataset/train/images/2012.png,1
dataset/train/images/502713.png,1
dataset/train/images/477145.png,1
dataset/train/images/499314.png,1
dataset/train/images/454749.png,0
dataset/train/images/27382.png,1
dataset/train/images/247551.png,0
dataset/train/images/455178.png,0
dataset/train/images/91628.png,1
dataset/train/images/217664.png,0
dataset/train/images/499487.png,1
dataset/train/images/255112.png,0
dataset/train/images/222429.png,0
dataset/train/images/193153.png,0
dataset/train/images/206078.png,0
dataset/train/images/251914.png,0
dataset/train/images/215251.png,0
dataset/train/images/191398.png,0
dataset/train/images/250413.png,0
dataset/train/images/480958.png,1
dataset/train/images/227934.png,0
dataset/train/images/242444.png,0
dataset/train/images/15299.png,1
dataset/train/images/200231.png,0
dataset/train/images/183799.png,0
dataset/train/images/182939.png,0
dataset/train/images/196702.png,0
dataset/train/images/27004.png,1
dataset/train/images/183105.png,0
dataset/train/images/207464.png,0
dataset/train/images/14262.png,1
dataset/train/images/211754.png,0
dataset/train/images/44501.png,1
dataset/train/images/112940.png,1
dataset/train/images/462647.png,0
dataset/train/images/507434.png,1
dataset/train/images/475926.png,1
dataset/train/images/245691.png,0
dataset/train/images/165690.png,1
dataset/train/images/73799.png,1
dataset/train/images/212420.png,0
dataset/train/images/456961.png,0
dataset/train/images/18025.png,1
dataset/train/images/184269.png,0
dataset/train/images/31201.png,1
dataset/train/images/10480.png,1
dataset/train/images/462915.png,0
dataset/train/images/131763.png,1
dataset/train/images/498315.png,1
dataset/train/images/221773.png,0
dataset/train/images/227605.png,0
dataset/train/images/207164.png,0
dataset/train/images/198222.png,0
dataset/train/images/6687.png,1
dataset/train/images/91281.png,1
dataset/train/images/241028.png,0
dataset/train/images/197696.png,0
dataset/train/images/389726.png,1
dataset/train/images/41575.png,1
dataset/train/images/222400.png,0
dataset/train/images/11276.png,1
dataset/train/images/20411.png,1
dataset/train/images/66757.png,1
dataset/train/images/465815.png,0
dataset/train/images/222563.png,0
dataset/train/images/44145.png,1
dataset/train/images/460301.png,0
dataset/train/images/512250.png,1
dataset/train/images/64043.png,1
dataset/train/images/14001.png,1
dataset/train/images/464961.png,0
dataset/train/images/203870.png,0
dataset/train/images/500656.png,1
dataset/train/images/186474.png,0
dataset/train/images/31186.png,1
dataset/train/images/120702.png,1
dataset/train/images/254078.png,0
dataset/train/images/164219.png,1
dataset/train/images/47560.png,1
dataset/train/images/120426.png,1
dataset/train/images/225513.png,0
dataset/train/images/104253.png,1
dataset/train/images/203752.png,0
dataset/train/images/38553.png,1
dataset/train/images/32673.png,1
dataset/train/images/46652.png,1
dataset/train/images/12010.png,1
dataset/train/images/205549.png,0
dataset/train/images/62000.png,1
dataset/train/images/195289.png,0
dataset/train/images/22199.png,1
dataset/train/images/238093.png,0
dataset/train/images/27925.png,1
dataset/train/images/63798.png,1
dataset/train/images/514786.png,1
dataset/train/images/481982.png,1
dataset/train/images/238915.png,0
dataset/train/images/243376.png,0
dataset/train/images/224666.png,0
dataset/train/images/204452.png,0
dataset/train/images/168786.png,1
dataset/train/images/246042.png,0
dataset/train/images/464929.png,0
dataset/train/images/217032.png,0
dataset/train/images/231271.png,0
dataset/train/images/509128.png,1
dataset/train/images/5415.png,1
dataset/train/images/477854.png,1
dataset/train/images/232199.png,0
dataset/train/images/91529.png,1
dataset/train/images/459454.png,0
dataset/train/images/208008.png,0
dataset/train/images/234159.png,0
dataset/train/images/29158.png,1
dataset/train/images/15189.png,1
dataset/train/images/23924.png,1
dataset/train/images/42875.png,1
dataset/train/images/201370.png,0
dataset/train/images/461582.png,0
dataset/train/images/251105.png,0
dataset/train/images/482229.png,1
dataset/train/images/461463.png,0
dataset/train/images/462484.png,0
dataset/train/images/47542.png,1
dataset/train/images/173246.png,1
dataset/train/images/17272.png,1
dataset/train/images/3325.png,1
dataset/train/images/220827.png,0
dataset/train/images/257536.png,0
dataset/train/images/246411.png,0
dataset/train/images/34218.png,1
dataset/train/images/244583.png,0
dataset/train/images/205961.png,0
dataset/train/images/143072.png,1
dataset/train/images/103639.png,1
dataset/train/images/201646.png,0
dataset/train/images/40474.png,1
dataset/train/images/205892.png,0
dataset/train/images/149903.png,1
dataset/train/images/219141.png,0
dataset/train/images/246375.png,0
dataset/train/images/254845.png,0
dataset/train/images/59025.png,1
dataset/train/images/190837.png,0
dataset/train/images/210993.png,0
dataset/train/images/193332.png,0
dataset/train/images/15881.png,1
dataset/train/images/248599.png,0
dataset/train/images/248743.png,0
dataset/train/images/75033.png,1
dataset/train/images/4629.png,1
dataset/train/images/222041.png,0
dataset/train/images/503389.png,1
dataset/train/images/202035.png,0
dataset/train/images/455812.png,0
dataset/train/images/57356.png,1
dataset/train/images/464681.png,0
dataset/train/images/233253.png,0
dataset/train/images/188594.png,0
dataset/train/images/240173.png,0
dataset/train/images/34841.png,1
dataset/train/images/49641.png,1
dataset/train/images/37816.png,1
dataset/train/images/507554.png,1
dataset/train/images/185748.png,0
dataset/train/images/33667.png,1
dataset/train/images/475608.png,1
dataset/train/images/36634.png,1
dataset/train/images/475100.png,1
dataset/train/images/475096.png,1
dataset/train/images/37595.png,1
dataset/train/images/196500.png,0
dataset/train/images/498971.png,1
dataset/train/images/220018.png,0
dataset/train/images/189485.png,0
dataset/train/images/8985.png,1
dataset/train/images/248133.png,0
dataset/train/images/204058.png,0
dataset/train/images/232120.png,0
dataset/train/images/211461.png,0
dataset/train/images/239380.png,0
dataset/train/images/239324.png,0
dataset/train/images/203709.png,0
dataset/train/images/49111.png,1
dataset/train/images/92337.png,1
dataset/train/images/86318.png,1
dataset/train/images/464008.png,0
dataset/train/images/110579.png,1
dataset/train/images/32594.png,1
dataset/train/images/219188.png,0
dataset/train/images/206565.png,0
dataset/train/images/478840.png,1
dataset/train/images/33654.png,1
dataset/train/images/459994.png,0
dataset/train/images/339.png,1
dataset/train/images/177706.png,1
dataset/train/images/63525.png,1
dataset/train/images/238531.png,0
dataset/train/images/235594.png,0
dataset/train/images/191963.png,0
dataset/train/images/40145.png,1
dataset/train/images/55998.png,1
dataset/train/images/198293.png,0
dataset/train/images/463277.png,0
dataset/train/images/143435.png,1
dataset/train/images/506909.png,1
dataset/train/images/63155.png,1
dataset/train/images/64347.png,1
dataset/train/images/248399.png,0
dataset/train/images/225364.png,0
dataset/train/images/45499.png,1
dataset/train/images/26053.png,1
dataset/train/images/103554.png,1
dataset/train/images/308431.png,1
dataset/train/images/99780.png,1
dataset/train/images/5750.png,1
dataset/train/images/459816.png,0
dataset/train/images/191409.png,0
dataset/train/images/16494.png,1
dataset/train/images/512651.png,1
dataset/train/images/256735.png,0
dataset/train/images/150807.png,1
dataset/train/images/183837.png,0
dataset/train/images/86537.png,1
dataset/train/images/47373.png,1
dataset/train/images/228553.png,0
dataset/train/images/226188.png,0
dataset/train/images/236596.png,0
dataset/train/images/242522.png,0
dataset/train/images/39625.png,1
dataset/train/images/196133.png,0
dataset/train/images/244908.png,0
dataset/train/images/458560.png,0
dataset/train/images/256704.png,0
dataset/train/images/71312.png,1
dataset/train/images/9126.png,1
dataset/train/images/223254.png,0
dataset/train/images/212735.png,0
dataset/train/images/224423.png,0
dataset/train/images/46446.png,1
dataset/train/images/15991.png,1
dataset/train/images/59388.png,1
dataset/train/images/51560.png,1
dataset/train/images/196640.png,0
dataset/train/images/28922.png,1
dataset/train/images/202122.png,0
dataset/train/images/455982.png,0
dataset/train/images/209861.png,0
dataset/train/images/507582.png,1
dataset/train/images/61575.png,1
dataset/train/images/250029.png,0
dataset/train/images/84383.png,1
dataset/train/images/223014.png,0
dataset/train/images/505305.png,1
dataset/train/images/243138.png,0
dataset/train/images/481353.png,1
dataset/train/images/52125.png,1
dataset/train/images/236725.png,0
dataset/train/images/10332.png,1
dataset/train/images/3034.png,1
dataset/train/images/250676.png,0
dataset/train/images/187937.png,0
dataset/train/images/231197.png,0
dataset/train/images/234946.png,0
dataset/train/images/235735.png,0
dataset/train/images/56387.png,1
dataset/train/images/503611.png,1
dataset/train/images/255.png,1
dataset/train/images/506730.png,1
dataset/train/images/50728.png,1
dataset/train/images/60827.png,1
dataset/train/images/217425.png,0
dataset/train/images/196926.png,0
dataset/train/images/197883.png,0
dataset/train/images/211453.png,0
dataset/train/images/237539.png,0
dataset/train/images/71960.png,1
dataset/train/images/13017.png,1
dataset/train/images/239363.png,0
dataset/train/images/8146.png,1
dataset/train/images/188486.png,0
dataset/train/images/255900.png,0
dataset/train/images/244005.png,0
dataset/train/images/239206.png,0
dataset/train/images/26724.png,1
dataset/train/images/220809.png,0
dataset/train/images/193747.png,0
dataset/train/images/997.png,1
dataset/train/images/213006.png,0
dataset/train/images/255954.png,0
dataset/train/images/195790.png,0
dataset/train/images/55617.png,1
dataset/train/images/189183.png,0
dataset/train/images/185093.png,0
dataset/train/images/57809.png,1
dataset/train/images/200944.png,0
dataset/train/images/28118.png,1
dataset/train/images/44148.png,1
dataset/train/images/243588.png,0
dataset/train/images/498186.png,1
dataset/train/images/61368.png,1
dataset/train/images/238772.png,0
dataset/train/images/457475.png,0
dataset/train/images/241573.png,0
dataset/train/images/196698.png,0
dataset/train/images/225678.png,0
dataset/train/images/251152.png,0
dataset/train/images/215350.png,0
dataset/train/images/188194.png,0
dataset/train/images/216580.png,0
dataset/train/images/431323.png,1
dataset/train/images/505422.png,1
dataset/train/images/514595.png,1
dataset/train/images/108887.png,1
dataset/train/images/226108.png,0
dataset/train/images/84077.png,1
dataset/train/images/184320.png,0
dataset/train/images/202566.png,0
dataset/train/images/64651.png,1
dataset/train/images/37332.png,1
dataset/train/images/480288.png,1
dataset/train/images/22495.png,1
dataset/train/images/99138.png,1
dataset/train/images/26177.png,1
dataset/train/images/17710.png,1
dataset/train/images/234302.png,0
dataset/train/images/188276.png,0
dataset/train/images/501052.png,1
dataset/train/images/257018.png,0
dataset/train/images/223362.png,0
dataset/train/images/49590.png,1
dataset/train/images/506330.png,1
dataset/train/images/507627.png,1
dataset/train/images/196343.png,0
dataset/train/images/251028.png,0
dataset/train/images/232091.png,0
dataset/train/images/209141.png,0
dataset/train/images/35054.png,1
dataset/train/images/70850.png,1
dataset/train/images/26756.png,1
dataset/train/images/29359.png,1
dataset/train/images/456460.png,0
dataset/train/images/216638.png,0
dataset/train/images/103436.png,1
dataset/train/images/97640.png,1
dataset/train/images/231797.png,0
dataset/train/images/106643.png,1
dataset/train/images/50217.png,1
dataset/train/images/188193.png,0
dataset/train/images/461629.png,0
dataset/train/images/24278.png,1
dataset/train/images/29791.png,1
dataset/train/images/42065.png,1
dataset/train/images/39932.png,1
dataset/train/images/29962.png,1
dataset/train/images/253239.png,0
dataset/train/images/55182.png,1
dataset/train/images/506348.png,1
dataset/train/images/243478.png,0
dataset/train/images/205511.png,0
dataset/train/images/234268.png,0
dataset/train/images/238416.png,0
dataset/train/images/207323.png,0
dataset/train/images/228832.png,0
dataset/train/images/455551.png,0
dataset/train/images/63796.png,1
dataset/train/images/247792.png,0
dataset/train/images/186427.png,0
dataset/train/images/41759.png,1
dataset/train/images/3364.png,1
dataset/train/images/205841.png,0
dataset/train/images/45479.png,1
dataset/train/images/106597.png,1
dataset/train/images/228320.png,0
dataset/train/images/212429.png,0
dataset/train/images/58806.png,1
dataset/train/images/134940.png,1
dataset/train/images/247203.png,0
dataset/train/images/32917.png,1
dataset/train/images/11905.png,1
dataset/train/images/48309.png,1
dataset/train/images/251805.png,0
dataset/train/images/211072.png,0
dataset/train/images/189521.png,0
dataset/train/images/209365.png,0
dataset/train/images/21033.png,1
dataset/train/images/68642.png,1
dataset/train/images/49977.png,1
dataset/train/images/456274.png,0
dataset/train/images/49573.png,1
dataset/train/images/52662.png,1
dataset/train/images/464427.png,0
dataset/train/images/42433.png,1
dataset/train/images/456145.png,0
dataset/train/images/187683.png,0
dataset/train/images/197441.png,0
dataset/train/images/9576.png,1
dataset/train/images/184880.png,0
dataset/train/images/5444.png,1
dataset/train/images/58142.png,1
dataset/train/images/475664.png,1
dataset/train/images/187719.png,0
dataset/train/images/505398.png,1
dataset/train/images/235366.png,0
dataset/train/images/199665.png,0
dataset/train/images/461583.png,0
dataset/train/images/77341.png,1
dataset/train/images/254165.png,0
dataset/train/images/10702.png,1
dataset/train/images/89412.png,1
dataset/train/images/457131.png,0
dataset/train/images/123254.png,1
dataset/train/images/201369.png,0
dataset/train/images/85501.png,1
dataset/train/images/257059.png,0
dataset/train/images/228164.png,0
dataset/train/images/479110.png,1
dataset/train/images/190112.png,0
dataset/train/images/188499.png,0
dataset/train/images/204046.png,0
dataset/train/images/57423.png,1
dataset/train/images/243494.png,0
dataset/train/images/139836.png,1
dataset/train/images/186320.png,0
dataset/train/images/43973.png,1
dataset/train/images/3675.png,1
dataset/train/images/38043.png,1
dataset/train/images/294246.png,1
dataset/train/images/201238.png,0
dataset/train/images/201744.png,0
dataset/train/images/34792.png,1
dataset/train/images/511310.png,1
dataset/train/images/82181.png,1
dataset/train/images/64044.png,1
dataset/train/images/240901.png,0
dataset/train/images/47123.png,1
dataset/train/images/215737.png,0
dataset/train/images/507442.png,1
dataset/train/images/1412.png,1
dataset/train/images/253234.png,0
dataset/train/images/182917.png,0
dataset/train/images/52475.png,1
dataset/train/images/475110.png,1
dataset/train/images/233141.png,0
dataset/train/images/54527.png,1
dataset/train/images/115285.png,1
dataset/train/images/221190.png,0
dataset/train/images/198066.png,0
dataset/train/images/240804.png,0
dataset/train/images/500278.png,1
dataset/train/images/455801.png,0
dataset/train/images/207275.png,0
dataset/train/images/38545.png,1
dataset/train/images/501155.png,1
dataset/train/images/504168.png,1
dataset/train/images/191829.png,0
dataset/train/images/57730.png,1
dataset/train/images/480352.png,1
dataset/train/images/458652.png,0
dataset/train/images/89592.png,1
dataset/train/images/230370.png,0
dataset/train/images/254724.png,0
dataset/train/images/197280.png,0
dataset/train/images/61335.png,1
dataset/train/images/510877.png,1
dataset/train/images/241267.png,0
dataset/train/images/18236.png,1
dataset/train/images/256752.png,0
dataset/train/images/222453.png,0
dataset/train/images/513656.png,1
dataset/train/images/216385.png,0
dataset/train/images/23104.png,1
dataset/train/images/46238.png,1
dataset/train/images/229186.png,0
dataset/train/images/185898.png,0
dataset/train/images/55428.png,1
dataset/train/images/3770.png,1
dataset/train/images/466137.png,0
dataset/train/images/504404.png,1
dataset/train/images/42882.png,1
dataset/train/images/456722.png,0
dataset/train/images/48428.png,1
dataset/train/images/458832.png,0
dataset/train/images/194925.png,0
dataset/train/images/142585.png,1
dataset/train/images/189529.png,0
dataset/train/images/231137.png,0
dataset/train/images/395719.png,1
dataset/train/images/183201.png,0
dataset/train/images/475162.png,1
dataset/train/images/232253.png,0
dataset/train/images/54402.png,1
dataset/train/images/92669.png,1
dataset/train/images/463662.png,0
dataset/train/images/216159.png,0
dataset/train/images/184490.png,0
dataset/train/images/114505.png,1
dataset/train/images/42081.png,1
dataset/train/images/507520.png,1
dataset/train/images/235825.png,0
dataset/train/images/208867.png,0
dataset/train/images/16362.png,1
dataset/train/images/464249.png,0
dataset/train/images/33285.png,1
dataset/train/images/24509.png,1
dataset/train/images/511980.png,1
dataset/train/images/239453.png,0
dataset/train/images/237258.png,0
dataset/train/images/221494.png,0
dataset/train/images/3802.png,1
dataset/train/images/236948.png,0
dataset/train/images/124256.png,1
dataset/train/images/228769.png,0
dataset/train/images/230092.png,0
dataset/train/images/42708.png,1
dataset/train/images/252870.png,0
dataset/train/images/239983.png,0
dataset/train/images/30648.png,1
dataset/train/images/166312.png,1
dataset/train/images/25728.png,1
dataset/train/images/215725.png,0
dataset/train/images/505360.png,1
dataset/train/images/202421.png,0
dataset/train/images/8057.png,1
dataset/train/images/43021.png,1
dataset/train/images/25051.png,1
dataset/train/images/7423.png,1
dataset/train/images/201952.png,0
dataset/train/images/220126.png,0
dataset/train/images/29296.png,1
dataset/train/images/14577.png,1
dataset/train/images/34558.png,1
dataset/train/images/237164.png,0
dataset/train/images/262102.png,1
dataset/train/images/497800.png,1
dataset/train/images/185663.png,0
dataset/train/images/128630.png,1
dataset/train/images/22267.png,1
dataset/train/images/246162.png,0
dataset/train/images/460728.png,0
dataset/train/images/56976.png,1
dataset/train/images/229414.png,0
dataset/train/images/222285.png,0
dataset/train/images/236492.png,0
dataset/train/images/510529.png,1
dataset/train/images/113760.png,1
dataset/train/images/86455.png,1
dataset/train/images/61206.png,1
dataset/train/images/10577.png,1
dataset/train/images/465169.png,0
dataset/train/images/21950.png,1
dataset/train/images/184308.png,0
dataset/train/images/99074.png,1
dataset/train/images/41730.png,1
dataset/train/images/200006.png,0
dataset/train/images/217183.png,0
dataset/train/images/1487.png,1
dataset/train/images/214211.png,0
dataset/train/images/123893.png,1
dataset/train/images/111562.png,1
dataset/train/images/501276.png,1
dataset/train/images/218504.png,0
dataset/train/images/252122.png,0
dataset/train/images/206872.png,0
dataset/train/images/463001.png,0
dataset/train/images/465960.png,0
dataset/train/images/94136.png,1
dataset/train/images/228890.png,0
dataset/train/images/64374.png,1
dataset/train/images/52442.png,1
dataset/train/images/514652.png,1
dataset/train/images/227374.png,0
dataset/train/images/63530.png,1
dataset/train/images/205001.png,0
dataset/train/images/221187.png,0
dataset/train/images/185752.png,0
dataset/train/images/59514.png,1
dataset/train/images/219392.png,0
dataset/train/images/144632.png,1
dataset/train/images/186901.png,0
dataset/train/images/216223.png,0
dataset/train/images/464648.png,0
dataset/train/images/455745.png,0
dataset/train/images/245464.png,0
dataset/train/images/13197.png,1
dataset/train/images/70872.png,1
dataset/train/images/40367.png,1
dataset/train/images/59507.png,1
dataset/train/images/2949.png,1
dataset/train/images/224308.png,0
dataset/train/images/234836.png,0
dataset/train/images/512776.png,1
dataset/train/images/203918.png,0
dataset/train/images/196108.png,0
dataset/train/images/205857.png,0
dataset/train/images/106926.png,1
dataset/train/images/183336.png,0
dataset/train/images/45840.png,1
dataset/train/images/247071.png,0
dataset/train/images/239680.png,0
dataset/train/images/10589.png,1
dataset/train/images/219031.png,0
dataset/train/images/253591.png,0
dataset/train/images/25522.png,1
dataset/train/images/210422.png,0
dataset/train/images/203860.png,0
dataset/train/images/48454.png,1
dataset/train/images/465983.png,0
dataset/train/images/284530.png,1
dataset/train/images/465015.png,0
dataset/train/images/2174.png,1
dataset/train/images/60200.png,1
dataset/train/images/186802.png,0
dataset/train/images/30330.png,1
dataset/train/images/182777.png,0
dataset/train/images/199737.png,0
dataset/train/images/5196.png,1
dataset/train/images/3681.png,1
dataset/train/images/238061.png,0
dataset/train/images/464090.png,0
dataset/train/images/459317.png,0
dataset/train/images/237543.png,0
dataset/train/images/461767.png,0
dataset/train/images/40301.png,1
dataset/train/images/200060.png,0
dataset/train/images/60996.png,1
dataset/train/images/43199.png,1
dataset/train/images/64443.png,1
dataset/train/images/39770.png,1
dataset/train/images/216104.png,0
dataset/train/images/62688.png,1
dataset/train/images/5304.png,1
dataset/train/images/480473.png,1
dataset/train/images/463760.png,0
dataset/train/images/209377.png,0
dataset/train/images/238409.png,0
dataset/train/images/49918.png,1
dataset/train/images/193715.png,0
dataset/train/images/22989.png,1
dataset/train/images/460746.png,0
dataset/train/images/58539.png,1
dataset/train/images/234362.png,0
dataset/train/images/196441.png,0
dataset/train/images/237771.png,0
dataset/train/images/242926.png,0
dataset/train/images/205509.png,0
dataset/train/images/220605.png,0
dataset/train/images/2141.png,1
dataset/train/images/30938.png,1
dataset/train/images/441.png,1
dataset/train/images/170957.png,1
dataset/train/images/508210.png,1
dataset/train/images/7110.png,1
dataset/train/images/2786.png,1
dataset/train/images/513837.png,1
dataset/train/images/500900.png,1
dataset/train/images/207108.png,0
dataset/train/images/22019.png,1
dataset/train/images/22439.png,1
dataset/train/images/185000.png,0
dataset/train/images/53214.png,1
dataset/train/images/217927.png,0
dataset/train/images/458038.png,0
dataset/train/images/31812.png,1
dataset/train/images/195646.png,0
dataset/train/images/498944.png,1
dataset/train/images/42938.png,1
dataset/train/images/30213.png,1
dataset/train/images/14077.png,1
dataset/train/images/224241.png,0
dataset/train/images/483058.png,1
dataset/train/images/80220.png,1
dataset/train/images/226772.png,0
dataset/train/images/257580.png,0
dataset/train/images/229592.png,0
dataset/train/images/246647.png,0
dataset/train/images/5481.png,1
dataset/train/images/33068.png,1
dataset/train/images/465246.png,0
dataset/train/images/215984.png,0
dataset/train/images/229027.png,0
dataset/train/images/38555.png,1
dataset/train/images/501033.png,1
dataset/train/images/200477.png,0
dataset/train/images/116678.png,1
dataset/train/images/256153.png,0
dataset/train/images/80292.png,1
dataset/train/images/186854.png,0
dataset/train/images/67477.png,1
dataset/train/images/183971.png,0
dataset/train/images/237495.png,0
dataset/train/images/499225.png,1
dataset/train/images/224310.png,0
dataset/train/images/192217.png,0
dataset/train/images/290913.png,1
dataset/train/images/2124.png,1
dataset/train/images/223654.png,0
dataset/train/images/185617.png,0
dataset/train/images/134768.png,1
dataset/train/images/215176.png,0
dataset/train/images/515330.png,1
dataset/train/images/252560.png,0
dataset/train/images/36866.png,1
dataset/train/images/10053.png,1
dataset/train/images/204840.png,0
dataset/train/images/221358.png,0
dataset/train/images/246941.png,0
dataset/train/images/191053.png,0
dataset/train/images/507118.png,1
dataset/train/images/238157.png,0
dataset/train/images/465427.png,0
dataset/train/images/207770.png,0
dataset/train/images/223784.png,0
dataset/train/images/18202.png,1
dataset/train/images/300709.png,1
dataset/train/images/213378.png,0
dataset/train/images/29306.png,1
dataset/train/images/201149.png,0
dataset/train/images/9567.png,1
dataset/train/images/241753.png,0
dataset/train/images/196964.png,0
dataset/train/images/187758.png,0
dataset/train/images/236736.png,0
dataset/train/images/251215.png,0
dataset/train/images/197528.png,0
dataset/train/images/202489.png,0
dataset/train/images/189981.png,0
dataset/train/images/387385.png,1
dataset/train/images/459168.png,0
dataset/train/images/206177.png,0
dataset/train/images/512022.png,1
dataset/train/images/244323.png,0
dataset/train/images/30775.png,1
dataset/train/images/252437.png,0
dataset/train/images/496649.png,1
dataset/train/images/61295.png,1
dataset/train/images/256247.png,0
dataset/train/images/39502.png,1
dataset/train/images/66867.png,1
dataset/train/images/168525.png,1
dataset/train/images/62903.png,1
dataset/train/images/186688.png,0
dataset/train/images/229474.png,0
dataset/train/images/62423.png,1
dataset/train/images/82607.png,1
dataset/train/images/49991.png,1
dataset/train/images/232541.png,0
dataset/train/images/235675.png,0
dataset/train/images/246239.png,0
dataset/train/images/192605.png,0
dataset/train/images/60271.png,1
dataset/train/images/39528.png,1
dataset/train/images/221992.png,0
dataset/train/images/459174.png,0
dataset/train/images/22959.png,1
dataset/train/images/325028.png,1
dataset/train/images/238828.png,0
dataset/train/images/459505.png,0
dataset/train/images/37401.png,1
dataset/train/images/1404.png,1
dataset/train/images/144521.png,1
dataset/train/images/49360.png,1
dataset/train/images/458461.png,0
dataset/train/images/199198.png,0
dataset/train/images/244720.png,0
dataset/train/images/227204.png,0
dataset/train/images/19560.png,1
dataset/train/images/237851.png,0
dataset/train/images/82176.png,1
dataset/train/images/232901.png,0
dataset/train/images/215560.png,0
dataset/train/images/477486.png,1
dataset/train/images/251187.png,0
dataset/train/images/21901.png,1
dataset/train/images/55736.png,1
dataset/train/images/62166.png,1
dataset/train/images/48918.png,1
dataset/train/images/187514.png,0
dataset/train/images/505567.png,1
dataset/train/images/10179.png,1
dataset/train/images/497835.png,1
dataset/train/images/105399.png,1
dataset/train/images/191747.png,0
dataset/train/images/79125.png,1
dataset/train/images/2664.png,1
dataset/train/images/197594.png,0
dataset/train/images/208272.png,0
dataset/train/images/193426.png,0
dataset/train/images/34699.png,1
dataset/train/images/242119.png,0
dataset/train/images/49451.png,1
dataset/train/images/94750.png,1
dataset/train/images/77902.png,1
dataset/train/images/27905.png,1
dataset/train/images/251800.png,0
dataset/train/images/225815.png,0
dataset/train/images/211203.png,0
dataset/train/images/88247.png,1
dataset/train/images/119284.png,1
dataset/train/images/502903.png,1
dataset/train/images/67522.png,1
dataset/train/images/12070.png,1
dataset/train/images/462909.png,0
dataset/train/images/204898.png,0
dataset/train/images/224533.png,0
dataset/train/images/150674.png,1
dataset/train/images/240646.png,0
dataset/train/images/33397.png,1
dataset/train/images/11041.png,1
dataset/train/images/243028.png,0
dataset/train/images/508060.png,1
dataset/train/images/208398.png,0
dataset/train/images/6886.png,1
dataset/train/images/203122.png,0
dataset/train/images/201687.png,0
dataset/train/images/6301.png,1
dataset/train/images/38044.png,1
dataset/train/images/205353.png,0
dataset/train/images/27421.png,1
dataset/train/images/121852.png,1
dataset/train/images/509241.png,1
dataset/train/images/123838.png,1
dataset/train/images/31778.png,1
dataset/train/images/23351.png,1
dataset/train/images/200717.png,0
dataset/train/images/64462.png,1
dataset/train/images/368890.png,1
dataset/train/images/34034.png,1
dataset/train/images/74167.png,1
dataset/train/images/192674.png,0
dataset/train/images/206695.png,0
dataset/train/images/163980.png,1
dataset/train/images/88307.png,1
dataset/train/images/250415.png,0
dataset/train/images/509690.png,1
dataset/train/images/257044.png,0
dataset/train/images/462353.png,0
dataset/train/images/112867.png,1
dataset/train/images/39715.png,1
dataset/train/images/42930.png,1
dataset/train/images/31848.png,1
dataset/train/images/239610.png,0
dataset/train/images/251012.png,0
dataset/train/images/212230.png,0
dataset/train/images/221999.png,0
dataset/train/images/10770.png,1
dataset/train/images/220390.png,0
dataset/train/images/245149.png,0
dataset/train/images/6746.png,1
dataset/train/images/76325.png,1
dataset/train/images/475632.png,1
dataset/train/images/251668.png,0
dataset/train/images/4122.png,1
dataset/train/images/193471.png,0
dataset/train/images/459411.png,0
dataset/train/images/63130.png,1
dataset/train/images/238908.png,0
dataset/train/images/10150.png,1
dataset/train/images/235308.png,0
dataset/train/images/215795.png,0
dataset/train/images/74866.png,1
dataset/train/images/233821.png,0
dataset/train/images/510645.png,1
dataset/train/images/108236.png,1
dataset/train/images/230065.png,0
dataset/train/images/481020.png,1
dataset/train/images/30925.png,1
dataset/train/images/459904.png,0
dataset/train/images/456888.png,0
dataset/train/images/25973.png,1
dataset/train/images/462114.png,0
dataset/train/images/463809.png,0
dataset/train/images/35726.png,1
dataset/train/images/216321.png,0
dataset/train/images/22345.png,1
dataset/train/images/206362.png,0
dataset/train/images/507068.png,1
dataset/train/images/56446.png,1
dataset/train/images/198173.png,0
dataset/train/images/2930.png,1
dataset/train/images/10527.png,1
dataset/train/images/235538.png,0
dataset/train/images/227241.png,0
dataset/train/images/256953.png,0
dataset/train/images/475202.png,1
dataset/train/images/203439.png,0
dataset/train/images/249003.png,0
dataset/train/images/30848.png,1
dataset/train/images/92220.png,1
dataset/train/images/232870.png,0
dataset/train/images/463785.png,0
dataset/train/images/456589.png,0
dataset/train/images/115043.png,1
dataset/train/images/5800.png,1
dataset/train/images/137978.png,1
dataset/train/images/228610.png,0
dataset/train/images/211181.png,0
dataset/train/images/372219.png,1
dataset/train/images/257786.png,0
dataset/train/images/230435.png,0
dataset/train/images/226057.png,0
dataset/train/images/496676.png,1
dataset/train/images/145128.png,1
dataset/train/images/215444.png,0
dataset/train/images/240701.png,0
dataset/train/images/244596.png,0
dataset/train/images/501802.png,1
dataset/train/images/478894.png,1
dataset/train/images/195031.png,0
dataset/train/images/237589.png,0
dataset/train/images/243718.png,0
dataset/train/images/201154.png,0
dataset/train/images/457058.png,0
dataset/train/images/513674.png,1
dataset/train/images/510794.png,1
dataset/train/images/192557.png,0
dataset/train/images/15023.png,1
dataset/train/images/113101.png,1
dataset/train/images/218980.png,0
dataset/train/images/41649.png,1
dataset/train/images/54293.png,1
dataset/train/images/245593.png,0
dataset/train/images/85033.png,1
dataset/train/images/49232.png,1
dataset/train/images/513385.png,1
dataset/train/images/199507.png,0
dataset/train/images/464307.png,0
dataset/train/images/45402.png,1
dataset/train/images/253125.png,0
dataset/train/images/53847.png,1
dataset/train/images/384.png,1
dataset/train/images/476511.png,1
dataset/train/images/477286.png,1
dataset/train/images/200955.png,0
dataset/train/images/72137.png,1
dataset/train/images/196589.png,0
dataset/train/images/248058.png,0
dataset/train/images/214750.png,0
dataset/train/images/203635.png,0
dataset/train/images/203803.png,0
dataset/train/images/7219.png,1
dataset/train/images/21256.png,1
dataset/train/images/455357.png,0
dataset/train/images/35267.png,1
dataset/train/images/43697.png,1
dataset/train/images/460387.png,0
dataset/train/images/456914.png,0
dataset/train/images/197769.png,0
dataset/train/images/229275.png,0
dataset/train/images/142830.png,1
dataset/train/images/462688.png,0
dataset/train/images/480232.png,1
dataset/train/images/32716.png,1
dataset/train/images/96325.png,1
dataset/train/images/31518.png,1
dataset/train/images/508389.png,1
dataset/train/images/456019.png,0
dataset/train/images/14089.png,1
dataset/train/images/212512.png,0
dataset/train/images/207901.png,0
dataset/train/images/53706.png,1
dataset/train/images/21106.png,1
dataset/train/images/55650.png,1
dataset/train/images/214302.png,0
dataset/train/images/194249.png,0
dataset/train/images/188744.png,0
dataset/train/images/457557.png,0
dataset/train/images/207300.png,0
dataset/train/images/217332.png,0
dataset/train/images/255756.png,0
dataset/train/images/51113.png,1
dataset/train/images/187189.png,0
dataset/train/images/458095.png,0
dataset/train/images/57500.png,1
dataset/train/images/31190.png,1
dataset/train/images/476604.png,1
dataset/train/images/49358.png,1
dataset/train/images/23471.png,1
dataset/train/images/227327.png,0
dataset/train/images/58349.png,1
dataset/train/images/52689.png,1
dataset/train/images/31136.png,1
dataset/train/images/193900.png,0
dataset/train/images/506620.png,1
dataset/train/images/66969.png,1
dataset/train/images/114858.png,1
dataset/train/images/499710.png,1
dataset/train/images/504482.png,1
dataset/train/images/186213.png,0
dataset/train/images/31351.png,1
dataset/train/images/67749.png,1
dataset/train/images/34411.png,1
dataset/train/images/257068.png,0
dataset/train/images/114701.png,1
dataset/train/images/220918.png,0
dataset/train/images/232697.png,0
dataset/train/images/507968.png,1
dataset/train/images/84410.png,1
dataset/train/images/34724.png,1
dataset/train/images/461946.png,0
dataset/train/images/59213.png,1
dataset/train/images/195114.png,0
dataset/train/images/509390.png,1
dataset/train/images/235254.png,0
dataset/train/images/20710.png,1
dataset/train/images/20325.png,1
dataset/train/images/165684.png,1
dataset/train/images/231831.png,0
dataset/train/images/213894.png,0
dataset/train/images/54159.png,1
dataset/train/images/255260.png,0
dataset/train/images/213199.png,0
dataset/train/images/10442.png,1
dataset/train/images/56418.png,1
dataset/train/images/500127.png,1
dataset/train/images/478379.png,1
dataset/train/images/53247.png,1
dataset/train/images/61548.png,1
dataset/train/images/72538.png,1
dataset/train/images/42426.png,1
dataset/train/images/481382.png,1
dataset/train/images/5216.png,1
dataset/train/images/458756.png,0
dataset/train/images/216945.png,0
dataset/train/images/220663.png,0
dataset/train/images/235312.png,0
dataset/train/images/59354.png,1
dataset/train/images/482272.png,1
dataset/train/images/52752.png,1
dataset/train/images/497319.png,1
dataset/train/images/257851.png,0
dataset/train/images/466274.png,0
dataset/train/images/88751.png,1
dataset/train/images/89203.png,1
dataset/train/images/254039.png,0
dataset/train/images/250258.png,0
dataset/train/images/238099.png,0
dataset/train/images/204485.png,0
dataset/train/images/462237.png,0
dataset/train/images/478589.png,1
dataset/train/images/214398.png,0
dataset/train/images/62975.png,1
dataset/train/images/459022.png,0
dataset/train/images/52967.png,1
dataset/train/images/52032.png,1
dataset/train/images/246431.png,0
dataset/train/images/30823.png,1
dataset/train/images/246022.png,0
dataset/train/images/199291.png,0
dataset/train/images/497359.png,1
dataset/train/images/12721.png,1
dataset/train/images/186181.png,0
dataset/train/images/231877.png,0
dataset/train/images/236362.png,0
dataset/train/images/196779.png,0
dataset/train/images/459982.png,0
dataset/train/images/500683.png,1
dataset/train/images/209767.png,0
dataset/train/images/244631.png,0
dataset/train/images/89783.png,1
dataset/train/images/250495.png,0
dataset/train/images/60587.png,1
dataset/train/images/190811.png,0
dataset/train/images/103940.png,1
dataset/train/images/48582.png,1
dataset/train/images/22115.png,1
dataset/train/images/38705.png,1
dataset/train/images/235142.png,0
dataset/train/images/475743.png,1
dataset/train/images/237958.png,0
dataset/train/images/128640.png,1
dataset/train/images/509443.png,1
dataset/train/images/211969.png,0
dataset/train/images/32219.png,1
dataset/train/images/29411.png,1
dataset/train/images/240941.png,0
dataset/train/images/90993.png,1
dataset/train/images/476997.png,1
dataset/train/images/218153.png,0
dataset/train/images/187772.png,0
dataset/train/images/478797.png,1
dataset/train/images/212301.png,0
dataset/train/images/215467.png,0
dataset/train/images/87240.png,1
dataset/train/images/235398.png,0
dataset/train/images/244071.png,0
dataset/train/images/184576.png,0
dataset/train/images/6384.png,1
dataset/train/images/5169.png,1
dataset/train/images/105260.png,1
dataset/train/images/245115.png,0
dataset/train/images/511695.png,1
dataset/train/images/221259.png,0
dataset/train/images/231975.png,0
dataset/train/images/29851.png,1
dataset/train/images/19833.png,1
dataset/train/images/499557.png,1
dataset/train/images/211808.png,0
dataset/train/images/251023.png,0
dataset/train/images/204592.png,0
dataset/train/images/206425.png,0
dataset/train/images/160988.png,1
dataset/train/images/508128.png,1
dataset/train/images/5569.png,1
dataset/train/images/223991.png,0
dataset/train/images/8944.png,1
dataset/train/images/31389.png,1
dataset/train/images/204462.png,0
dataset/train/images/457083.png,0
dataset/train/images/10417.png,1
dataset/train/images/226155.png,0
dataset/train/images/217819.png,0
dataset/train/images/22644.png,1
dataset/train/images/231750.png,0
dataset/train/images/30875.png,1
dataset/train/images/253827.png,0
dataset/train/images/480878.png,1
dataset/train/images/252261.png,0
dataset/train/images/185734.png,0
dataset/train/images/478514.png,1
dataset/train/images/64699.png,1
dataset/train/images/224200.png,0
dataset/train/images/185358.png,0
dataset/train/images/7422.png,1
dataset/train/images/230810.png,0
dataset/train/images/218297.png,0
dataset/train/images/7933.png,1
dataset/train/images/231562.png,0
dataset/train/images/213511.png,0
dataset/train/images/26940.png,1
dataset/train/images/478643.png,1
dataset/train/images/33552.png,1
dataset/train/images/189991.png,0
dataset/train/images/477093.png,1
dataset/train/images/52130.png,1
dataset/train/images/242013.png,0
dataset/train/images/463577.png,0
dataset/train/images/463885.png,0
dataset/train/images/191979.png,0
dataset/train/images/40651.png,1
dataset/train/images/209187.png,0
dataset/train/images/215120.png,0
dataset/train/images/29343.png,1
dataset/train/images/55126.png,1
dataset/train/images/15219.png,1
dataset/train/images/110922.png,1
dataset/train/images/9076.png,1
dataset/train/images/458288.png,0
dataset/train/images/18683.png,1
dataset/train/images/55276.png,1
dataset/train/images/241706.png,0
dataset/train/images/35352.png,1
dataset/train/images/38424.png,1
dataset/train/images/201492.png,0
dataset/train/images/214962.png,0
dataset/train/images/208826.png,0
dataset/train/images/38854.png,1
dataset/train/images/232206.png,0
dataset/train/images/249795.png,0
dataset/train/images/123006.png,1
dataset/train/images/79312.png,1
dataset/train/images/23717.png,1
dataset/train/images/47002.png,1
dataset/train/images/52406.png,1