imagePath,label
images/211455.png,0
images/246968.png,0
images/250752.png,0
images/245234.png,0
images/216937.png,0
images/208566.png,0
images/240095.png,0
images/205775.png,0
images/460116.png,0
images/254282.png,0
images/206231.png,0
images/464483.png,0
images/213463.png,0
images/209686.png,0
images/212325.png,0
images/204898.png,0
images/205745.png,0
images/223412.png,0
images/242891.png,0
images/240991.png,0
images/461196.png,0
images/248539.png,0
images/249947.png,0
images/220663.png,0
images/213126.png,0
images/232451.png,0
images/226188.png,0
images/212110.png,0
images/459448.png,0
images/211712.png,0
images/197415.png,0
images/253936.png,0
images/220230.png,0
images/196640.png,0
images/184826.png,0
images/229414.png,0
images/198365.png,0
images/253125.png,0
images/220771.png,0
images/192753.png,0
images/199959.png,0
images/256736.png,0
images/255038.png,0
images/200483.png,0
images/251319.png,0
images/187453.png,0
images/250171.png,0
images/209715.png,0
images/457042.png,0
images/222564.png,0
images/196469.png,0
images/255833.png,0
images/219912.png,0
images/234143.png,0
images/456773.png,0
images/217858.png,0
images/224259.png,0
images/183884.png,0
images/208975.png,0
images/200332.png,0
images/195561.png,0
images/248133.png,0
images/249355.png,0
images/250200.png,0
images/249099.png,0
images/461805.png,0
images/187472.png,0
images/230673.png,0
images/191963.png,0
images/228836.png,0
images/232844.png,0
images/253234.png,0
images/456145.png,0
images/192878.png,0
images/234328.png,0
images/183344.png,0
images/237408.png,0
images/242637.png,0
images/216408.png,0
images/249040.png,0
images/204431.png,0
images/463437.png,0
images/218575.png,0
images/460802.png,0
images/243666.png,0
images/208494.png,0
images/459779.png,0
images/239818.png,0
images/231797.png,0
images/249477.png,0
images/221829.png,0
images/256704.png,0
images/197165.png,0
images/242560.png,0
images/459248.png,0
images/249391.png,0
images/460980.png,0
images/454967.png,0
images/209534.png,0
images/201435.png,0
images/222995.png,0
images/189521.png,0
images/464984.png,0
images/465467.png,0
images/248534.png,0
images/220387.png,0
images/225556.png,0
images/190324.png,0
images/217940.png,0
images/205703.png,0
images/213450.png,0
images/246862.png,0
images/204663.png,0
images/253848.png,0
images/228186.png,0
images/460886.png,0
images/203864.png,0
images/185584.png,0
images/457185.png,0
images/236381.png,0
images/188486.png,0
images/253438.png,0
images/201759.png,0
images/214962.png,0
images/457759.png,0
images/254875.png,0
images/218519.png,0
images/188242.png,0
images/224057.png,0
images/211163.png,0
images/247252.png,0
images/255095.png,0
images/215644.png,0
images/454745.png,0
images/200006.png,0
images/245535.png,0
images/238055.png,0
images/235772.png,0
images/224034.png,0
images/200936.png,0
images/456646.png,0
images/197135.png,0
images/205354.png,0
images/251957.png,0
images/237940.png,0
images/235059.png,0
images/203809.png,0
images/213963.png,0
images/221992.png,0
images/244180.png,0
images/239736.png,0
images/248069.png,0
images/240081.png,0
images/246818.png,0
images/218602.png,0
images/237072.png,0
images/242282.png,0
images/229833.png,0
images/217861.png,0
images/231831.png,0
images/200097.png,0
images/188528.png,0
images/255777.png,0
images/208798.png,0
images/183145.png,0
images/198166.png,0
images/224434.png,0
images/184573.png,0
images/212933.png,0
images/210432.png,0
images/223892.png,0
images/464307.png,0
images/198060.png,0
images/193740.png,0
images/455628.png,0
images/197322.png,0
images/247017.png,0
images/206362.png,0
images/198792.png,0
images/465644.png,0
images/213400.png,0
images/222872.png,0
images/199842.png,0
images/207517.png,0
images/238857.png,0
images/255767.png,0
images/239782.png,0
images/226333.png,0
images/246700.png,0
images/206743.png,0
images/195381.png,0
images/185000.png,0
images/460110.png,0
images/236346.png,0
images/234895.png,0
images/223913.png,0
images/213160.png,0
images/232224.png,0
images/241976.png,0
images/214085.png,0
images/217161.png,0
images/230647.png,0
images/244227.png,0
images/461437.png,0
images/190024.png,0
images/457044.png,0
images/190594.png,0
images/249003.png,0
images/200746.png,0
images/189243.png,0
images/257701.png,0
images/232428.png,0
images/184320.png,0
images/251012.png,0
images/460769.png,0
images/246232.png,0
images/250227.png,0
images/204299.png,0
images/232587.png,0
images/210367.png,0
images/206774.png,0
images/459131.png,0
images/232289.png,0
images/199513.png,0
images/461209.png,0
images/200391.png,0
images/194917.png,0
images/201497.png,0
images/230104.png,0
images/228771.png,0
images/225239.png,0
images/235753.png,0
images/202768.png,0
images/226202.png,0
images/237773.png,0
images/229393.png,0
images/220883.png,0
images/232901.png,0
images/246022.png,0
images/184431.png,0
images/461767.png,0
images/211425.png,0
images/248867.png,0
images/185112.png,0
images/229019.png,0
images/459174.png,0
images/246524.png,0
images/201055.png,0
images/221304.png,0
images/463046.png,0
images/240216.png,0
images/239594.png,0
images/256748.png,0
images/194394.png,0
images/210832.png,0
images/248094.png,0
images/223896.png,0
images/241254.png,0
images/458081.png,0
images/191568.png,0
images/255481.png,0
images/224191.png,0
images/455001.png,0
images/238621.png,0
images/466162.png,0
images/228100.png,0
images/187683.png,0
images/240699.png,0
images/239743.png,0
images/196779.png,0
images/198159.png,0
images/242013.png,0
images/222453.png,0
images/456494.png,0
images/215291.png,0
images/459505.png,0
images/253126.png,0
images/193715.png,0
images/244854.png,0
images/218199.png,0
images/222691.png,0
images/221358.png,0
images/199057.png,0
images/193471.png,0
images/209108.png,0
images/243234.png,0
images/184596.png,0
images/201149.png,0
images/457282.png,0
images/464408.png,0
images/240856.png,0
images/232511.png,0
images/462032.png,0
images/207901.png,0
images/242468.png,0
images/463413.png,0
images/191928.png,0
images/183509.png,0
images/188914.png,0
images/257604.png,0
images/182891.png,0
images/233789.png,0
images/215392.png,0
images/455003.png,0
images/253347.png,0
images/237372.png,0
images/209365.png,0
images/209725.png,0
images/217992.png,0
images/247265.png,0
images/216477.png,0
images/250769.png,0
images/224423.png,0
images/220801.png,0
images/239983.png,0
images/215421.png,0
images/222759.png,0
images/257333.png,0
images/185748.png,0
images/232153.png,0
images/206289.png,0
images/197441.png,0
images/460773.png,0
images/187694.png,0
images/232085.png,0
images/197189.png,0
images/212452.png,0
images/215251.png,0
images/222985.png,0
images/251515.png,0
images/195705.png,0
images/200022.png,0
images/214288.png,0
images/455275.png,0
images/250173.png,0
images/194530.png,0
images/194321.png,0
images/237094.png,0
images/239297.png,0
images/251469.png,0
images/190631.png,0
images/211780.png,0
images/230406.png,0
images/460605.png,0
images/255921.png,0
images/236641.png,0
images/194691.png,0
images/460728.png,0
images/232349.png,0
images/200950.png,0
images/196149.png,0
images/246171.png,0
images/215176.png,0
images/235651.png,0
images/460402.png,0
images/215293.png,0
images/243043.png,0
images/192860.png,0
images/234105.png,0
images/200848.png,0
images/187643.png,0
images/459052.png,0
images/195336.png,0
images/190200.png,0
images/190416.png,0
images/211189.png,0
images/210276.png,0
images/237004.png,0
images/257797.png,0
images/456484.png,0
images/211857.png,0
images/229688.png,0
images/251869.png,0
images/257574.png,0
images/200729.png,0
images/184961.png,0
images/464461.png,0
images/245817.png,0
images/245041.png,0
images/190382.png,0
images/244744.png,0
images/191978.png,0
images/187958.png,0
images/235308.png,0
images/225354.png,0
images/242777.png,0
images/202312.png,0
images/240138.png,0
images/203446.png,0
images/247612.png,0
images/232217.png,0
images/243387.png,0
images/256189.png,0
images/455862.png,0
images/186505.png,0
images/189754.png,0
images/230918.png,0
images/251933.png,0
images/248945.png,0
images/219602.png,0
images/182855.png,0
images/194925.png,0
images/232575.png,0
images/244596.png,0
images/459829.png,0
images/465436.png,0
images/213298.png,0
images/224424.png,0
images/207215.png,0
images/225752.png,0
images/455391.png,0
images/236668.png,0
images/187292.png,0
images/199945.png,0
images/456446.png,0
images/215737.png,0
images/242119.png,0
images/184822.png,0
images/217699.png,0
images/233463.png,0
images/460434.png,0
images/230802.png,0
images/195818.png,0
images/193959.png,0
images/192003.png,0
images/249354.png,0
images/191832.png,0
images/237986.png,0
images/256928.png,0
images/250342.png,0
images/220489.png,0
images/228026.png,0
images/251235.png,0
images/219922.png,0
images/230810.png,0
images/219031.png,0
images/220018.png,0
images/187391.png,0
images/208372.png,0
images/216834.png,0
images/217119.png,0
images/248058.png,0
images/254546.png,0
images/200231.png,0
images/242733.png,0
images/212135.png,0
images/200187.png,0
images/228194.png,0
images/198923.png,0
images/239603.png,0
images/205052.png,0
images/231877.png,0
images/241154.png,0
images/228908.png,0
images/249772.png,0
images/243473.png,0
images/257580.png,0
images/225873.png,0
images/239157.png,0
images/257337.png,0
images/227107.png,0
images/198299.png,0
images/203578.png,0
images/464339.png,0
images/195646.png,0
images/251914.png,0
images/224547.png,0
images/242336.png,0
images/254779.png,0
images/189128.png,0
images/213164.png,0
images/183850.png,0
images/249740.png,0
images/244457.png,0
images/462596.png,0
images/190172.png,0
images/228768.png,0
images/458747.png,0
images/184915.png,0
images/221351.png,0
images/238908.png,0
images/190878.png,0
images/463133.png,0
images/229009.png,0
images/190007.png,0
images/200248.png,0
images/227006.png,0
images/457557.png,0
images/224376.png,0
images/189753.png,0
images/246804.png,0
images/183773.png,0
images/183952.png,0
images/250495.png,0
images/200987.png,0
images/199643.png,0
images/216594.png,0
images/209335.png,0
images/254078.png,0
images/216559.png,0
images/231562.png,0
images/217213.png,0
images/240897.png,0
images/199112.png,0
images/254503.png,0
images/228703.png,0
images/226005.png,0
images/456759.png,0
images/186243.png,0
images/187719.png,0
images/196738.png,0
images/236916.png,0
images/190540.png,0
images/240368.png,0
images/245947.png,0
images/246241.png,0
images/256579.png,0
images/212330.png,0
images/225087.png,0
images/249416.png,0
images/249515.png,0
images/238893.png,0
images/230562.png,0
images/244035.png,0
images/219814.png,0
images/462524.png,0
images/218279.png,0
images/192036.png,0
images/223199.png,0
images/202421.png,0
images/231981.png,0
images/230431.png,0
images/231931.png,0
images/238260.png,0
images/184929.png,0
images/463391.png,0
images/230869.png,0
images/462176.png,0
images/256247.png,0
images/458341.png,0
images/242141.png,0
images/225746.png,0
images/455510.png,0
images/257071.png,0
images/216376.png,0
images/213928.png,0
images/464145.png,0
images/202466.png,0
images/465965.png,0
images/246239.png,0
images/227362.png,0
images/455283.png,0
images/243914.png,0
images/204415.png,0
images/185739.png,0
images/185886.png,0
images/222711.png,0
images/223145.png,0
images/254998.png,0
images/257274.png,0
images/188085.png,0
images/198988.png,0
images/204078.png,0
images/201157.png,0
images/185663.png,0
images/205276.png,0
images/466036.png,0
images/217499.png,0
images/228487.png,0
images/223724.png,0
images/226424.png,0
images/217188.png,0
images/199771.png,0
images/458430.png,0
images/219298.png,0
images/197111.png,0
images/224673.png,0
images/462930.png,0
images/200428.png,0
images/234772.png,0
images/256430.png,0
images/464249.png,0
images/188292.png,0
images/201282.png,0
images/251338.png,0
images/201154.png,0
images/234268.png,0
images/249261.png,0
images/214457.png,0
images/203037.png,0
images/199359.png,0
images/459632.png,0
images/202966.png,0
images/237458.png,0
images/210967.png,0
images/233963.png,0
images/208329.png,0
images/198136.png,0
images/188039.png,0
images/222023.png,0
images/198820.png,0
images/243478.png,0
images/251463.png,0
images/190938.png,0
images/201593.png,0
images/461917.png,0
images/257198.png,0
images/252250.png,0
images/462800.png,0
images/233651.png,0
images/216321.png,0
images/192977.png,0
images/191097.png,0
images/201745.png,0
images/456009.png,0
images/214349.png,0
images/208128.png,0
images/466215.png,0
images/235735.png,0
images/221769.png,0
images/459246.png,0
images/244440.png,0
images/239216.png,0
images/461531.png,0
images/465209.png,0
images/230102.png,0
images/463322.png,0
images/458824.png,0
images/242780.png,0
images/197138.png,0
images/220511.png,0
images/209864.png,0
images/234788.png,0
images/465337.png,0
images/241013.png,0
images/244311.png,0
images/454922.png,0
images/219054.png,0
images/209754.png,0
images/207323.png,0
images/191526.png,0
images/203836.png,0
images/463120.png,0
images/230689.png,0
images/244928.png,0
images/203145.png,0
images/183147.png,0
images/203535.png,0
images/252356.png,0
images/221557.png,0
images/234208.png,0
images/217371.png,0
images/251105.png,0
images/232632.png,0
images/249410.png,0
images/188656.png,0
images/217410.png,0
images/193215.png,0
images/232488.png,0
images/252552.png,0
images/234451.png,0
images/216479.png,0
images/257794.png,0
images/213121.png,0
images/463161.png,0
images/249221.png,0
images/455089.png,0
images/207619.png,0
images/215731.png,0
images/203105.png,0
images/220809.png,0
images/198064.png,0
images/190268.png,0
images/243630.png,0
images/244950.png,0
images/456969.png,0
images/252437.png,0
images/194982.png,0
images/183177.png,0
images/212301.png,0
images/456957.png,0
images/209450.png,0
images/255900.png,0
images/201472.png,0
images/246094.png,0
images/248540.png,0
images/225778.png,0
images/193757.png,0
images/190995.png,0
images/220684.png,0
images/236972.png,0
images/225326.png,0
images/234828.png,0
images/243515.png,0
images/190781.png,0
images/198411.png,0
images/457353.png,0
images/221977.png,0
images/461384.png,0
images/206782.png,0
images/235142.png,0
images/230935.png,0
images/183949.png,0
images/222167.png,0
images/202565.png,0
images/227918.png,0
images/185299.png,0
images/219798.png,0
images/204467.png,0
images/188842.png,0
images/221696.png,0
images/189094.png,0
images/193849.png,0
images/461489.png,0
images/460657.png,0
images/226772.png,0
images/464480.png,0
images/203779.png,0
images/464090.png,0
images/232041.png,0
images/186506.png,0
images/187667.png,0
images/185715.png,0
images/210452.png,0
images/460337.png,0
images/227204.png,0
images/463234.png,0
images/235760.png,0
images/186438.png,0
images/457500.png,0
images/200886.png,0
images/218270.png,0
images/208986.png,0
images/221794.png,0
images/216945.png,0
images/217333.png,0
images/461622.png,0
images/228025.png,0
images/204072.png,0
images/204781.png,0
images/217746.png,0
images/462484.png,0
images/205301.png,0
images/254983.png,0
images/248636.png,0
images/238828.png,0
images/240939.png,0
images/247983.png,0
images/233955.png,0
images/466091.png,0
images/460275.png,0
images/232204.png,0
images/238666.png,0
images/206037.png,0
images/184661.png,0
images/206927.png,0
images/215052.png,0
images/190811.png,0
images/228422.png,0
images/191436.png,0
images/200365.png,0
images/461668.png,0
images/463122.png,0
images/196878.png,0
images/207322.png,0
images/185606.png,0
images/230621.png,0
images/247724.png,0
images/243502.png,0
images/192203.png,0
images/197090.png,0
images/208083.png,0
images/461614.png,0
images/201687.png,0
images/212273.png,0
images/251860.png,0
images/249769.png,0
images/223664.png,0
images/232483.png,0
images/257059.png,0
images/244739.png,0
images/231600.png,0
images/228564.png,0
images/458832.png,0
images/237434.png,0
images/250787.png,0
images/207733.png,0
images/249247.png,0
images/230895.png,0
images/198943.png,0
images/200696.png,0
images/243138.png,0
images/458056.png,0
images/254818.png,0
images/456994.png,0
images/193153.png,0
images/465218.png,0
images/219984.png,0
images/205588.png,0
images/254683.png,0
images/233265.png,0
images/233741.png,0
images/222262.png,0
images/460230.png,0
images/243659.png,0
images/463625.png,0
images/251841.png,0
images/213511.png,0
images/228250.png,0
images/454859.png,0
images/227774.png,0
images/238730.png,0
images/458837.png,0
images/221394.png,0
images/184702.png,0
images/212071.png,0
images/193855.png,0
images/206426.png,0
images/227364.png,0
images/195999.png,0
images/196553.png,0
images/215307.png,0
images/237761.png,0
images/254041.png,0
images/237865.png,0
images/236011.png,0
images/224308.png,0
images/198020.png,0
images/225757.png,0
images/234495.png,0
images/231700.png,0
images/458774.png,0
images/455130.png,0
images/247267.png,0
images/224497.png,0
images/192992.png,0
images/206488.png,0
images/191409.png,0
images/257528.png,0
images/187863.png,0
images/185093.png,0
images/234152.png,0
images/255191.png,0
images/257024.png,0
images/221190.png,0
images/194685.png,0
images/245796.png,0
images/211742.png,0
images/221757.png,0
images/245735.png,0
images/230638.png,0
images/214255.png,0
images/244151.png,0
images/192081.png,0
images/228921.png,0
images/199421.png,0
images/199910.png,0
images/458022.png,0
images/461924.png,0
images/228174.png,0
images/233169.png,0
images/463862.png,0
images/228143.png,0
images/194290.png,0
images/242892.png,0
images/455870.png,0
images/254585.png,0
images/216547.png,0
images/245276.png,0
images/220827.png,0
images/212650.png,0
images/224169.png,0
images/187716.png,0
images/240901.png,0
images/460939.png,0
images/212351.png,0
images/198237.png,0
images/185227.png,0
images/243099.png,0
images/183837.png,0
images/212309.png,0
images/251201.png,0
images/229385.png,0
images/205368.png,0
images/189330.png,0
images/248288.png,0
images/256282.png,0
images/241722.png,0
images/251675.png,0
images/466137.png,0
images/240105.png,0
images/460675.png,0
images/456148.png,0
images/199953.png,0
images/212974.png,0
images/222498.png,0
images/247622.png,0
images/218276.png,0
images/465843.png,0
images/183005.png,0
images/203865.png,0
images/239544.png,0
images/189117.png,0
images/219655.png,0
images/238416.png,0
images/234681.png,0
images/218297.png,0
images/245006.png,0
images/193261.png,0
images/236322.png,0
images/464169.png,0
images/226931.png,0
images/464778.png,0
images/226951.png,0
images/218171.png,0
images/193332.png,0
images/187379.png,0
images/214245.png,0
images/202242.png,0
images/243737.png,0
images/229875.png,0
images/244005.png,0
images/255724.png,0
images/227280.png,0
images/185608.png,0
images/201647.png,0
images/199141.png,0
images/245149.png,0
images/202405.png,0
images/218629.png,0
images/228339.png,0
images/225176.png,0
images/189799.png,0
images/217965.png,0
images/210677.png,0
images/191592.png,0
images/201006.png,0
images/230695.png,0
images/243677.png,0
images/254560.png,0
images/205509.png,0
images/465289.png,0
images/238679.png,0
images/255843.png,0
images/255392.png,0
images/238640.png,0
images/184250.png,0
images/200955.png,0
images/248776.png,0
images/185898.png,0
images/248127.png,0
images/214072.png,0
images/253472.png,0
images/456573.png,0
images/201513.png,0
images/255193.png,0
images/195948.png,0
images/249252.png,0
images/196702.png,0
images/198073.png,0
images/213598.png,0
images/244071.png,0
images/183557.png,0
images/198137.png,0
images/221007.png,0
images/255084.png,0
images/222646.png,0
images/457652.png,0
images/239339.png,0
images/201744.png,0
images/237055.png,0
images/257168.png,0
images/236725.png,0
images/212568.png,0
images/242969.png,0
images/188363.png,0
images/239844.png,0
images/223014.png,0
images/223114.png,0
images/456342.png,0
images/464235.png,0
images/207416.png,0
images/212420.png,0
images/250965.png,0
images/202541.png,0
images/186661.png,0
images/190514.png,0
images/217517.png,0
images/236625.png,0
images/461281.png,0
images/455551.png,0
images/464322.png,0
images/213708.png,0
images/235666.png,0
images/211928.png,0
images/238193.png,0
images/207413.png,0
images/236749.png,0
images/195710.png,0
images/459727.png,0
images/255856.png,0
images/460726.png,0
images/199922.png,0
images/457432.png,0
images/222236.png,0
images/191073.png,0
images/228262.png,0
images/208272.png,0
images/184327.png,0
images/183152.png,0
images/231184.png,0
images/211565.png,0
images/253051.png,0
images/248663.png,0
images/257786.png,0
images/219254.png,0
images/232429.png,0
images/198380.png,0
images/183570.png,0
images/228610.png,0
images/229240.png,0
images/226500.png,0
images/460892.png,0
images/461988.png,0
images/215902.png,0
images/248399.png,0
images/216653.png,0
images/234946.png,0
images/185029.png,0
images/456293.png,0
images/230997.png,0
images/210690.png,0
images/458335.png,0
images/187591.png,0
images/201492.png,0
images/203070.png,0
images/232206.png,0
images/220071.png,0
images/228950.png,0
images/202122.png,0
images/227608.png,0
images/214430.png,0
images/216605.png,0
images/189236.png,0
images/457607.png,0
images/201659.png,0
images/229767.png,0
images/186178.png,0
images/238891.png,0
images/199347.png,0
images/231699.png,0
images/219141.png,0
images/462647.png,0
images/463465.png,0
images/252003.png,0
images/224310.png,0
images/215296.png,0
images/206601.png,0
images/246781.png,0
images/202047.png,0
images/239890.png,0
images/187301.png,0
images/186660.png,0
images/257279.png,0
images/215614.png,0
images/463973.png,0
images/202955.png,0
images/257349.png,0
images/255302.png,0
images/190671.png,0
images/239763.png,0
images/461391.png,0
images/228321.png,0
images/196319.png,0
images/458575.png,0
images/465686.png,0
images/246877.png,0
images/225379.png,0
images/233008.png,0
images/237616.png,0
images/188709.png,0
images/219654.png,0
images/253432.png,0
images/457083.png,0
images/459449.png,0
images/462393.png,0
images/231661.png,0
images/254424.png,0
images/249668.png,0
images/247304.png,0
images/241267.png,0
images/193184.png,0
images/237539.png,0
images/215607.png,0
images/243007.png,0
images/254471.png,0
images/240937.png,0
images/243958.png,0
images/226882.png,0
images/242487.png,0
images/217573.png,0
images/196684.png,0
images/239206.png,0
images/211969.png,0
images/187798.png,0
images/465872.png,0
images/191852.png,0
images/195035.png,0
images/210971.png,0
images/257102.png,0
images/242444.png,0
images/215985.png,0
images/197380.png,0
images/235538.png,0
images/246720.png,0
images/219392.png,0
images/231633.png,0
images/234836.png,0
images/237042.png,0
images/464259.png,0
images/257153.png,0
images/250663.png,0
images/209772.png,0
images/221733.png,0
images/217008.png,0
images/239188.png,0
images/460228.png,0
images/199300.png,0
images/256734.png,0
images/239561.png,0
images/207929.png,0
images/255617.png,0
images/255194.png,0
images/459380.png,0
images/238587.png,0
images/203669.png,0
images/226602.png,0
images/200622.png,0
images/459194.png,0
images/210085.png,0
images/202977.png,0
images/183048.png,0
images/237483.png,0
images/200009.png,0
images/245409.png,0
images/247956.png,0
images/248551.png,0
images/207171.png,0
images/218302.png,0
images/232372.png,0
images/458351.png,0
images/237958.png,0
images/221879.png,0
images/253228.png,0
images/214060.png,0
images/221916.png,0
images/205403.png,0
images/466187.png,0
images/193496.png,0
images/205554.png,0
images/208785.png,0
images/255857.png,0
images/249047.png,0
images/188707.png,0
images/458586.png,0
images/223784.png,0
images/200244.png,0
images/184474.png,0
images/215700.png,0
images/237751.png,0
images/209888.png,0
images/197734.png,0
images/254130.png,0
images/247396.png,0
images/461878.png,0
images/190235.png,0
images/203023.png,0
images/457972.png,0
images/248646.png,0
images/256482.png,0
images/459095.png,0
images/208066.png,0
images/250189.png,0
images/188744.png,0
images/221107.png,0
images/244623.png,0
images/244243.png,0
images/186393.png,0
images/459701.png,0
images/186081.png,0
images/462108.png,0
images/186203.png,0
images/253652.png,0
images/257068.png,0
images/212329.png,0
images/193810.png,0
images/211983.png,0
images/212825.png,0
images/184209.png,0
images/195359.png,0
images/200621.png,0
images/462867.png,0
images/221925.png,0
images/226829.png,0
images/224666.png,0
images/221792.png,0
images/463846.png,0
images/218306.png,0
images/249212.png,0
images/241329.png,0
images/246411.png,0
images/245788.png,0
images/195885.png,0
images/461068.png,0
images/243892.png,0
images/230808.png,0
images/226530.png,0
images/214706.png,0
images/253555.png,0
images/206558.png,0
images/208008.png,0
images/238772.png,0
images/196781.png,0
images/233882.png,0
images/459627.png,0
images/227938.png,0
images/214302.png,0
images/199299.png,0
images/464648.png,0
images/239944.png,0
images/228022.png,0
images/251668.png,0
images/243588.png,0
images/200433.png,0
images/229111.png,0
images/248198.png,0
images/216108.png,0
images/227773.png,0
images/241414.png,0
images/455420.png,0
images/200717.png,0
images/256984.png,0
images/464473.png,0
images/235527.png,0
images/243718.png,0
images/206453.png,0
images/184350.png,0
images/455383.png,0
images/456904.png,0
images/243799.png,0
images/240660.png,0
images/194078.png,0
images/249848.png,0
images/231749.png,0
images/205668.png,0
images/218693.png,0
images/208253.png,0
images/236502.png,0
images/219620.png,0
images/184095.png,0
images/225959.png,0
images/196201.png,0
images/459079.png,0
images/458130.png,0
images/230497.png,0
images/238169.png,0
images/250413.png,0
images/184655.png,0
images/187681.png,0
images/217437.png,0
images/197769.png,0
images/240595.png,0
images/244215.png,0
images/230752.png,0
images/225399.png,0
images/215636.png,0
images/191567.png,0
images/458095.png,0
images/183971.png,0
images/219941.png,0
images/254039.png,0
images/463738.png,0
images/200800.png,0
images/461583.png,0
images/246431.png,0
images/244132.png,0
images/233202.png,0
images/203619.png,0
images/253363.png,0
images/238531.png,0
images/196234.png,0
images/207147.png,0
images/186835.png,0
images/218972.png,0
images/192557.png,0
images/244018.png,0
images/197944.png,0
images/200765.png,0
images/197413.png,0
images/231738.png,0
images/253333.png,0
images/219407.png,0
images/232210.png,0
images/255666.png,0
images/195031.png,0
images/250446.png,0
images/244813.png,0
images/244852.png,0
images/195282.png,0
images/193274.png,0
images/249190.png,0
images/202663.png,0
images/225881.png,0
images/190697.png,0
images/202045.png,0
images/230370.png,0
images/211212.png,0
images/459809.png,0
images/216065.png,0
images/460056.png,0
images/227072.png,0
images/234158.png,0
images/208186.png,0
images/233253.png,0
images/240291.png,0
images/201198.png,0
images/256153.png,0
images/463944.png,0
images/208286.png,0
images/213093.png,0
images/214100.png,0
images/188283.png,0
images/204621.png,0
images/194106.png,0
images/239507.png,0
images/231217.png,0
images/235484.png,0
images/200944.png,0
images/184880.png,0
images/218574.png,0
images/221648.png,0
images/254938.png,0
images/461386.png,0
images/460840.png,0
images/225805.png,0
images/236362.png,0
images/224649.png,0
images/244687.png,0
images/252388.png,0
images/254689.png,0
images/245110.png,0
images/215350.png,0
images/208645.png,0
images/191589.png,0
images/249254.png,0
images/457959.png,0
images/213628.png,0
images/255853.png,0
images/248068.png,0
images/226108.png,0
images/183146.png,0
images/203278.png,0
images/187713.png,0
images/238874.png,0
images/238670.png,0
images/242044.png,0
images/463490.png,0
images/210828.png,0
images/458930.png,0
images/254085.png,0
images/221440.png,0
images/184211.png,0
images/220390.png,0
images/461662.png,0
images/199273.png,0
images/249797.png,0
images/194560.png,0
images/237830.png,0
images/229922.png,0
images/218670.png,0
images/229574.png,0
images/210055.png,0
images/195588.png,0
images/187746.png,0
images/221690.png,0
images/234489.png,0
images/206078.png,0
images/240617.png,0
images/184758.png,0
images/186446.png,0
images/234113.png,0
images/182777.png,0
images/226664.png,0
images/192690.png,0
images/218873.png,0
images/191315.png,0
images/242474.png,0
images/232847.png,0
images/208086.png,0
images/254833.png,0
images/184490.png,0
images/190044.png,0
images/188499.png,0
images/192249.png,0
images/463685.png,0
images/215125.png,0
images/204785.png,0
images/456961.png,0
images/243094.png,0
images/240225.png,0
images/464008.png,0
images/209840.png,0
images/218940.png,0
images/241258.png,0
images/205511.png,0
images/247572.png,0
images/241647.png,0
images/252285.png,0
images/456021.png,0
images/232520.png,0
images/224643.png,0
images/210109.png,0
images/200004.png,0
images/235578.png,0
images/243684.png,0
images/217664.png,0
images/207275.png,0
images/204179.png,0
images/248977.png,0
images/201964.png,0
images/225136.png,0
images/227208.png,0
images/251490.png,0
images/199776.png,0
images/230845.png,0
images/463577.png,0
images/186925.png,0
images/229940.png,0
images/214398.png,0
images/238620.png,0
images/191100.png,0
images/456438.png,0
images/237199.png,0
images/215560.png,0
images/240701.png,0
images/223185.png,0
images/244207.png,0
images/244719.png,0
images/191157.png,0
images/218750.png,0
images/193037.png,0
images/231281.png,0
images/252148.png,0
images/214096.png,0
images/222400.png,0
images/251856.png,0
images/218346.png,0
images/456522.png,0
images/208717.png,0
images/240304.png,0
images/220930.png,0
images/206941.png,0
images/233264.png,0
images/241023.png,0
images/204462.png,0
images/197666.png,0
images/226096.png,0
images/460989.png,0
images/231393.png,0
images/215549.png,0
images/455583.png,0
images/206869.png,0
images/206734.png,0
images/232697.png,0
images/237522.png,0
images/188276.png,0
images/195716.png,0
images/232395.png,0
images/214410.png,0
images/217169.png,0
images/195165.png,0
images/460488.png,0
images/246448.png,0
images/208990.png,0
images/465349.png,0
images/239448.png,0
images/223754.png,0
images/205061.png,0
images/465246.png,0
images/464139.png,0
images/460276.png,0
images/252038.png,0
images/455769.png,0
images/242470.png,0
images/198675.png,0
images/193239.png,0
images/228349.png,0
images/235594.png,0
images/211772.png,0
images/189037.png,0
images/184319.png,0
images/201971.png,0
images/188699.png,0
images/458810.png,0
images/240576.png,0
images/194572.png,0
images/455982.png,0
images/228151.png,0
images/463132.png,0
images/195118.png,0
images/209569.png,0
images/204356.png,0
images/223965.png,0
images/210491.png,0
images/202065.png,0
images/213624.png,0
images/197569.png,0
images/199198.png,0
images/202125.png,0
images/238355.png,0
images/218403.png,0
images/224443.png,0
images/208874.png,0
images/456722.png,0
images/202319.png,0
images/461650.png,0
images/454756.png,0
images/186458.png,0
images/229864.png,0
images/187122.png,0
images/246647.png,0
images/190478.png,0
images/200845.png,0
images/198030.png,0
images/244301.png,0
images/464411.png,0
images/219113.png,0
images/194769.png,0
images/203860.png,0
images/206762.png,0
images/183923.png,0
images/194110.png,0
images/250757.png,0
images/247670.png,0
images/465099.png,0
images/216329.png,0
images/455745.png,0
images/459311.png,0
images/192534.png,0
images/218326.png,0
images/457123.png,0
images/214355.png,0
images/221632.png,0
images/206009.png,0
images/185617.png,0
images/196327.png,0
images/456589.png,0
images/251805.png,0
images/222967.png,0
images/204833.png,0
images/228299.png,0
images/234391.png,0
images/255112.png,0
images/200598.png,0
images/237258.png,0
images/217130.png,0
images/456274.png,0
images/196148.png,0
images/455084.png,0
images/218118.png,0
images/226032.png,0
images/253923.png,0
images/211343.png,0
images/202795.png,0
images/232507.png,0
images/190672.png,0
images/217837.png,0
images/191397.png,0
images/457696.png,0
images/241053.png,0
images/253663.png,0
images/245825.png,0
images/246926.png,0
images/211030.png,0
images/232695.png,0
images/185907.png,0
images/235556.png,0
images/190858.png,0
images/210900.png,0
images/187624.png,0
images/459279.png,0
images/244647.png,0
images/251683.png,0
images/460717.png,0
images/201368.png,0
images/199188.png,0
images/218472.png,0
images/183714.png,0
images/189523.png,0
images/183418.png,0
images/250052.png,0
images/241214.png,0
images/199280.png,0
images/196000.png,0
images/226121.png,0
images/231773.png,0
images/218823.png,0
images/225678.png,0
images/253598.png,0
images/194214.png,0
images/462157.png,0
images/465548.png,0
images/460746.png,0
images/463785.png,0
images/183629.png,0
images/185306.png,0
images/463836.png,0
images/233411.png,0
images/187937.png,0
images/196652.png,0
images/234299.png,0
images/197158.png,0
images/209283.png,0
images/231163.png,0
images/253053.png,0
images/202715.png,0
images/246549.png,0
images/250033.png,0
images/212924.png,0
images/206193.png,0
images/234293.png,0
images/198503.png,0
images/205595.png,0
images/200517.png,0
images/226155.png,0
images/459021.png,0
images/250101.png,0
images/236192.png,0
images/214621.png,0
images/204135.png,0
images/249609.png,0
images/464949.png,0
images/189335.png,0
images/188940.png,0
images/186320.png,0
images/206975.png,0
images/255337.png,0
images/218572.png,0
images/224500.png,0
images/202924.png,0
images/239338.png,0
images/230063.png,0
images/217332.png,0
images/211764.png,0
images/246502.png,0
images/204262.png,0
images/256517.png,0
images/206209.png,0
images/191372.png,0
images/189258.png,0
images/217618.png,0
images/213297.png,0
images/455033.png,0
images/228571.png,0
images/460661.png,0
images/207164.png,0
images/223011.png,0
images/223991.png,0
images/465836.png,0
images/216809.png,0
images/460121.png,0
images/234159.png,0
images/207847.png,0
images/197791.png,0
images/234756.png,0
images/239655.png,0
images/191747.png,0
images/218867.png,0
images/206517.png,0
images/216356.png,0
images/195720.png,0
images/228548.png,0
images/459231.png,0
images/255032.png,0
images/208867.png,0
images/235494.png,0
images/241745.png,0
images/456130.png,0
images/221339.png,0
images/231031.png,0
images/194858.png,0
images/198111.png,0
images/183336.png,0
images/244146.png,0
images/195499.png,0
images/456351.png,0
images/237239.png,0
images/227021.png,0
images/185072.png,0
images/253200.png,0
images/202560.png,0
images/254996.png,0
images/235825.png,0
images/217176.png,0
images/222755.png,0
images/188273.png,0
images/246050.png,0
images/182877.png,0
images/216205.png,0
images/458875.png,0
images/194813.png,0
images/240919.png,0
images/462957.png,0
images/464514.png,0
images/206695.png,0
images/240640.png,0
images/215398.png,0
images/458779.png,0
images/248248.png,0
images/223815.png,0
images/232918.png,0
images/244191.png,0
images/251450.png,0
images/241463.png,0
images/188086.png,0
images/233219.png,0
images/224958.png,0
images/184645.png,0
images/207108.png,0
images/464175.png,0
images/221206.png,0
images/198710.png,0
images/251977.png,0
images/212940.png,0
images/459757.png,0
images/189334.png,0
images/457851.png,0
images/216845.png,0
images/236611.png,0
images/236008.png,0
images/192193.png,0
images/241753.png,0
images/256096.png,0
images/183599.png,0
images/221187.png,0
images/184940.png,0
images/248349.png,0
images/217598.png,0
images/230811.png,0
images/215765.png,0
images/208725.png,0
images/206476.png,0
images/239720.png,0
images/243676.png,0
images/238256.png,0
images/255260.png,0
images/197223.png,0
images/222844.png,0
images/463211.png,0
images/249847.png,0
images/213057.png,0
images/459366.png,0
images/190750.png,0
images/456970.png,0
images/246258.png,0
images/212243.png,0
images/234294.png,0
images/234217.png,0
images/212143.png,0
images/464677.png,0
images/247519.png,0
images/184642.png,0
images/195228.png,0
images/233476.png,0
images/214865.png,0
images/199525.png,0
images/232761.png,0
images/238039.png,0
images/234067.png,0
images/209608.png,0
images/197778.png,0
images/457892.png,0
images/218377.png,0
images/195000.png,0
images/200058.png,0
images/229360.png,0
images/187514.png,0
images/234357.png,0
images/254788.png,0
images/237589.png,0
images/253298.png,0
images/228832.png,0
images/227736.png,0
images/455245.png,0
images/253957.png,0
images/246162.png,0
images/213259.png,0
images/465063.png,0
images/193900.png,0
images/207556.png,0
images/254375.png,0
images/235354.png,0
images/249750.png,0
images/216985.png,0
images/458461.png,0
images/200185.png,0
images/187964.png,0
images/460576.png,0
images/183493.png,0
images/205804.png,0
images/213567.png,0
images/230870.png,0
images/256945.png,0
images/256300.png,0
images/230202.png,0
images/253288.png,0
images/188511.png,0
images/242084.png,0
images/198293.png,0
images/219871.png,0
images/210398.png,0
images/225022.png,0
images/235325.png,0
images/202586.png,0
images/195086.png,0
images/201521.png,0
images/231207.png,0
images/204816.png,0
images/238600.png,0
images/239905.png,0
images/245717.png,0
images/189666.png,0
images/240173.png,0
images/215725.png,0
images/256288.png,0
images/207100.png,0
images/208632.png,0
images/458288.png,0
images/184162.png,0
images/197802.png,0
images/217393.png,0
images/190286.png,0
images/197573.png,0
images/195063.png,0
images/249154.png,0
images/242160.png,0
images/208412.png,0
images/190111.png,0
images/185257.png,0
images/248895.png,0
images/200615.png,0
images/246941.png,0
images/214128.png,0
images/193722.png,0
images/188305.png,0
images/464080.png,0
images/220149.png,0
images/211907.png,0
images/213312.png,0
images/210652.png,0
images/218503.png,0
images/235064.png,0
images/221342.png,0
images/200399.png,0
images/195058.png,0
images/204930.png,0
images/224471.png,0
images/210083.png,0
images/252361.png,0
images/210156.png,0
images/230978.png,0
images/238638.png,0
images/235342.png,0
images/244711.png,0
images/459213.png,0
images/190088.png,0
images/240262.png,0
images/249688.png,0
images/194296.png,0
images/238847.png,0
images/236787.png,0
images/456913.png,0
images/458485.png,0
images/209670.png,0
images/457772.png,0
images/239846.png,0
images/205357.png,0
images/208892.png,0
images/215795.png,0
images/222638.png,0
images/234126.png,0
images/207245.png,0
images/230306.png,0
images/235318.png,0
images/225057.png,0
images/192063.png,0
images/456385.png,0
images/237384.png,0
images/460301.png,0
images/218961.png,0
images/211962.png,0
images/455146.png,0
images/243064.png,0
images/188539.png,0
images/242765.png,0
images/229474.png,0
images/212908.png,0
images/187565.png,0
images/252379.png,0
images/237152.png,0
images/206451.png,0
images/210081.png,0
images/192155.png,0
images/249396.png,0
images/257536.png,0
images/236584.png,0
images/251789.png,0
images/215851.png,0
images/239377.png,0
images/207571.png,0
images/234117.png,0
images/210318.png,0
images/233751.png,0
images/221642.png,0
images/208641.png,0
images/229140.png,0
images/188827.png,0
images/212863.png,0
images/241775.png,0
images/229837.png,0
images/184942.png,0
images/235214.png,0
images/249443.png,0
images/204286.png,0
images/245648.png,0
images/222661.png,0
images/220126.png,0
images/246953.png,0
images/200407.png,0
images/193610.png,0
images/191150.png,0
images/256483.png,0
images/212810.png,0
images/256683.png,0
images/194785.png,0
images/256276.png,0
images/223600.png,0
images/250258.png,0
images/240804.png,0
images/461031.png,0
images/229282.png,0
images/204895.png,0
images/200537.png,0
images/465660.png,0
images/213375.png,0
images/195435.png,0
images/205272.png,0
images/245197.png,0
images/236571.png,0
images/458415.png,0
images/242129.png,0
images/217819.png,0
images/184089.png,0
images/230065.png,0
images/211337.png,0
images/228053.png,0
images/229386.png,0
images/253575.png,0
images/460701.png,0
images/243196.png,0
images/456267.png,0
images/461067.png,0
images/193848.png,0
images/462114.png,0
images/463871.png,0
images/212463.png,0
images/219611.png,0
images/196926.png,0
images/211507.png,0
images/187425.png,0
images/186027.png,0
images/241977.png,0
images/216243.png,0
images/460950.png,0
images/204793.png,0
images/221773.png,0
images/246263.png,0
images/204324.png,0
images/245593.png,0
images/459816.png,0
images/200242.png,0
images/208571.png,0
images/201378.png,0
images/237912.png,0
images/249771.png,0
images/210292.png,0
images/249155.png,0
images/201863.png,0
images/196689.png,0
images/224215.png,0
images/226830.png,0
images/244420.png,0
images/455801.png,0
images/203081.png,0
images/256918.png,0
images/244720.png,0
images/185358.png,0
images/463809.png,0
images/253819.png,0
images/253591.png,0
images/249815.png,0
images/215598.png,0
images/218378.png,0
images/257309.png,0
images/457321.png,0
images/240146.png,0
images/243376.png,0
images/235074.png,0
images/255908.png,0
images/196739.png,0
images/252261.png,0
images/254390.png,0
images/216580.png,0
images/216738.png,0
images/193758.png,0
images/237242.png,0
images/238614.png,0
images/236990.png,0
images/239380.png,0
images/214766.png,0
images/215984.png,0
images/246407.png,0
images/465427.png,0
images/230580.png,0
images/191482.png,0
images/223976.png,0
images/218737.png,0
images/236975.png,0
images/225906.png,0
images/186425.png,0
images/188762.png,0
images/214161.png,0
images/195642.png,0
images/239445.png,0
images/193671.png,0
images/242656.png,0
images/221058.png,0
images/219110.png,0
images/207860.png,0
images/225814.png,0
images/254226.png,0
images/252446.png,0
images/211350.png,0
images/248427.png,0
images/217084.png,0
images/250504.png,0
images/236017.png,0
images/205109.png,0
images/182863.png,0
images/191793.png,0
images/209884.png,0
images/188781.png,0
images/192162.png,0
images/243762.png,0
images/237432.png,0
images/231473.png,0
images/187652.png,0
images/184308.png,0
images/191829.png,0
images/203906.png,0
images/235754.png,0
images/197700.png,0
images/235637.png,0
images/245936.png,0
images/209141.png,0
images/255789.png,0
images/214756.png,0
images/188222.png,0
images/247410.png,0
images/454865.png,0
images/230079.png,0
images/252170.png,0
images/208136.png,0
images/253160.png,0
images/246725.png,0
images/234724.png,0
images/237637.png,0
images/186140.png,0
images/228592.png,0
images/463778.png,0
images/190077.png,0
images/217538.png,0
images/187701.png,0
images/237955.png,0
images/183105.png,0
images/235454.png,0
images/213936.png,0
images/457540.png,0
images/226270.png,0
images/229590.png,0
images/200122.png,0
images/255258.png,0
images/208672.png,0
images/189048.png,0
images/231955.png,0
images/460378.png,0
images/226790.png,0
images/201952.png,0
images/464166.png,0
images/208826.png,0
images/250109.png,0
images/233912.png,0
images/213486.png,0
images/209634.png,0
images/194564.png,0
images/458931.png,0
images/196585.png,0
images/231197.png,0
images/227307.png,0
images/215049.png,0
images/232454.png,0
images/459283.png,0
images/218600.png,0
images/464961.png,0
images/206890.png,0
images/252402.png,0
images/199781.png,0
images/197363.png,0
images/461929.png,0
images/215585.png,0
images/197518.png,0
images/456421.png,0
images/224108.png,0
images/185967.png,0
images/200278.png,0
images/236317.png,0
images/232611.png,0
images/257018.png,0
images/237105.png,0
images/465716.png,0
images/214211.png,0
images/252771.png,0
images/193306.png,0
images/198984.png,0
images/457515.png,0
images/247711.png,0
images/183046.png,0
images/223654.png,0
images/204627.png,0
images/203510.png,0
images/188631.png,0
images/216430.png,0
images/223106.png,0
images/245790.png,0
images/211224.png,0
images/211391.png,0
images/216652.png,0
images/203677.png,0
images/455542.png,0
images/235198.png,0
images/223947.png,0
images/238322.png,0
images/184719.png,0
images/454856.png,0
images/232518.png,0
images/209755.png,0
images/221494.png,0
images/238305.png,0
images/455588.png,0
images/200927.png,0
images/458189.png,0
images/457234.png,0
images/195921.png,0
images/226795.png,0
images/185740.png,0
images/227999.png,0
images/199498.png,0
images/228319.png,0
images/252327.png,0
images/195592.png,0
images/185899.png,0
images/217245.png,0
images/465873.png,0
images/246675.png,0
images/186154.png,0
images/242050.png,0
images/245620.png,0
images/231108.png,0
images/220546.png,0
images/247551.png,0
images/191301.png,0
images/460073.png,0
images/186913.png,0
images/217453.png,0
images/224286.png,0
images/187848.png,0
images/211895.png,0
images/230573.png,0
images/205234.png,0
images/250892.png,0
images/240167.png,0
images/233881.png,0
images/229614.png,0
images/223997.png,0
images/194112.png,0
images/456339.png,0
images/192195.png,0
images/222628.png,0
images/464657.png,0
images/240297.png,0
images/250051.png,0
images/201819.png,0
images/248883.png,0
images/460910.png,0
images/235566.png,0
images/238441.png,0
images/222069.png,0
images/203709.png,0
images/232773.png,0
images/195562.png,0
images/196041.png,0
images/243708.png,0
images/224016.png,0
images/257148.png,0
images/217900.png,0
images/220476.png,0
images/183584.png,0
images/253199.png,0
images/458679.png,0
images/462237.png,0
images/212859.png,0
images/248281.png,0
images/191924.png,0
images/190203.png,0
images/211198.png,0
images/228769.png,0
images/228605.png,0
images/461294.png,0
images/243862.png,0
images/187123.png,0
images/210806.png,0
images/203200.png,0
images/249509.png,0
images/218666.png,0
images/189709.png,0
images/224886.png,0
images/183885.png,0
images/257315.png,0
images/214750.png,0
images/203439.png,0
images/204673.png,0
images/465817.png,0
images/196133.png,0
images/458769.png,0
images/211984.png,0
images/209850.png,0
images/228553.png,0
images/459462.png,0
images/189576.png,0
images/457004.png,0
images/241998.png,0
images/254451.png,0
images/255635.png,0
images/196999.png,0
images/195432.png,0
images/221402.png,0
images/462871.png,0
images/196495.png,0
images/236838.png,0
images/191427.png,0
images/209168.png,0
images/187822.png,0
images/464929.png,0
images/184395.png,0
images/195410.png,0
images/460089.png,0
images/213968.png,0
images/217183.png,0
images/183342.png,0
images/256362.png,0
images/223802.png,0
images/456649.png,0
images/231137.png,0
images/227019.png,0
images/458423.png,0
images/257581.png,0
images/462900.png,0
images/226891.png,0
images/245526.png,0
images/186733.png,0
images/256660.png,0
images/463519.png,0
images/195409.png,0
images/227445.png,0
images/246113.png,0
images/187107.png,0
images/201548.png,0
images/237011.png,0
images/212740.png,0
images/196241.png,0
images/239159.png,0
images/230126.png,0
images/257044.png,0
images/239435.png,0
images/458756.png,0
images/461033.png,0
images/459948.png,0
images/238795.png,0
images/459140.png,0
images/204752.png,0
images/223231.png,0
images/222880.png,0
images/457131.png,0
images/230525.png,0
images/457899.png,0
images/184948.png,0
images/211203.png,0
images/186696.png,0
images/233270.png,0
images/254845.png,0
images/226113.png,0
images/203524.png,0
images/204839.png,0
images/197288.png,0
images/188648.png,0
images/225848.png,0
images/203476.png,0
images/223826.png,0
images/196992.png,0
images/205353.png,0
images/257538.png,0
images/222342.png,0
images/241541.png,0
images/234571.png,0
images/231343.png,0
images/191471.png,0
images/229355.png,0
images/228868.png,0
images/184202.png,0
images/236926.png,0
images/237495.png,0
images/192765.png,0
images/220661.png,0
images/255932.png,0
images/217927.png,0
images/183905.png,0
images/219267.png,0
images/194265.png,0
images/195665.png,0
images/459596.png,0
images/240608.png,0
images/194021.png,0
images/192672.png,0
images/206799.png,0
images/186181.png,0
images/208667.png,0
images/253119.png,0
images/251028.png,0
images/216061.png,0
images/463242.png,0
images/460541.png,0
images/207151.png,0
images/253377.png,0
images/217805.png,0
images/251670.png,0
images/213039.png,0
images/225046.png,0
images/458192.png,0
images/234196.png,0
images/185969.png,0
images/196514.png,0
images/195389.png,0
images/211588.png,0
images/192259.png,0
images/189121.png,0
images/250253.png,0
images/191087.png,0
images/246424.png,0
images/463532.png,0
images/240285.png,0
images/251884.png,0
images/254695.png,0
images/194918.png,0
images/182939.png,0
images/463265.png,0
images/206576.png,0
images/199710.png,0
images/240675.png,0
images/235123.png,0
images/225513.png,0
images/182950.png,0
images/231790.png,0
images/245554.png,0
images/238398.png,0
images/212578.png,0
images/246619.png,0
images/228234.png,0
images/254665.png,0
images/208817.png,0
images/223092.png,0
images/250220.png,0
images/226057.png,0
images/184457.png,0
images/227026.png,0
images/188853.png,0
images/245749.png,0
images/465983.png,0
images/456119.png,0
images/252870.png,0
images/458016.png,0
images/201031.png,0
images/193218.png,0
images/184998.png,0
images/455357.png,0
images/226235.png,0
images/189752.png,0
images/226998.png,0
images/228320.png,0
images/242291.png,0
images/201075.png,0
images/253015.png,0
images/250676.png,0
images/458116.png,0
images/206185.png,0
images/187703.png,0
images/463568.png,0
images/221999.png,0
images/232684.png,0
images/218904.png,0
images/230384.png,0
images/238721.png,0
images/458107.png,0
images/195790.png,0
images/460319.png,0
images/216071.png,0
images/210178.png,0
images/226277.png,0
images/253680.png,0
images/231750.png,0
images/201108.png,0
images/455433.png,0
images/213006.png,0
images/232105.png,0
images/253670.png,0
images/220970.png,0
images/230757.png,0
images/206587.png,0
images/454700.png,0
images/256565.png,0
images/185778.png,0
images/457058.png,0
images/249632.png,0
images/214747.png,0
images/184816.png,0
images/209679.png,0
images/238481.png,0
images/206357.png,0
images/195967.png,0
images/229252.png,0
images/460468.png,0
images/192425.png,0
images/184269.png,0
images/257893.png,0
images/466002.png,0
images/221243.png,0
images/458672.png,0
images/224573.png,0
images/191539.png,0
images/211753.png,0
images/213719.png,0
images/248106.png,0
images/196554.png,0
images/234758.png,0
images/252690.png,0
images/194012.png,0
images/455974.png,0
images/461629.png,0
images/226691.png,0
images/211461.png,0
images/455839.png,0
images/212102.png,0
images/222085.png,0
images/199065.png,0
images/224514.png,0
images/460954.png,0
images/251058.png,0
images/239994.png,0
images/456025.png,0
images/219337.png,0
images/204234.png,0
images/212735.png,0
images/248245.png,0
images/246228.png,0
images/206100.png,0
images/257730.png,0
images/196367.png,0
images/189444.png,0
images/247352.png,0
images/206781.png,0
images/191692.png,0
images/212230.png,0
images/196935.png,0
images/182912.png,0
images/243864.png,0
images/240198.png,0
images/235741.png,0
images/458642.png,0
images/209005.png,0
images/194138.png,0
images/246508.png,0
images/238331.png,0
images/237579.png,0
images/204117.png,0
images/254639.png,0
images/222304.png,0
images/250055.png,0
images/243751.png,0
images/229603.png,0
images/220496.png,0
images/459278.png,0
images/249311.png,0
images/189843.png,0
images/234179.png,0
images/227287.png,0
images/185877.png,0
images/191809.png,0
images/202564.png,0
images/232411.png,0
images/214542.png,0
images/206277.png,0
images/200865.png,0
images/223006.png,0
images/183201.png,0
images/234982.png,0
images/203032.png,0
images/459234.png,0
images/221503.png,0
images/192087.png,0
images/243838.png,0
images/255440.png,0
images/465485.png,0
images/246688.png,0
images/251187.png,0
images/225090.png,0
images/199203.png,0
images/254964.png,0
images/207444.png,0
images/199055.png,0
images/459172.png,0
images/242613.png,0
images/227834.png,0
images/209437.png,0
images/186205.png,0
images/461010.png,0
images/230204.png,0
images/201167.png,0
images/192507.png,0
images/192007.png,0
images/187966.png,0
images/183116.png,0
images/242213.png,0
images/242773.png,0
images/456161.png,0
images/218659.png,0
images/457419.png,0
images/461612.png,0
images/244631.png,0
images/228958.png,0
images/235333.png,0
images/243572.png,0
images/234964.png,0
images/244583.png,0
images/250330.png,0
images/460780.png,0
images/204592.png,0
images/209678.png,0
images/202919.png,0
images/243158.png,0
images/222319.png,0
images/188924.png,0
images/246588.png,0
images/222261.png,0
images/243021.png,0
images/235312.png,0
images/200043.png,0
images/223342.png,0
images/207457.png,0
images/214453.png,0
images/244993.png,0
images/243494.png,0
images/199780.png,0
images/227327.png,0
images/215282.png,0
images/194845.png,0
images/184890.png,0
images/230833.png,0
images/248357.png,0
images/238476.png,0
images/242218.png,0
images/243883.png,0
images/233174.png,0
images/466225.png,0
images/229063.png,0
images/188079.png,0
images/225262.png,0
images/216124.png,0
images/252372.png,0
images/235253.png,0
images/236699.png,0
images/218153.png,0
images/197997.png,0
images/215437.png,0
images/219529.png,0
images/464296.png,0
images/218532.png,0
images/249704.png,0
images/465178.png,0
images/224339.png,0
images/462131.png,0
images/461582.png,0
images/199291.png,0
images/206131.png,0
images/255426.png,0
images/201769.png,0
images/209848.png,0
images/466293.png,0
images/245317.png,0
images/462915.png,0
images/188415.png,0
images/216623.png,0
images/186206.png,0
images/461389.png,0
images/190565.png,0
images/207759.png,0
images/253110.png,0
images/249679.png,0
images/184832.png,0
images/189931.png,0
images/220723.png,0
images/254165.png,0
images/190893.png,0
images/459860.png,0
images/241270.png,0
images/206872.png,0
images/464631.png,0
images/458730.png,0
images/464680.png,0
images/251038.png,0
images/216823.png,0
images/228805.png,0
images/455133.png,0
images/232133.png,0
images/222416.png,0
images/248307.png,0
images/213894.png,0
images/457815.png,0
images/252462.png,0
images/244487.png,0
images/192134.png,0
images/256335.png,0
images/201986.png,0
images/459135.png,0
images/222408.png,0
images/221586.png,0
images/211326.png,0
images/257176.png,0
images/235424.png,0
images/225828.png,0
images/227969.png,0
images/187393.png,0
images/210221.png,0
images/217979.png,0
images/193583.png,0
images/197142.png,0
images/219387.png,0
images/238605.png,0
images/227270.png,0
images/191915.png,0
images/255722.png,0
images/241136.png,0
images/252835.png,0
images/186228.png,0
images/227869.png,0
images/232959.png,0
images/249031.png,0
images/185657.png,0
images/242003.png,0
images/218645.png,0
images/466189.png,0
images/237470.png,0
images/209712.png,0
images/208474.png,0
images/187265.png,0
images/458282.png,0
images/193080.png,0
images/251928.png,0
images/246207.png,0
images/231067.png,0
images/456454.png,0
images/224548.png,0
images/244858.png,0
images/200342.png,0
images/224200.png,0
images/250695.png,0
images/241855.png,0
images/198833.png,0
images/221143.png,0
images/192707.png,0
images/250056.png,0
images/246100.png,0
images/249795.png,0
images/239324.png,0
images/209573.png,0
images/456965.png,0
images/226055.png,0
images/455796.png,0
images/184412.png,0
images/229012.png,0
images/455881.png,0
images/226128.png,0
images/195287.png,0
images/197257.png,0
images/249325.png,0
images/248943.png,0
images/208544.png,0
images/192402.png,0
images/248300.png,0
images/194361.png,0
images/223723.png,0
images/200773.png,0
images/239187.png,0
images/194994.png,0
images/460813.png,0
images/202252.png,0
images/218358.png,0
images/213803.png,0
images/231742.png,0
images/256989.png,0
images/253130.png,0
images/208580.png,0
images/187772.png,0
images/228653.png,0
images/207770.png,0
images/257858.png,0
images/241789.png,0
images/222677.png,0
images/466201.png,0
images/199458.png,0
images/188460.png,0
images/209377.png,0
images/234973.png,0
images/250799.png,0
images/462624.png,0
images/196449.png,0
images/200597.png,0
images/228831.png,0
images/238927.png,0
images/242631.png,0
images/210993.png,0
images/227155.png,0
images/464427.png,0
images/184455.png,0
images/250600.png,0
images/212345.png,0
images/238590.png,0
images/246793.png,0
images/220965.png,0
images/465640.png,0
images/463767.png,0
images/186561.png,0
images/231961.png,0
images/463505.png,0
images/230435.png,0
images/198243.png,0
images/185498.png,0
images/455512.png,0
images/191816.png,0
images/239276.png,0
images/460046.png,0
images/234135.png,0
images/458619.png,0
images/204858.png,0
images/213416.png,0
images/218340.png,0
images/208407.png,0
images/227241.png,0
images/254594.png,0
images/192163.png,0
images/237820.png,0
images/208673.png,0
images/201153.png,0
images/203361.png,0
images/460068.png,0
images/207374.png,0
images/256936.png,0
images/252125.png,0
images/243331.png,0
images/215102.png,0
images/189630.png,0
images/254312.png,0
images/201238.png,0
images/228440.png,0
images/191243.png,0
images/216714.png,0
images/256653.png,0
images/241842.png,0
images/253336.png,0
images/185712.png,0
images/196436.png,0
images/224182.png,0
images/251351.png,0
images/211061.png,0
images/219547.png,0
images/220918.png,0
images/243992.png,0
images/201318.png,0
images/460693.png,0
images/190011.png,0
images/232253.png,0
images/204840.png,0
images/233181.png,0
images/195044.png,0
images/230084.png,0
images/461442.png,0
images/231173.png,0
images/231781.png,0
images/227968.png,0
images/458587.png,0
images/195419.png,0
images/253908.png,0
images/458403.png,0
images/190480.png,0
images/230860.png,0
images/242493.png,0
images/207301.png,0
images/203752.png,0
images/230419.png,0
images/247727.png,0
images/253077.png,0
images/232168.png,0
images/246528.png,0
images/248667.png,0
images/217628.png,0
images/210890.png,0
images/251023.png,0
images/248269.png,0
images/208331.png,0
images/207885.png,0
images/217317.png,0
images/254229.png,0
images/183497.png,0
images/464293.png,0
images/185770.png,0
images/190800.png,0
images/224940.png,0
images/227040.png,0
images/235096.png,0
images/215306.png,0
images/244459.png,0
images/456150.png,0
images/456737.png,0
images/229811.png,0
images/200881.png,0
images/256724.png,0
images/189716.png,0
images/256535.png,0
images/465502.png,0
images/458652.png,0
images/214721.png,0
images/222443.png,0
images/232407.png,0
images/230255.png,0
images/196676.png,0
images/228968.png,0
images/235631.png,0
images/199665.png,0
images/232693.png,0
images/242728.png,0
images/234221.png,0
images/239241.png,0
images/234359.png,0
images/195893.png,0
images/194672.png,0
images/194741.png,0
images/185976.png,0
images/232012.png,0
images/252713.png,0
images/458503.png,0
images/192528.png,0
images/214115.png,0
images/226660.png,0
images/459639.png,0
images/457475.png,0
images/221259.png,0
images/223476.png,0
images/461463.png,0
images/195683.png,0
images/218066.png,0
images/207701.png,0
images/235374.png,0
images/198340.png,0
images/194204.png,0
images/185752.png,0
images/222404.png,0
images/186362.png,0
images/253580.png,0
images/457845.png,0
images/197743.png,0
images/236781.png,0
images/192115.png,0
images/190747.png,0
images/221958.png,0
images/189098.png,0
images/254929.png,0
images/230502.png,0
images/251062.png,0
images/187024.png,0
images/199281.png,0
images/255014.png,0
images/466172.png,0
images/202566.png,0
images/219523.png,0
images/230642.png,0
images/209472.png,0
images/191889.png,0
images/214595.png,0
images/257541.png,0
images/203368.png,0
images/200115.png,0
images/183778.png,0
images/465815.png,0
images/456006.png,0
images/252560.png,0
images/195059.png,0
images/190537.png,0
images/250788.png,0
images/204028.png,0
images/195794.png,0
images/216400.png,0
images/238061.png,0
images/460066.png,0
images/234209.png,0
images/225952.png,0
images/463948.png,0
images/238004.png,0
images/455812.png,0
images/252377.png,0
images/217379.png,0
images/461488.png,0
images/193049.png,0
images/243261.png,0
images/192366.png,0
images/461435.png,0
images/222285.png,0
images/195100.png,0
images/198086.png,0
images/226630.png,0
images/227701.png,0
images/224468.png,0
images/212174.png,0
images/211945.png,0
images/239125.png,0
images/222949.png,0
images/459351.png,0
images/203122.png,0
images/189195.png,0
images/255758.png,0
images/245454.png,0
images/462015.png,0
images/247203.png,0
images/246464.png,0
images/202019.png,0
images/255257.png,0
images/232568.png,0
images/211858.png,0
images/206754.png,0
images/206868.png,0
images/230699.png,0
images/207464.png,0
images/202174.png,0
images/183157.png,0
images/234969.png,0
images/249098.png,0
images/461179.png,0
images/243330.png,0
images/464681.png,0
images/229354.png,0
images/221089.png,0
images/220957.png,0
images/246375.png,0
images/220715.png,0
images/242183.png,0
images/253769.png,0
images/230470.png,0
images/462909.png,0
images/216104.png,0
images/186173.png,0
images/246641.png,0
images/218926.png,0
images/194511.png,0
images/210713.png,0
images/198123.png,0
images/246653.png,0
images/252122.png,0
images/190389.png,0
images/226632.png,0
images/227104.png,0
images/247837.png,0
images/233111.png,0
images/255880.png,0
images/232348.png,0
images/190580.png,0
images/193882.png,0
images/190490.png,0
images/196698.png,0
images/184565.png,0
images/217690.png,0
images/240898.png,0
images/222563.png,0
images/250738.png,0
images/192685.png,0
images/195289.png,0
images/461624.png,0
images/251059.png,0
images/225675.png,0
images/201159.png,0
images/239842.png,0
images/227934.png,0
images/227592.png,0
images/192737.png,0
images/245755.png,0
images/190677.png,0
images/205443.png,0
images/252814.png,0
images/251013.png,0
images/211475.png,0
images/199571.png,0
images/460912.png,0
images/215391.png,0
images/219247.png,0
images/244428.png,0
images/238291.png,0
images/237431.png,0
images/195943.png,0
images/465384.png,0
images/202211.png,0
images/243451.png,0
images/216009.png,0
images/238823.png,0
images/209315.png,0
images/215940.png,0
images/196524.png,0
images/193791.png,0
images/207522.png,0
images/221838.png,0
images/208368.png,0
images/256074.png,0
images/256064.png,0
images/203384.png,0
images/244034.png,0
images/200611.png,0
images/199059.png,0
images/186055.png,0
images/249690.png,0
images/224941.png,0
images/201813.png,0
images/183487.png,0
images/253835.png,0
images/190020.png,0
images/229896.png,0
images/246495.png,0
images/217085.png,0
images/231263.png,0
images/192218.png,0
images/200109.png,0
images/191525.png,0
images/228388.png,0
images/463592.png,0
images/235031.png,0
images/191333.png,0
images/218504.png,0
images/213525.png,0
images/215467.png,0
images/465222.png,0
images/219867.png,0
images/185753.png,0
images/257599.png,0
images/202281.png,0
images/253727.png,0
images/255115.png,0
images/238926.png,0
images/251294.png,0
images/250778.png,0
images/192217.png,0
images/221110.png,0
images/204046.png,0
images/247365.png,0
images/227472.png,0
images/200687.png,0
images/236265.png,0
images/212728.png,0
images/229440.png,0
images/224828.png,0
images/465529.png,0
images/194720.png,0
images/461118.png,0
images/247842.png,0
images/243370.png,0
images/464415.png,0
images/225004.png,0
images/185879.png,0
images/462264.png,0
images/230950.png,0
images/212911.png,0
images/196581.png,0
images/243163.png,0
images/227170.png,0
images/190182.png,0
images/185506.png,0
images/215404.png,0
images/195839.png,0
images/213017.png,0
images/213566.png,0
images/188776.png,0
images/455525.png,0
images/457985.png,0
images/221644.png,0
images/235613.png,0
images/459299.png,0
images/190735.png,0
images/241028.png,0
images/204485.png,0
images/257017.png,0
images/231630.png,0
images/253827.png,0
images/465354.png,0
images/254742.png,0
images/246864.png,0
images/230825.png,0
images/209899.png,0
images/193278.png,0
images/201459.png,0
images/461434.png,0
images/462053.png,0
images/209317.png,0
images/251215.png,0
images/201127.png,0
images/223148.png,0
images/217032.png,0
images/230015.png,0
images/222781.png,0
images/230267.png,0
images/232421.png,0
images/465008.png,0
images/195733.png,0
images/227971.png,0
images/238454.png,0
images/458365.png,0
images/252706.png,0
images/195050.png,0
images/465636.png,0
images/241861.png,0
images/204792.png,0
images/237924.png,0
images/246399.png,0
images/250546.png,0
images/190837.png,0
images/235277.png,0
images/234362.png,0
images/210796.png,0
images/196398.png,0
images/207350.png,0
images/246488.png,0
images/220941.png,0
images/463314.png,0
images/465097.png,0
images/455090.png,0
images/235548.png,0
images/207300.png,0
images/186485.png,0
images/460229.png,0
images/202003.png,0
images/242926.png,0
images/220979.png,0
images/188243.png,0
images/198434.png,0
images/183998.png,0
images/241706.png,0
images/192644.png,0
images/205841.png,0
images/242152.png,0
images/243304.png,0
images/216736.png,0
images/222602.png,0
images/250729.png,0
images/232627.png,0
images/237631.png,0
images/248701.png,0
images/235744.png,0
images/212982.png,0
images/461018.png,0
images/229186.png,0
images/242090.png,0
images/203854.png,0
images/248670.png,0
images/460937.png,0
images/219991.png,0
images/462270.png,0
images/207051.png,0
images/235605.png,0
images/239122.png,0
images/463455.png,0
images/465474.png,0
images/195789.png,0
images/459302.png,0
images/465899.png,0
images/214851.png,0
images/216577.png,0
images/215147.png,0
images/236058.png,0
images/215228.png,0
images/250657.png,0
images/257259.png,0
images/240941.png,0
images/185351.png,0
images/189839.png,0
images/257835.png,0
images/250017.png,0
images/186461.png,0
images/184208.png,0
images/248356.png,0
images/229305.png,0
images/224441.png,0
images/217978.png,0
images/463572.png,0
images/221694.png,0
images/221514.png,0
images/247729.png,0
images/238468.png,0
images/465046.png,0
images/216266.png,0
images/217792.png,0
images/253672.png,0
images/228170.png,0
images/196908.png,0
images/220033.png,0
images/192995.png,0
images/465432.png,0
images/256262.png,0
images/250893.png,0
images/198006.png,0
images/213448.png,0
images/247019.png,0
images/243589.png,0
images/243353.png,0
images/238870.png,0
images/215593.png,0
images/232430.png,0
images/234055.png,0
images/204156.png,0
images/196560.png,0
images/246897.png,0
images/192386.png,0
images/200760.png,0
images/456645.png,0
images/210684.png,0
images/227746.png,0
images/188838.png,0
images/461416.png,0
images/188193.png,0
images/455492.png,0
images/192043.png,0
images/235887.png,0
images/186034.png,0
images/213751.png,0
images/250814.png,0
images/241733.png,0
images/199236.png,0
images/218012.png,0
images/189648.png,0
images/193532.png,0
images/246011.png,0
images/233821.png,0
images/243449.png,0
images/213478.png,0
images/240474.png,0
images/224638.png,0
images/194622.png,0
images/233884.png,0
images/192605.png,0
images/189528.png,0
images/244353.png,0
images/223254.png,0
images/197750.png,0
images/190978.png,0
images/250622.png,0
images/245448.png,0
images/185278.png,0
images/187189.png,0
images/457048.png,0
images/208543.png,0
images/195266.png,0
images/182826.png,0
images/188274.png,0
images/202711.png,0
images/212705.png,0
images/205821.png,0
images/191166.png,0
images/186945.png,0
images/454749.png,0
images/455727.png,0
images/256217.png,0
images/219835.png,0
images/190266.png,0
images/185929.png,0
images/255991.png,0
images/222808.png,0
images/256573.png,0
images/205487.png,0
images/232877.png,0
images/228216.png,0
images/182884.png,0
images/217633.png,0
images/257346.png,0
images/188045.png,0
images/234621.png,0
images/193204.png,0
images/457445.png,0
images/189313.png,0
images/202561.png,0
images/210608.png,0
images/204648.png,0
images/201608.png,0
images/207295.png,0
images/461451.png,0
images/220417.png,0
images/200270.png,0
images/203470.png,0
images/188518.png,0
images/201370.png,0
images/460387.png,0
images/239616.png,0
images/196566.png,0
images/188330.png,0
images/190927.png,0
images/218160.png,0
images/458230.png,0
images/255072.png,0
images/236591.png,0
images/459411.png,0
images/186427.png,0
images/184901.png,0
images/189150.png,0
images/249186.png,0
images/189579.png,0
images/250298.png,0
images/204478.png,0
images/208963.png,0
images/222102.png,0
images/229460.png,0
images/232495.png,0
images/238478.png,0
images/205001.png,0
images/216385.png,0
images/234638.png,0
images/218980.png,0
images/254889.png,0
images/203340.png,0
images/185319.png,0
images/235617.png,0
images/186418.png,0
images/230251.png,0
images/254605.png,0
images/457339.png,0
images/187369.png,0
images/186935.png,0
images/219601.png,0
images/224253.png,0
images/221630.png,0
images/232998.png,0
images/227802.png,0
images/212474.png,0
images/236974.png,0
images/256953.png,0
images/202996.png,0
images/250864.png,0
images/193919.png,0
images/455141.png,0
images/204295.png,0
images/461238.png,0
images/204746.png,0
images/190595.png,0
images/459904.png,0
images/205738.png,0
images/226474.png,0
images/236818.png,0
images/188720.png,0
images/456863.png,0
images/225377.png,0
images/185597.png,0
images/197563.png,0
images/456019.png,0
images/463751.png,0
images/201454.png,0
images/217256.png,0
images/214362.png,0
images/466138.png,0
images/464969.png,0
images/193129.png,0
images/455835.png,0
images/229521.png,0
images/222881.png,0
images/242449.png,0
images/201872.png,0
images/187051.png,0
images/192592.png,0
images/222318.png,0
images/201676.png,0
images/195486.png,0
images/240933.png,0
images/458662.png,0
images/239872.png,0
images/230568.png,0
images/188745.png,0
images/459671.png,0
images/189224.png,0
images/182849.png,0
images/251439.png,0
images/459942.png,0
images/189183.png,0
images/206567.png,0
images/184760.png,0
images/184031.png,0
images/250873.png,0
images/238244.png,0
images/200026.png,0
images/232954.png,0
images/231059.png,0
images/209021.png,0
images/255053.png,0
images/213331.png,0
images/224520.png,0
images/191462.png,0
images/183212.png,0
images/457778.png,0
images/241724.png,0
images/227711.png,0
images/206968.png,0
images/211531.png,0
images/219940.png,0
images/229364.png,0
images/234142.png,0
images/206588.png,0
images/246328.png,0
images/466318.png,0
images/183781.png,0
images/455304.png,0
images/216354.png,0
images/236492.png,0
images/190990.png,0
images/196415.png,0
images/188331.png,0
images/235395.png,0
images/247651.png,0
images/466073.png,0
images/189857.png,0
images/250658.png,0
images/219745.png,0
images/185438.png,0
images/221065.png,0
images/241573.png,0
images/216635.png,0
images/187083.png,0
images/225923.png,0
images/189096.png,0
images/221159.png,0
images/199253.png,0
images/255309.png,0
images/185328.png,0
images/205017.png,0
images/235675.png,0
images/238099.png,0
images/233723.png,0
images/456731.png,0
images/216159.png,0
images/228274.png,0
images/190173.png,0
images/224533.png,0
images/465943.png,0
images/225864.png,0
images/207012.png,0
images/459800.png,0
images/233781.png,0
images/240469.png,0
images/237771.png,0
images/228079.png,0
images/193645.png,0
images/242327.png,0
images/192202.png,0
images/224905.png,0
images/204060.png,0
images/456888.png,0
images/455323.png,0
images/248709.png,0
images/225602.png,0
images/182813.png,0
images/230378.png,0
images/199890.png,0
images/253701.png,0
images/224522.png,0
images/243266.png,0
images/257052.png,0
images/238916.png,0
images/211872.png,0
images/249940.png,0
images/205857.png,0
images/211808.png,0
images/245399.png,0
images/198634.png,0
images/465184.png,0
images/228839.png,0
images/190796.png,0
images/242736.png,0
images/222041.png,0
images/202267.png,0
images/216879.png,0
images/213916.png,0
images/199737.png,0
images/233361.png,0
images/194949.png,0
images/253490.png,0
images/218640.png,0
images/239588.png,0
images/206940.png,0
images/205549.png,0
images/183828.png,0
images/222463.png,0
images/230923.png,0
images/248599.png,0
images/462194.png,0
images/209187.png,0
images/208144.png,0
images/250029.png,0
images/458664.png,0
images/214765.png,0
images/196899.png,0
images/244435.png,0
images/461946.png,0
images/209861.png,0
images/247071.png,0
images/459317.png,0
images/252197.png,0
images/232094.png,0
images/189133.png,0
images/189936.png,0
images/254724.png,0
images/234086.png,0
images/185596.png,0
images/190900.png,0
images/465774.png,0
images/460496.png,0
images/215503.png,0
images/217507.png,0
images/228164.png,0
images/235033.png,0
images/205027.png,0
images/241375.png,0
images/182770.png,0
images/251867.png,0
images/191179.png,0
images/220740.png,0
images/454979.png,0
images/455676.png,0
images/241874.png,0
images/461836.png,0
images/463760.png,0
images/218971.png,0
images/186093.png,0
images/462353.png,0
images/246079.png,0
images/223065.png,0
images/466310.png,0
images/253418.png,0
images/205191.png,0
images/455361.png,0
images/234424.png,0
images/214440.png,0
images/221271.png,0
images/232870.png,0
images/216280.png,0
images/218859.png,0
images/186047.png,0
images/192458.png,0
images/205250.png,0
images/229275.png,0
images/200859.png,0
images/212252.png,0
images/204442.png,0
images/462590.png,0
images/459580.png,0
images/204230.png,0
images/206590.png,0
images/461933.png,0
images/252461.png,0
images/246428.png,0
images/187985.png,0
images/246395.png,0
images/207836.png,0
images/232120.png,0
images/195611.png,0
images/243934.png,0
images/236307.png,0
images/249521.png,0
images/198669.png,0
images/202530.png,0
images/189529.png,0
images/247659.png,0
images/245670.png,0
images/215214.png,0
images/197955.png,0
images/188157.png,0
images/237121.png,0
images/249937.png,0
images/250754.png,0
images/459994.png,0
images/456906.png,0
images/464790.png,0
images/214002.png,0
images/212354.png,0
images/217425.png,0
images/189081.png,0
images/251350.png,0
images/243169.png,0
images/464456.png,0
images/464624.png,0
images/456909.png,0
images/209327.png,0
images/189550.png,0
images/456501.png,0
images/186490.png,0
images/232199.png,0
images/221653.png,0
images/229086.png,0
images/196561.png,0
images/195957.png,0
images/464173.png,0
images/242522.png,0
images/235413.png,0
images/224549.png,0
images/185629.png,0
images/249446.png,0
images/210922.png,0
images/186343.png,0
images/229539.png,0
images/221675.png,0
images/205926.png,0
images/207314.png,0
images/245691.png,0
images/237961.png,0
images/456914.png,0
images/201369.png,0
images/206425.png,0
images/217728.png,0
images/234092.png,0
images/255766.png,0
images/251643.png,0
images/213732.png,0
images/215670.png,0
images/202650.png,0
images/462966.png,0
images/254657.png,0
images/232564.png,0
images/232196.png,0
images/458858.png,0
images/241073.png,0
images/214378.png,0
images/210326.png,0
images/246894.png,0
images/228514.png,0
images/239986.png,0
images/457133.png,0
images/232091.png,0
images/241742.png,0
images/219122.png,0
images/251906.png,0
images/212429.png,0
images/226809.png,0
images/202024.png,0
images/227463.png,0
images/230168.png,0
images/238506.png,0
images/191213.png,0
images/205126.png,0
images/249384.png,0
images/256594.png,0
images/246042.png,0
images/237737.png,0
images/197284.png,0
images/229349.png,0
images/221044.png,0
images/242208.png,0
images/207246.png,0
images/197061.png,0
images/196589.png,0
images/189991.png,0
images/183691.png,0
images/191997.png,0
images/199507.png,0
images/224335.png,0
images/455368.png,0
images/192384.png,0
images/191082.png,0
images/192442.png,0
images/191694.png,0
images/204307.png,0
images/206877.png,0
images/247841.png,0
images/213378.png,0
images/217461.png,0
images/204470.png,0
images/232504.png,0
images/194249.png,0
images/464888.png,0
images/194239.png,0
images/185883.png,0
images/238047.png,0
images/209080.png,0
images/461829.png,0
images/213867.png,0
images/463662.png,0
images/455766.png,0
images/230092.png,0
images/185871.png,0
images/208348.png,0
images/208538.png,0
images/210075.png,0
images/233426.png,0
images/199306.png,0
images/219035.png,0
images/229836.png,0
images/455100.png,0
images/221697.png,0
images/187495.png,0
images/195368.png,0
images/226244.png,0
images/220001.png,0
images/243905.png,0
images/253319.png,0
images/193977.png,0
images/211744.png,0
images/246543.png,0
images/223740.png,0
images/203875.png,0
images/457269.png,0
images/210257.png,0
images/460269.png,0
images/464799.png,0
images/218773.png,0
images/211453.png,0
images/200060.png,0
images/233017.png,0
images/236822.png,0
images/230271.png,0
images/187439.png,0
images/189863.png,0
images/219996.png,0
images/211298.png,0
images/207551.png,0
images/215976.png,0
images/254023.png,0
images/247546.png,0
images/235132.png,0
images/208942.png,0
images/236673.png,0
images/218646.png,0
images/195509.png,0
images/220049.png,0
images/247468.png,0
images/240664.png,0
images/235194.png,0
images/232227.png,0
images/238915.png,0
images/211300.png,0
images/200477.png,0
images/221073.png,0
images/240645.png,0
images/225156.png,0
images/186901.png,0
images/247515.png,0
images/210190.png,0
images/240578.png,0
images/256036.png,0
images/191779.png,0
images/212512.png,0
images/205781.png,0
images/197366.png,0
images/198491.png,0
images/458614.png,0
images/186345.png,0
images/257194.png,0
images/221618.png,0
images/197883.png,0
images/225729.png,0
images/202938.png,0
images/195106.png,0
images/251152.png,0
images/457232.png,0
images/455567.png,0
images/197143.png,0
images/216537.png,0
images/222324.png,0
images/208398.png,0
images/243639.png,0
images/188799.png,0
images/459010.png,0
images/253755.png,0
images/234805.png,0
images/195903.png,0
images/190448.png,0
images/463614.png,0
images/210247.png,0
images/208408.png,0
images/207576.png,0
images/200953.png,0
images/242081.png,0
images/253951.png,0
images/455944.png,0
images/458814.png,0
images/457942.png,0
images/203803.png,0
images/212526.png,0
images/217739.png,0
images/225168.png,0
images/248575.png,0
images/238157.png,0
images/193513.png,0
images/209979.png,0
images/212075.png,0
images/461040.png,0
images/183417.png,0
images/193927.png,0
images/197594.png,0
images/236057.png,0
images/222904.png,0
images/188194.png,0
images/231580.png,0
images/212467.png,0
images/231865.png,0
images/202052.png,0
images/228973.png,0
images/182837.png,0
images/214630.png,0
images/219355.png,0
images/199746.png,0
images/257303.png,0
images/253163.png,0
images/231409.png,0
images/241139.png,0
images/215942.png,0
images/246111.png,0
images/187840.png,0
images/456654.png,0
images/234928.png,0
images/184930.png,0
images/190758.png,0
images/194620.png,0
images/211282.png,0
images/218296.png,0
images/232536.png,0
images/186474.png,0
images/233117.png,0
images/205256.png,0
images/220369.png,0
images/228910.png,0
images/228857.png,0
images/216581.png,0
images/201925.png,0
images/185999.png,0
images/247440.png,0
images/210422.png,0
images/206274.png,0
images/464467.png,0
images/189825.png,0
images/464910.png,0
images/201984.png,0
images/185065.png,0
images/202035.png,0
images/232356.png,0
images/222784.png,0
images/239979.png,0
images/183765.png,0
images/241517.png,0
images/202837.png,0
images/207081.png,0
images/460305.png,0
images/208182.png,0
images/237851.png,0
images/239638.png,0
images/458080.png,0
images/229165.png,0
images/245675.png,0
images/465326.png,0
images/204452.png,0
images/195529.png,0
images/249710.png,0
images/460976.png,0
images/244257.png,0
images/223958.png,0
images/229135.png,0
images/192686.png,0
images/247792.png,0
images/255016.png,0
images/246499.png,0
images/460924.png,0
images/182915.png,0
images/184359.png,0
images/246423.png,0
images/461012.png,0
images/222247.png,0
images/462538.png,0
images/242434.png,0
images/192481.png,0
images/229014.png,0
images/248403.png,0
images/231334.png,0
images/207452.png,0
images/202552.png,0
images/458038.png,0
images/227879.png,0
images/231289.png,0
images/203870.png,0
images/226518.png,0
images/464150.png,0
images/254496.png,0
images/239569.png,0
images/234998.png,0
images/256155.png,0
images/246599.png,0
images/224302.png,0
images/211754.png,0
images/208902.png,0
images/225098.png,0
images/218198.png,0
images/242349.png,0
images/214781.png,0
images/213075.png,0
images/212275.png,0
images/252291.png,0
images/238692.png,0
images/183554.png,0
images/221111.png,0
images/251132.png,0
images/243250.png,0
images/198832.png,0
images/223999.png,0
images/463089.png,0
images/239453.png,0
images/201299.png,0
images/254098.png,0
images/220659.png,0
images/237600.png,0
images/248442.png,0
images/194978.png,0
images/188978.png,0
images/209201.png,0
images/213518.png,0
images/459152.png,0
images/252932.png,0
images/200637.png,0
images/248305.png,0
images/252052.png,0
images/193850.png,0
images/191398.png,0
images/184682.png,0
images/464543.png,0
images/250452.png,0
images/251863.png,0
images/225287.png,0
images/220067.png,0
images/455945.png,0
images/207348.png,0
images/250857.png,0
images/460470.png,0
images/462742.png,0
images/462644.png,0
images/190942.png,0
images/220194.png,0
images/236614.png,0
images/223609.png,0
images/204677.png,0
images/205183.png,0
images/459085.png,0
images/459945.png,0
images/209086.png,0
images/220807.png,0
images/231175.png,0
images/205961.png,0
images/248767.png,0
images/207553.png,0
images/241773.png,0
images/223173.png,0
images/242832.png,0
images/255025.png,0
images/189093.png,0
images/191641.png,0
images/206708.png,0
images/229700.png,0
images/195424.png,0
images/221988.png,0
images/233844.png,0
images/204902.png,0
images/199625.png,0
images/214629.png,0
images/188594.png,0
images/461063.png,0
images/249836.png,0
images/229592.png,0
images/461834.png,0
images/225166.png,0
images/210671.png,0
images/216571.png,0
images/199982.png,0
images/209966.png,0
images/209704.png,0
images/226529.png,0
images/465967.png,0
images/224670.png,0
images/460698.png,0
images/257851.png,0
images/224207.png,0
images/188260.png,0
images/463277.png,0
images/244615.png,0
images/248348.png,0
images/235398.png,0
images/245690.png,0
images/243028.png,0
images/237527.png,0
images/208894.png,0
images/231975.png,0
images/239889.png,0
images/195114.png,0
images/188689.png,0
images/457725.png,0
images/238409.png,0
images/464921.png,0
images/209954.png,0
images/462179.png,0
images/184366.png,0
images/183372.png,0
images/463617.png,0
images/455178.png,0
images/459150.png,0
images/213368.png,0
images/224502.png,0
images/252185.png,0
images/235470.png,0
images/465635.png,0
images/459250.png,0
images/460146.png,0
images/234302.png,0
images/458890.png,0
images/192012.png,0
images/208085.png,0
images/237850.png,0
images/216538.png,0
images/205882.png,0
images/234059.png,0
images/256630.png,0
images/195696.png,0
images/196744.png,0
images/194647.png,0
images/465888.png,0
images/239397.png,0
images/254944.png,0
images/466041.png,0
images/223834.png,0
images/213920.png,0
images/254064.png,0
images/241659.png,0
images/183572.png,0
images/463754.png,0
images/197107.png,0
images/211573.png,0
images/466015.png,0
images/236948.png,0
images/250502.png,0
images/208582.png,0
images/197889.png,0
images/462763.png,0
images/224544.png,0
images/232541.png,0
images/255954.png,0
images/243973.png,0
images/244543.png,0
images/192746.png,0
images/184421.png,0
images/200100.png,0
images/200309.png,0
images/198066.png,0
images/205635.png,0
images/226653.png,0
images/195616.png,0
images/187291.png,0
images/210400.png,0
images/240508.png,0
images/205765.png,0
images/241213.png,0
images/227930.png,0
images/205289.png,0
images/228713.png,0
images/245245.png,0
images/247116.png,0
images/249720.png,0
images/253646.png,0
images/187044.png,0
images/217302.png,0
images/237054.png,0
images/257494.png,0
images/197429.png,0
images/246093.png,0
images/257336.png,0
images/209643.png,0
images/192553.png,0
images/226732.png,0
images/217852.png,0
images/231371.png,0
images/220252.png,0
images/211072.png,0
images/238093.png,0
images/187049.png,0
images/186710.png,0
images/250266.png,0
images/202452.png,0
images/213951.png,0
images/244379.png,0
images/456612.png,0
images/244286.png,0
images/194536.png,0
images/243469.png,0
images/209120.png,0
images/253098.png,0
images/236463.png,0
images/238597.png,0
images/236596.png,0
images/187889.png,0
images/239048.png,0
images/255386.png,0
images/193259.png,0
images/208422.png,0
images/240914.png,0
images/241528.png,0
images/252791.png,0
images/191053.png,0
images/204928.png,0
images/244390.png,0
images/235565.png,0
images/207477.png,0
images/205743.png,0
images/198463.png,0
images/194227.png,0
images/461366.png,0
images/220605.png,0
images/217465.png,0
images/208413.png,0
images/228999.png,0
images/239189.png,0
images/257773.png,0
images/465387.png,0
images/253115.png,0
images/226307.png,0
images/210780.png,0
images/216638.png,0
images/235807.png,0
images/251180.png,0
images/199162.png,0
images/244810.png,0
images/239886.png,0
images/462679.png,0
images/227792.png,0
images/249579.png,0
images/204263.png,0
images/465568.png,0
images/232220.png,0
images/240729.png,0
images/457220.png,0
images/186094.png,0
images/234797.png,0
images/459864.png,0
images/234230.png,0
images/256548.png,0
images/183314.png,0
images/230843.png,0
images/229543.png,0
images/462078.png,0
images/458703.png,0
images/461818.png,0
images/237769.png,0
images/256345.png,0
images/461779.png,0
images/463666.png,0
images/184820.png,0
images/192337.png,0
images/255780.png,0
images/243428.png,0
images/207204.png,0
images/185313.png,0
images/210129.png,0
images/216032.png,0
images/247781.png,0
images/236923.png,0
images/195838.png,0
images/211424.png,0
images/225815.png,0
images/203838.png,0
images/250858.png,0
images/185510.png,0
images/185675.png,0
images/206490.png,0
images/187229.png,0
images/185927.png,0
images/235834.png,0
images/229831.png,0
images/458789.png,0
images/223348.png,0
images/219652.png,0
images/233970.png,0
images/216659.png,0
images/245716.png,0
images/188982.png,0
images/253430.png,0
images/239363.png,0
images/233967.png,0
images/226069.png,0
images/252081.png,0
images/240824.png,0
images/193889.png,0
images/211807.png,0
images/204089.png,0
images/217798.png,0
images/212361.png,0
images/459454.png,0
images/239610.png,0
images/254412.png,0
images/197941.png,0
images/249104.png,0
images/242793.png,0
images/219462.png,0
images/233126.png,0
images/182998.png,0
images/192038.png,0
images/189667.png,0
images/199294.png,0
images/250133.png,0
images/196724.png,0
images/256935.png,0
images/256498.png,0
images/248231.png,0
images/458075.png,0
images/210926.png,0
images/227605.png,0
images/223970.png,0
images/458057.png,0
images/251147.png,0
images/204159.png,0
images/208125.png,0
images/254662.png,0
images/217975.png,0
images/222777.png,0
images/196081.png,0
images/229475.png,0
images/460858.png,0
images/218605.png,0
images/256122.png,0
images/188502.png,0
images/186596.png,0
images/200875.png,0
images/255503.png,0
images/196410.png,0
images/243784.png,0
images/199275.png,0
images/194210.png,0
images/456004.png,0
images/183066.png,0
images/214216.png,0
images/209202.png,0
images/456272.png,0
images/465960.png,0
images/199441.png,0
images/455485.png,0
images/211841.png,0
images/458560.png,0
images/202107.png,0
images/236517.png,0
images/460303.png,0
images/215134.png,0
images/226703.png,0
images/458043.png,0
images/207335.png,0
images/231400.png,0
images/195309.png,0
images/226670.png,0
images/241848.png,0
images/246630.png,0
images/228357.png,0
images/462337.png,0
images/187465.png,0
images/186312.png,0
images/231744.png,0
images/216223.png,0
images/466274.png,0
images/455076.png,0
images/225047.png,0
images/198200.png,0
images/188396.png,0
images/237786.png,0
images/185294.png,0
images/224078.png,0
images/200460.png,0
images/245978.png,0
images/223094.png,0
images/245464.png,0
images/241438.png,0
images/223520.png,0
images/454946.png,0
images/228511.png,0
images/192496.png,0
images/220025.png,0
images/234841.png,0
images/183866.png,0
images/230762.png,0
images/203150.png,0
images/221414.png,0
images/205892.png,0
images/201577.png,0
images/456511.png,0
images/192828.png,0
images/249705.png,0
images/235804.png,0
images/210494.png,0
images/458991.png,0
images/459749.png,0
images/250415.png,0
images/237543.png,0
images/215335.png,0
images/456092.png,0
images/233042.png,0
images/235254.png,0
images/182861.png,0
images/188998.png,0
images/227351.png,0
images/200645.png,0
images/223721.png,0
images/457553.png,0
images/203893.png,0
images/204709.png,0
images/203156.png,0
images/197559.png,0
images/218781.png,0
images/245330.png,0
images/250346.png,0
images/233122.png,0
images/233546.png,0
images/219320.png,0
images/195055.png,0
images/250638.png,0
images/191964.png,0
images/242442.png,0
images/455890.png,0
images/200233.png,0
images/187647.png,0
images/185656.png,0
images/202124.png,0
images/206180.png,0
images/463902.png,0
images/225131.png,0
images/251800.png,0
images/186802.png,0
images/217235.png,0
images/235339.png,0
images/203749.png,0
images/240861.png,0
images/231924.png,0
images/222695.png,0
images/225825.png,0
images/207857.png,0
images/242604.png,0
images/203635.png,0
images/186886.png,0
images/223793.png,0
images/213585.png,0
images/183398.png,0
images/242787.png,0
images/206794.png,0
images/245353.png,0
images/208193.png,0
images/461376.png,0
images/198173.png,0
images/213092.png,0
images/247906.png,0
images/190520.png,0
images/241808.png,0
images/256882.png,0
images/213638.png,0
images/223007.png,0
images/206499.png,0
images/239369.png,0
images/217255.png,0
images/228446.png,0
images/207427.png,0
images/199844.png,0
images/213061.png,0
images/222429.png,0
images/190554.png,0
images/241750.png,0
images/248823.png,0
images/242834.png,0
images/211854.png,0
images/256752.png,0
images/253239.png,0
images/223727.png,0
images/459045.png,0
images/238298.png,0
images/459022.png,0
images/220961.png,0
images/207769.png,0
images/204086.png,0
images/219438.png,0
images/207342.png,0
images/195922.png,0
images/225606.png,0
images/201456.png,0
images/227134.png,0
images/254339.png,0
images/229599.png,0
images/182917.png,0
images/244908.png,0
images/243267.png,0
images/247072.png,0
images/201679.png,0
images/212785.png,0
images/224790.png,0
images/247962.png,0
images/246918.png,0
images/217878.png,0
images/238745.png,0
images/188963.png,0
images/240184.png,0
images/232624.png,0
images/216211.png,0
images/189129.png,0
images/238819.png,0
images/223698.png,0
images/188455.png,0
images/232623.png,0
images/465134.png,0
images/464464.png,0
images/217553.png,0
images/242859.png,0
images/184987.png,0
images/192674.png,0
images/218610.png,0
images/188813.png,0
images/219188.png,0
images/209165.png,0
images/242500.png,0
images/185331.png,0
images/198222.png,0
images/238071.png,0
images/254807.png,0
images/225309.png,0
images/253864.png,0
images/185858.png,0
images/463885.png,0
images/462136.png,0
images/191894.png,0
images/210917.png,0
images/216703.png,0
images/193426.png,0
images/466246.png,0
images/251589.png,0
images/229271.png,0
images/464220.png,0
images/183860.png,0
images/186663.png,0
images/461257.png,0
images/464646.png,0
images/244144.png,0
images/191294.png,0
images/202759.png,0
images/213091.png,0
images/189500.png,0
images/209356.png,0
images/459048.png,0
images/234386.png,0
images/236310.png,0
images/201359.png,0
images/465754.png,0
images/227297.png,0
images/199326.png,0
images/229664.png,0
images/231619.png,0
images/246180.png,0
images/185682.png,0
images/194211.png,0
images/192208.png,0
images/244323.png,0
images/230037.png,0
images/239014.png,0
images/200855.png,0
images/229049.png,0
images/196389.png,0
images/184576.png,0
images/251073.png,0
images/213594.png,0
images/466329.png,0
images/234609.png,0
images/464072.png,0
images/230886.png,0
images/244141.png,0
images/189981.png,0
images/212086.png,0
images/197230.png,0
images/461798.png,0
images/222962.png,0
images/466129.png,0
images/198302.png,0
images/459181.png,0
images/227690.png,0
images/207737.png,0
images/252792.png,0
images/464976.png,0
images/201082.png,0
images/194588.png,0
images/183291.png,0
images/200709.png,0
images/233044.png,0
images/245242.png,0
images/212555.png,0
images/225887.png,0
images/196355.png,0
images/238434.png,0
images/185977.png,0
images/187687.png,0
images/211911.png,0
images/229340.png,0
images/236323.png,0
images/229778.png,0
images/208633.png,0
images/229768.png,0
images/462684.png,0
images/456548.png,0
images/225674.png,0
images/252155.png,0
images/183109.png,0
images/465025.png,0
images/187880.png,0
images/189818.png,0
images/462504.png,0
images/184889.png,0
images/200200.png,0
images/223362.png,0
images/460724.png,0
images/241694.png,0
images/458289.png,0
images/257742.png,0
images/241843.png,0
images/212672.png,0
images/197414.png,0
images/207524.png,0
images/203489.png,0
images/217479.png,0
images/239931.png,0
images/201171.png,0
images/222257.png,0
images/230830.png,0
images/191447.png,0
images/257579.png,0
images/185150.png,0
images/230365.png,0
images/217946.png,0
images/197696.png,0
images/194445.png,0
images/243120.png,0
images/198932.png,0
images/196341.png,0
images/206714.png,0
images/234714.png,0
images/233003.png,0
images/255033.png,0
images/255756.png,0
images/464715.png,0
images/464311.png,0
images/255656.png,0
images/240070.png,0
images/462688.png,0
images/194754.png,0
images/255524.png,0
images/253326.png,0
images/460680.png,0
images/255892.png,0
images/229702.png,0
images/459245.png,0
images/193747.png,0
images/187758.png,0
images/195609.png,0
images/232948.png,0
images/245115.png,0
images/194035.png,0
images/229109.png,0
images/251355.png,0
images/234700.png,0
images/249452.png,0
images/191211.png,0
images/458916.png,0
images/195113.png,0
images/456108.png,0
images/191615.png,0
images/210572.png,0
images/235513.png,0
images/223039.png,0
images/190843.png,0
images/464504.png,0
images/254842.png,0
images/224564.png,0
images/199406.png,0
images/202207.png,0
images/241865.png,0
images/222536.png,0
images/222537.png,0
images/189307.png,0
images/225364.png,0
images/186990.png,0
images/242515.png,0
images/206330.png,0
images/458830.png,0
images/208208.png,0
images/456039.png,0
images/220249.png,0
images/256698.png,0
images/254328.png,0
images/227374.png,0
images/200681.png,0
images/213097.png,0
images/227581.png,0
images/206245.png,0
images/229712.png,0
images/203815.png,0
images/185429.png,0
images/221945.png,0
images/208147.png,0
images/201188.png,0
images/195252.png,0
images/238399.png,0
images/240646.png,0
images/238239.png,0
images/207187.png,0
images/256735.png,0
images/458919.png,0
images/238617.png,0
images/219692.png,0
images/224237.png,0
images/459982.png,0
images/218474.png,0
images/457292.png,0
images/465975.png,0
images/251328.png,0
images/199414.png,0
images/234801.png,0
images/212802.png,0
images/247166.png,0
images/211327.png,0
images/211768.png,0
images/220273.png,0
images/458929.png,0
images/255517.png,0
images/183450.png,0
images/196253.png,0
images/186854.png,0
images/237240.png,0
images/233479.png,0
images/227828.png,0
images/256756.png,0
images/248955.png,0
images/219882.png,0
images/197492.png,0
images/213829.png,0
images/456582.png,0
images/215444.png,0
images/230488.png,0
images/465381.png,0
images/463692.png,0
images/465330.png,0
images/245532.png,0
images/196343.png,0
images/210977.png,0
images/217383.png,0
images/456074.png,0
images/221673.png,0
images/253521.png,0
images/196441.png,0
images/250377.png,0
images/236442.png,0
images/234734.png,0
images/222321.png,0
images/192630.png,0
images/183176.png,0
images/190846.png,0
images/222890.png,0
images/228803.png,0
images/243786.png,0
images/253573.png,0
images/462879.png,0
images/219096.png,0
images/186688.png,0
images/250469.png,0
images/223228.png,0
images/236736.png,0
images/193708.png,0
images/244503.png,0
images/210836.png,0
images/234572.png,0
images/196165.png,0
images/211222.png,0
images/204772.png,0
images/233375.png,0
images/217145.png,0
images/220014.png,0
images/205585.png,0
images/213238.png,0
images/459304.png,0
images/465408.png,0
images/255564.png,0
images/231698.png,0
images/229981.png,0
images/207361.png,0
images/246131.png,0
images/243105.png,0
images/200174.png,0
images/197528.png,0
images/206248.png,0
images/213601.png,0
images/190414.png,0
images/219752.png,0
images/237778.png,0
images/250084.png,0
images/225651.png,0
images/234186.png,0
images/248743.png,0
images/224760.png,0
images/229043.png,0
images/199524.png,0
images/230536.png,0
images/235876.png,0
images/464421.png,0
images/207758.png,0
images/247143.png,0
images/197009.png,0
images/248373.png,0
images/196108.png,0
images/211181.png,0
images/204881.png,0
images/201204.png,0
images/208787.png,0
images/464768.png,0
images/198740.png,0
images/465015.png,0
images/254429.png,0
images/210001.png,0
images/238455.png,0
images/193486.png,0
images/218140.png,0
images/219345.png,0
images/241249.png,0
images/201611.png,0
images/206380.png,0
images/203977.png,0
images/191979.png,0
images/217401.png,0
images/207944.png,0
images/455183.png,0
images/463563.png,0
images/211702.png,0
images/221687.png,0
images/246040.png,0
images/249312.png,0
images/185734.png,0
images/254153.png,0
images/203918.png,0
images/248477.png,0
images/459075.png,0
images/239680.png,0
images/248494.png,0
images/238010.png,0
images/240598.png,0
images/217533.png,0
images/234944.png,0
images/188237.png,0
images/230048.png,0
images/190112.png,0
images/254973.png,0
images/463001.png,0
images/197447.png,0
images/232718.png,0
images/188662.png,0
images/460450.png,0
images/191591.png,0
images/206352.png,0
images/201012.png,0
images/188974.png,0
images/213959.png,0
images/231271.png,0
images/220642.png,0
images/239796.png,0
images/221364.png,0
images/198244.png,0
images/249582.png,0
images/191789.png,0
images/193845.png,0
images/216868.png,0
images/254885.png,0
images/456460.png,0
images/211955.png,0
images/254894.png,0
images/244859.png,0
images/236277.png,0
images/455957.png,0
images/248730.png,0
images/219733.png,0
images/209767.png,0
images/196964.png,0
images/185458.png,0
images/461509.png,0
images/212513.png,0
images/233013.png,0
images/183799.png,0
images/218494.png,0
images/254947.png,0
images/229027.png,0
images/213610.png,0
images/465578.png,0
images/235886.png,0
images/191725.png,0
images/463259.png,0
images/204768.png,0
images/189639.png,0
images/206691.png,0
images/465169.png,0
images/249602.png,0
images/186520.png,0
images/202804.png,0
images/233440.png,0
images/227781.png,0
images/254584.png,0
images/232412.png,0
images/204400.png,0
images/244550.png,0
images/218928.png,0
images/229587.png,0
images/219207.png,0
images/249420.png,0
images/255393.png,0
images/256654.png,0
images/457258.png,0
images/238686.png,0
images/240465.png,0
images/255336.png,0
images/196500.png,0
images/235366.png,0
images/241473.png,0
images/206177.png,0
images/237206.png,0
images/255538.png,0
images/233062.png,0
images/233141.png,0
images/204242.png,0
images/255583.png,0
images/226104.png,0
images/244254.png,0
images/247361.png,0
images/241048.png,0
images/242381.png,0
images/193895.png,0
images/211183.png,0
images/256299.png,0
images/225921.png,0
images/197280.png,0
images/463179.png,0
images/220485.png,0
images/228890.png,0
images/207224.png,0
images/224486.png,0
images/459529.png,0
images/205337.png,0
images/186589.png,0
images/257799.png,0
images/190080.png,0
images/233325.png,0
images/457850.png,0
images/215594.png,0
images/215120.png,0
images/202528.png,0
images/459168.png,0
images/195405.png,0
images/209620.png,0
images/462701.png,0
images/212248.png,0
images/206988.png,0
images/221976.png,0
images/223765.png,0
images/197286.png,0
images/214423.png,0
images/234943.png,0
images/187500.png,0
images/186315.png,0
images/237306.png,0
images/202571.png,0
images/213144.png,0
images/240171.png,0
images/216261.png,0
images/238830.png,0
images/189485.png,0
images/223580.png,0
images/237844.png,0
images/198330.png,0
images/195130.png,0
images/244021.png,0
images/226958.png,0
images/216116.png,0
images/237164.png,0
images/232825.png,0
images/255083.png,0
images/210648.png,0
images/189997.png,0
images/221866.png,0
images/210862.png,0
images/212032.png,0
images/222065.png,0
images/454804.png,0
images/222501.png,0
images/224241.png,0
images/228866.png,0
images/216495.png,0
images/233877.png,0
images/219131.png,0
images/455990.png,0
images/186307.png,0
images/192053.png,0
images/249575.png,0
images/225454.png,0
images/232803.png,0
images/231124.png,0
images/224048.png,0
images/218641.png,0
images/217194.png,0
images/218449.png,0
images/220783.png,0
images/212767.png,0
images/208703.png,0
images/209414.png,0
images/242617.png,0
images/204058.png,0
images/247857.png,0
images/184885.png,0
images/218190.png,0
images/202489.png,0
images/238897.png,0
images/241010.png,0
images/195189.png,0
images/195882.png,0
images/205593.png,0
images/204679.png,0
images/222148.png,0
images/242713.png,0
images/201141.png,0
images/206414.png,0
images/225951.png,0
images/220779.png,0
images/245046.png,0
images/208760.png,0
images/220899.png,0
images/207445.png,0
images/213199.png,0
images/234403.png,0
images/459059.png,0
images/457843.png,0
images/222530.png,0
images/455193.png,0
images/206933.png,0
images/221275.png,0
images/238272.png,0
images/194640.png,0
images/462174.png,0
images/206565.png,0
images/208853.png,0
images/186213.png,0
images/231404.png,0
images/201646.png,0
images/198730.png,0
images/463529.png,0
images/63155.png,1
images/55415.png,1
images/74313.png,1
images/7849.png,1
images/478500.png,1
images/109228.png,1
images/482259.png,1
images/36601.png,1
images/90673.png,1
images/97807.png,1
images/514786.png,1
images/25174.png,1
images/9212.png,1
images/477854.png,1
images/513874.png,1
images/85443.png,1
images/81270.png,1
images/507616.png,1
images/158161.png,1
images/22926.png,1
images/476362.png,1
images/506491.png,1
images/84482.png,1
images/70207.png,1
images/31906.png,1
images/43021.png,1
images/45831.png,1
images/1111.png,1
images/25799.png,1
images/115043.png,1
images/66416.png,1
images/497116.png,1
images/2052.png,1
images/58665.png,1
images/64718.png,1
images/24254.png,1
images/498094.png,1
images/59978.png,1
images/69384.png,1
images/82176.png,1
images/496710.png,1
images/11828.png,1
images/6315.png,1
images/502576.png,1
images/57048.png,1
images/15970.png,1
images/57423.png,1
images/482260.png,1
images/111384.png,1
images/505277.png,1
images/479557.png,1
images/476084.png,1
images/1989.png,1
images/86822.png,1
images/106039.png,1
images/20231.png,1
images/56438.png,1
images/54235.png,1
images/502651.png,1
images/320604.png,1
images/5582.png,1
images/510645.png,1
images/59239.png,1
images/29962.png,1
images/17055.png,1
images/508059.png,1
images/49367.png,1
images/54159.png,1
images/49311.png,1
images/422274.png,1
images/506892.png,1
images/68928.png,1
images/508516.png,1
images/29215.png,1
images/21746.png,1
images/506366.png,1
images/92571.png,1
images/376905.png,1
images/475401.png,1
images/149091.png,1
images/7422.png,1
images/67022.png,1
images/395719.png,1
images/93578.png,1
images/34411.png,1
images/501277.png,1
images/477882.png,1
images/502652.png,1
images/498935.png,1
images/135195.png,1
images/17484.png,1
images/105140.png,1
images/105122.png,1
images/483058.png,1
images/37221.png,1
images/5304.png,1
images/499710.png,1
images/103668.png,1
images/35392.png,1
images/112201.png,1
images/40301.png,1
images/31812.png,1
images/63736.png,1
images/5169.png,1
images/55428.png,1
images/52739.png,1
images/496676.png,1
images/57662.png,1
images/76738.png,1
images/25524.png,1
images/514650.png,1
images/151637.png,1
images/16873.png,1
images/478738.png,1
images/62883.png,1
images/23249.png,1
images/18351.png,1
images/53558.png,1
images/20710.png,1
images/32302.png,1
images/16604.png,1
images/34792.png,1
images/62475.png,1
images/17729.png,1
images/51217.png,1
images/62055.png,1
images/30627.png,1
images/63170.png,1
images/99242.png,1
images/5935.png,1
images/16834.png,1
images/29411.png,1
images/57016.png,1
images/12025.png,1
images/51892.png,1
images/65160.png,1
images/43569.png,1
images/35917.png,1
images/32685.png,1
images/12010.png,1
images/63956.png,1
images/49223.png,1
images/6367.png,1
images/509447.png,1
images/6687.png,1
images/34254.png,1
images/38854.png,1
images/505311.png,1
images/43138.png,1
images/267681.png,1
images/102198.png,1
images/64498.png,1
images/500996.png,1
images/77972.png,1
images/296379.png,1
images/28949.png,1
images/80650.png,1
images/33397.png,1
images/9048.png,1
images/24415.png,1
images/13324.png,1
images/12026.png,1
images/91281.png,1
images/130776.png,1
images/7288.png,1
images/77992.png,1
images/27194.png,1
images/372219.png,1
images/2867.png,1
images/98114.png,1
images/96877.png,1
images/501331.png,1
images/96179.png,1
images/33703.png,1
images/10566.png,1
images/122011.png,1
images/17726.png,1
images/1601.png,1
images/52721.png,1
images/88543.png,1
images/58530.png,1
images/39528.png,1
images/7960.png,1
images/20080.png,1
images/357121.png,1
images/62245.png,1
images/328.png,1
images/51301.png,1
images/16331.png,1
images/96569.png,1
images/64187.png,1
images/502277.png,1
images/85939.png,1
images/514595.png,1
images/22542.png,1
images/178709.png,1
images/7691.png,1
images/11844.png,1
images/54828.png,1
images/101531.png,1
images/374120.png,1
images/386035.png,1
images/95875.png,1
images/514294.png,1
images/30188.png,1
images/95994.png,1
images/30875.png,1
images/508075.png,1
images/312380.png,1
images/505810.png,1
images/5415.png,1
images/43729.png,1
images/176903.png,1
images/83250.png,1
images/47123.png,1
images/15743.png,1
images/3812.png,1
images/9703.png,1
images/9710.png,1
images/26726.png,1
images/85420.png,1
images/23658.png,1
images/136801.png,1
images/431433.png,1
images/39758.png,1
images/62285.png,1
images/475754.png,1
images/55182.png,1
images/475159.png,1
images/477225.png,1
images/5144.png,1
images/23471.png,1
images/71817.png,1
images/28619.png,1
images/9712.png,1
images/80722.png,1
images/77467.png,1
images/22729.png,1
images/366286.png,1
images/43913.png,1
images/258625.png,1
images/290913.png,1
images/32060.png,1
images/501385.png,1
images/615.png,1
images/103185.png,1
images/62688.png,1
images/388523.png,1
images/126658.png,1
images/18744.png,1
images/53396.png,1
images/179916.png,1
images/10870.png,1
images/148457.png,1
images/55120.png,1
images/11344.png,1
images/63531.png,1
images/3802.png,1
images/16109.png,1
images/46734.png,1
images/31505.png,1
images/55821.png,1
images/50596.png,1
images/47147.png,1
images/158690.png,1
images/25801.png,1
images/16573.png,1
images/16443.png,1
images/29831.png,1
images/17822.png,1
images/29837.png,1
images/92247.png,1
images/27224.png,1
images/123656.png,1
images/82709.png,1
images/8795.png,1
images/165124.png,1
images/12324.png,1
images/61807.png,1
images/13478.png,1
images/49409.png,1
images/514845.png,1
images/57500.png,1
images/10797.png,1
images/513135.png,1
images/9598.png,1
images/61548.png,1
images/64666.png,1
images/12734.png,1
images/80243.png,1
images/10702.png,1
images/6891.png,1
images/109430.png,1
images/3070.png,1
images/4423.png,1
images/45924.png,1
images/55848.png,1
images/15974.png,1
images/2406.png,1
images/42314.png,1
images/8905.png,1
images/59521.png,1
images/36208.png,1
images/52224.png,1
images/39113.png,1
images/498302.png,1
images/125439.png,1
images/97290.png,1
images/127472.png,1
images/509753.png,1
images/58948.png,1
images/36639.png,1
images/30433.png,1
images/61963.png,1
images/43257.png,1
images/501809.png,1
images/51433.png,1
images/160703.png,1
images/10874.png,1
images/59025.png,1
images/65672.png,1
images/174656.png,1
images/90568.png,1
images/36665.png,1
images/81330.png,1
images/39956.png,1
images/2174.png,1
images/19826.png,1
images/17674.png,1
images/20883.png,1
images/4540.png,1
images/8899.png,1
images/508680.png,1
images/506330.png,1
images/483219.png,1
images/14208.png,1
images/64067.png,1
images/5848.png,1
images/6775.png,1
images/36699.png,1
images/5487.png,1
images/47542.png,1
images/499986.png,1
images/9876.png,1
images/285141.png,1
images/116021.png,1
images/74737.png,1
images/10442.png,1
images/21104.png,1
images/498775.png,1
images/48728.png,1
images/507784.png,1
images/480286.png,1
images/504848.png,1
images/27482.png,1
images/24051.png,1
images/52942.png,1
images/67202.png,1
images/36182.png,1
images/418.png,1
images/14552.png,1
images/45139.png,1
images/60381.png,1
images/54246.png,1
images/54402.png,1
images/21882.png,1
images/6480.png,1
images/52424.png,1
images/505305.png,1
images/15940.png,1
images/63349.png,1
images/47160.png,1
images/21239.png,1
images/116909.png,1
images/26053.png,1
images/57490.png,1
images/15861.png,1
images/103110.png,1
images/41783.png,1
images/29947.png,1
images/78048.png,1
images/36829.png,1
images/62473.png,1
images/32569.png,1
images/34823.png,1
images/478401.png,1
images/481818.png,1
images/507542.png,1
images/501855.png,1
images/90169.png,1
images/64670.png,1
images/16488.png,1
images/497319.png,1
images/503408.png,1
images/482653.png,1
images/49358.png,1
images/56742.png,1
images/32673.png,1
images/475925.png,1
images/55203.png,1
images/95194.png,1
images/43684.png,1
images/97149.png,1
images/481032.png,1
images/479866.png,1
images/21106.png,1
images/7946.png,1
images/36929.png,1
images/12520.png,1
images/63740.png,1
images/35996.png,1
images/21581.png,1
images/72137.png,1
images/498449.png,1
images/512775.png,1
images/48103.png,1
images/85182.png,1
images/34468.png,1
images/87662.png,1
images/33796.png,1
images/38043.png,1
images/29273.png,1
images/29481.png,1
images/43594.png,1
images/109746.png,1
images/19950.png,1
images/18752.png,1
images/30824.png,1
images/36634.png,1
images/59993.png,1
images/421425.png,1
images/478379.png,1
images/17835.png,1
images/22412.png,1
images/3919.png,1
images/16025.png,1
images/502726.png,1
images/19576.png,1
images/513964.png,1
images/115951.png,1
images/22808.png,1
images/3006.png,1
images/33441.png,1
images/45302.png,1
images/182091.png,1
images/139836.png,1
images/80764.png,1
images/13620.png,1
images/8672.png,1
images/20490.png,1
images/505556.png,1
images/30848.png,1
images/29690.png,1
images/513687.png,1
images/61591.png,1
images/29993.png,1
images/18862.png,1
images/5595.png,1
images/481800.png,1
images/131500.png,1
images/58760.png,1
images/506905.png,1
images/38062.png,1
images/478894.png,1
images/62637.png,1
images/110144.png,1
images/302742.png,1
images/10808.png,1
images/59960.png,1
images/47331.png,1
images/37513.png,1
images/36246.png,1
images/52513.png,1
images/511980.png,1
images/29857.png,1
images/506909.png,1
images/499495.png,1
images/2533.png,1
images/4431.png,1
images/55189.png,1
images/58063.png,1
images/512060.png,1
images/329541.png,1
images/24539.png,1
images/29552.png,1
images/83207.png,1
images/44256.png,1
images/480797.png,1
images/479332.png,1
images/75047.png,1
images/29428.png,1
images/68785.png,1
images/2438.png,1
images/53274.png,1
images/38120.png,1
images/49400.png,1
images/37332.png,1
images/23412.png,1
images/20421.png,1
images/25323.png,1
images/60716.png,1
images/97202.png,1
images/61682.png,1
images/476108.png,1
images/108522.png,1
images/1160.png,1
images/510082.png,1
images/47282.png,1
images/37369.png,1
images/44622.png,1
images/156153.png,1
images/54872.png,1
images/84607.png,1
images/513510.png,1
images/29099.png,1
images/4437.png,1
images/13992.png,1
images/10933.png,1
images/10676.png,1
images/7788.png,1
images/29785.png,1
images/25606.png,1
images/33552.png,1
images/512640.png,1
images/22959.png,1
images/13138.png,1
images/501842.png,1
images/512252.png,1
images/82006.png,1
images/47485.png,1
images/33177.png,1
images/18460.png,1
images/58426.png,1
images/87306.png,1
images/503241.png,1
images/73631.png,1
images/34356.png,1
images/510478.png,1
images/10071.png,1
images/2664.png,1
images/368890.png,1
images/23661.png,1
images/21256.png,1
images/504377.png,1
images/28922.png,1
images/27558.png,1
images/43848.png,1
images/37343.png,1
images/41419.png,1
images/15877.png,1
images/33443.png,1
images/31704.png,1
images/94238.png,1
images/82812.png,1
images/11348.png,1
images/64762.png,1
images/514543.png,1
images/32180.png,1
images/55385.png,1
images/73546.png,1
images/33469.png,1
images/20325.png,1
images/59881.png,1
images/44563.png,1
images/62312.png,1
images/124797.png,1
images/9541.png,1
images/82350.png,1
images/27245.png,1
images/110017.png,1
images/133906.png,1
images/115285.png,1
images/89990.png,1
images/87451.png,1
images/475664.png,1
images/476376.png,1
images/502625.png,1
images/19833.png,1
images/504218.png,1
images/54479.png,1
images/26962.png,1
images/27311.png,1
images/39663.png,1
images/176060.png,1
images/1494.png,1
images/3675.png,1
images/479268.png,1
images/42146.png,1
images/499197.png,1
images/115893.png,1
images/66144.png,1
images/117714.png,1
images/31205.png,1
images/181684.png,1
images/20923.png,1
images/55430.png,1
images/58444.png,1
images/38085.png,1
images/17509.png,1
images/402714.png,1
images/50856.png,1
images/88183.png,1
images/109768.png,1
images/21675.png,1
images/107537.png,1
images/60425.png,1
images/19715.png,1
images/47793.png,1
images/24080.png,1
images/5358.png,1
images/515222.png,1
images/42075.png,1
images/47610.png,1
images/284826.png,1
images/22283.png,1
images/31590.png,1
images/22083.png,1
images/9076.png,1
images/123995.png,1
images/107569.png,1
images/46849.png,1
images/6071.png,1
images/129892.png,1
images/56876.png,1
images/500683.png,1
images/25680.png,1
images/57834.png,1
images/46458.png,1
images/39491.png,1
images/43250.png,1
images/5621.png,1
images/47581.png,1
images/86537.png,1
images/57422.png,1
images/334330.png,1
images/12489.png,1
images/54149.png,1
images/4010.png,1
images/122481.png,1
images/52952.png,1
images/509936.png,1
images/493.png,1
images/483147.png,1
images/69197.png,1
images/480519.png,1
images/14205.png,1
images/13434.png,1
images/17786.png,1
images/59348.png,1
images/87941.png,1
images/18736.png,1
images/54167.png,1
images/498750.png,1
images/14199.png,1
images/2314.png,1
images/500278.png,1
images/56007.png,1
images/501993.png,1
images/85736.png,1
images/433.png,1
images/12362.png,1
images/99683.png,1
images/36007.png,1
images/39173.png,1
images/481668.png,1
images/107779.png,1
images/42977.png,1
images/502275.png,1
images/115263.png,1
images/46347.png,1
images/22737.png,1
images/496994.png,1
images/6947.png,1
images/71312.png,1
images/66969.png,1
images/89169.png,1
images/10589.png,1
images/9084.png,1
images/63607.png,1
images/22900.png,1
images/40081.png,1
images/35925.png,1
images/89412.png,1
images/12721.png,1
images/116343.png,1
images/509390.png,1
images/499427.png,1
images/108739.png,1
images/34467.png,1
images/14318.png,1
images/31186.png,1
images/31238.png,1
images/113214.png,1
images/4122.png,1
images/328475.png,1
images/17710.png,1
images/1258.png,1
images/31351.png,1
images/109836.png,1
images/32219.png,1
images/19259.png,1
images/37756.png,1
images/481982.png,1
images/509245.png,1
images/17830.png,1
images/64026.png,1
images/503190.png,1
images/500138.png,1
images/29306.png,1
images/84008.png,1
images/73435.png,1
images/379025.png,1
images/54292.png,1
images/17694.png,1
images/94341.png,1
images/480635.png,1
images/31848.png,1
images/14937.png,1
images/31970.png,1
images/481992.png,1
images/104388.png,1
images/505179.png,1
images/19298.png,1
images/20886.png,1
images/508957.png,1
images/58396.png,1
images/77316.png,1
images/10677.png,1
images/384.png,1
images/52534.png,1
images/48007.png,1
images/22468.png,1
images/481000.png,1
images/510308.png,1
images/13938.png,1
images/498912.png,1
images/30719.png,1
images/33738.png,1
images/513287.png,1
images/42228.png,1
images/479695.png,1
images/21901.png,1
images/497972.png,1
images/35267.png,1
images/176708.png,1
images/73438.png,1
images/42451.png,1
images/3714.png,1
images/69698.png,1
images/477856.png,1
images/11890.png,1
images/101589.png,1
images/57197.png,1
images/31959.png,1
images/41285.png,1
images/95402.png,1
images/112564.png,1
images/478289.png,1
images/475342.png,1
images/123819.png,1
images/290237.png,1
images/421032.png,1
images/22713.png,1
images/19019.png,1
images/20389.png,1
images/37171.png,1
images/23717.png,1
images/49659.png,1
images/502919.png,1
images/502624.png,1
images/56293.png,1
images/13072.png,1
images/380829.png,1
images/38597.png,1
images/64337.png,1
images/77447.png,1
images/44105.png,1
images/47021.png,1
images/25134.png,1
images/45502.png,1
images/13197.png,1
images/507419.png,1
images/503554.png,1
images/16095.png,1
images/10717.png,1
images/13017.png,1
images/89783.png,1
images/8113.png,1
images/33575.png,1
images/3133.png,1
images/37428.png,1
images/131.png,1
images/59070.png,1
images/75783.png,1
images/80631.png,1
images/64889.png,1
images/26940.png,1
images/7031.png,1
images/275562.png,1
images/56186.png,1
images/119733.png,1
images/99138.png,1
images/501518.png,1
images/34009.png,1
images/514065.png,1
images/128640.png,1
images/504731.png,1
images/88504.png,1
images/639.png,1
images/498936.png,1
images/56410.png,1
images/503611.png,1
images/501971.png,1
images/7037.png,1
images/38635.png,1
images/37486.png,1
images/514684.png,1
images/12258.png,1
images/24625.png,1
images/6746.png,1
images/50598.png,1
images/72348.png,1
images/45312.png,1
images/78154.png,1
images/40171.png,1
images/5631.png,1
images/37263.png,1
images/106643.png,1
images/478641.png,1
images/513769.png,1
images/51560.png,1
images/47797.png,1
images/58076.png,1
images/41575.png,1
images/21164.png,1
images/50006.png,1
images/16282.png,1
images/520110.png,1
images/86772.png,1
images/10976.png,1
images/63586.png,1
images/73745.png,1
images/74866.png,1
images/38593.png,1
images/10342.png,1
images/47501.png,1
images/38652.png,1
images/48509.png,1
images/505892.png,1
images/20628.png,1
images/41762.png,1
images/53155.png,1
images/53154.png,1
images/90734.png,1
images/509843.png,1
images/111924.png,1
images/5052.png,1
images/30409.png,1
images/426928.png,1
images/40217.png,1
images/504361.png,1
images/479762.png,1
images/59917.png,1
images/496867.png,1
images/16895.png,1
images/507294.png,1
images/42433.png,1
images/25008.png,1
images/62676.png,1
images/32961.png,1
images/69676.png,1
images/23579.png,1
images/501723.png,1
images/31136.png,1
images/127305.png,1
images/17898.png,1
images/123880.png,1
images/32698.png,1
images/45037.png,1
images/115116.png,1
images/62738.png,1
images/41601.png,1
images/31575.png,1
images/499155.png,1
images/17796.png,1
images/507554.png,1
images/48392.png,1
images/56720.png,1
images/52401.png,1
images/39309.png,1
images/12811.png,1
images/123941.png,1
images/30938.png,1
images/3865.png,1
images/18986.png,1
images/74485.png,1
images/56289.png,1
images/37967.png,1
images/481854.png,1
images/476913.png,1
images/47002.png,1
images/38157.png,1
images/481379.png,1
images/85229.png,1
images/476357.png,1
images/133918.png,1
images/12788.png,1
images/37749.png,1
images/3094.png,1
images/46877.png,1
images/1871.png,1
images/58346.png,1
images/60863.png,1
images/10231.png,1
images/79312.png,1
images/511171.png,1
images/26901.png,1
images/47529.png,1
images/33300.png,1
images/505527.png,1
images/84326.png,1
images/513208.png,1
images/481507.png,1
images/3615.png,1
images/54192.png,1
images/65006.png,1
images/20849.png,1
images/323580.png,1
images/481866.png,1
images/138597.png,1
images/115364.png,1
images/61264.png,1
images/163980.png,1
images/31961.png,1
images/102183.png,1
images/63313.png,1
images/505929.png,1
images/28727.png,1
images/513821.png,1
images/3059.png,1
images/101556.png,1
images/46809.png,1
images/480325.png,1
images/66757.png,1
images/477785.png,1
images/16821.png,1
images/21516.png,1
images/39625.png,1
images/131622.png,1
images/14761.png,1
images/28766.png,1
images/506401.png,1
images/14721.png,1
images/48026.png,1
images/479310.png,1
images/511697.png,1
images/88540.png,1
images/475076.png,1
images/43826.png,1
images/513602.png,1
images/39932.png,1
images/46708.png,1
images/514521.png,1
images/30151.png,1
images/48654.png,1
images/3413.png,1
images/57316.png,1
images/34202.png,1
images/47413.png,1
images/21349.png,1
images/11409.png,1
images/483113.png,1
images/157252.png,1
images/508104.png,1
images/55364.png,1
images/30124.png,1
images/481148.png,1
images/55041.png,1
images/11986.png,1
images/501276.png,1
images/169907.png,1
images/13832.png,1
images/85841.png,1
images/20366.png,1
images/26623.png,1
images/77269.png,1
images/35785.png,1
images/255.png,1
images/73863.png,1
images/151573.png,1
images/107259.png,1
images/477986.png,1
images/505586.png,1
images/36535.png,1
images/15189.png,1
images/325028.png,1
images/18683.png,1
images/38021.png,1
images/37561.png,1
images/19750.png,1
images/66278.png,1
images/499907.png,1
images/121361.png,1
images/72591.png,1
images/49590.png,1
images/524966.png,1
images/477451.png,1
images/437476.png,1
images/25855.png,1
images/514660.png,1
images/510529.png,1
images/67749.png,1
images/54738.png,1
images/45154.png,1
images/53706.png,1
images/506988.png,1
images/22292.png,1
images/265751.png,1
images/35359.png,1
images/24122.png,1
images/10179.png,1
images/18420.png,1
images/55023.png,1
images/18296.png,1
images/482106.png,1
images/475862.png,1
images/53875.png,1
images/10985.png,1
images/126083.png,1
images/478769.png,1
images/20304.png,1
images/5481.png,1
images/41909.png,1
images/18576.png,1
images/63377.png,1
images/55126.png,1
images/42938.png,1
images/497435.png,1
images/55730.png,1
images/46194.png,1
images/475090.png,1
images/47920.png,1
images/55617.png,1
images/22439.png,1
images/97640.png,1
images/480473.png,1
images/511394.png,1
images/178457.png,1
images/58649.png,1
images/174057.png,1
images/64044.png,1
images/68343.png,1
images/58846.png,1
images/477609.png,1
images/281.png,1
images/45527.png,1
images/25328.png,1
images/38555.png,1
images/39608.png,1
images/268141.png,1
images/143231.png,1
images/8028.png,1
images/29959.png,1
images/38830.png,1
images/481702.png,1
images/80642.png,1
images/97926.png,1
images/281770.png,1
images/56990.png,1
images/127054.png,1
images/8162.png,1
images/481482.png,1
images/56610.png,1
images/16104.png,1
images/63822.png,1
images/509241.png,1
images/32096.png,1
images/480088.png,1
images/18155.png,1
images/6751.png,1
images/497042.png,1
images/505280.png,1
images/5291.png,1
images/142495.png,1
images/33654.png,1
images/76667.png,1
images/44465.png,1
images/22368.png,1
images/3747.png,1
images/95001.png,1
images/89592.png,1
images/29791.png,1
images/477937.png,1
images/56820.png,1
images/3341.png,1
images/6109.png,1
images/100003.png,1
images/7639.png,1
images/503670.png,1
images/15232.png,1
images/135606.png,1
images/48582.png,1
images/12466.png,1
images/49452.png,1
images/481261.png,1
images/73872.png,1
images/123986.png,1
images/286486.png,1
images/152641.png,1
images/37664.png,1
images/504822.png,1
images/480992.png,1
images/46172.png,1
images/55717.png,1
images/496461.png,1
images/57468.png,1
images/41035.png,1
images/22267.png,1
images/40770.png,1
images/43152.png,1
images/4246.png,1
images/366927.png,1
images/513924.png,1
images/45684.png,1
images/52928.png,1
images/37712.png,1
images/35726.png,1
images/3508.png,1
images/49364.png,1
images/39549.png,1
images/480423.png,1
images/25466.png,1
images/72394.png,1
images/496649.png,1
images/59610.png,1
images/134065.png,1
images/50424.png,1
images/52231.png,1
images/1834.png,1
images/510480.png,1
images/442633.png,1
images/31259.png,1
images/48243.png,1
images/140998.png,1
images/10855.png,1
images/57819.png,1
images/511575.png,1
images/99819.png,1
images/16121.png,1
images/501988.png,1
images/62066.png,1
images/36383.png,1
images/406738.png,1
images/98494.png,1
images/504929.png,1
images/47129.png,1
images/3050.png,1
images/35594.png,1
images/103190.png,1
images/506348.png,1
images/111161.png,1
images/3096.png,1
images/448340.png,1
images/117296.png,1
images/27128.png,1
images/7147.png,1
images/61206.png,1
images/33115.png,1
images/45001.png,1
images/61765.png,1
images/36073.png,1
images/511131.png,1
images/10527.png,1
images/64481.png,1
images/48593.png,1
images/382917.png,1
images/45365.png,1
images/61102.png,1
images/482872.png,1
images/48419.png,1
images/24458.png,1
images/5114.png,1
images/504955.png,1
images/31691.png,1
images/13780.png,1
images/41211.png,1
images/28923.png,1
images/10565.png,1
images/80124.png,1
images/8513.png,1
images/70659.png,1
images/114972.png,1
images/510718.png,1
images/510265.png,1
images/478797.png,1
images/59504.png,1
images/26060.png,1
images/481625.png,1
images/91066.png,1
images/6853.png,1
images/478365.png,1
images/16877.png,1
images/997.png,1
images/7015.png,1
images/17901.png,1
images/37197.png,1
images/501802.png,1
images/83312.png,1
images/91355.png,1
images/47185.png,1
images/15570.png,1
images/502373.png,1
images/8734.png,1
images/56985.png,1
images/334919.png,1
images/389726.png,1
images/99726.png,1
images/77416.png,1
images/60087.png,1
images/145128.png,1
images/500636.png,1
images/20020.png,1
images/504624.png,1
images/168.png,1
images/27526.png,1
images/13023.png,1
images/480291.png,1
images/508177.png,1
images/499269.png,1
images/106597.png,1
images/59392.png,1
images/69465.png,1
images/60086.png,1
images/66344.png,1
images/43804.png,1
images/29818.png,1
images/49494.png,1
images/24775.png,1
images/479257.png,1
images/161643.png,1
images/512424.png,1
images/28987.png,1
images/32805.png,1
images/178651.png,1
images/303349.png,1
images/505965.png,1
images/71174.png,1
images/1807.png,1
images/4307.png,1
images/36145.png,1
images/513656.png,1
images/171213.png,1
images/53511.png,1
images/515340.png,1
images/2089.png,1
images/27425.png,1
images/150929.png,1
images/177461.png,1
images/21471.png,1
images/49977.png,1
images/64271.png,1
images/481226.png,1
images/43642.png,1
images/51958.png,1
images/40176.png,1
images/27382.png,1
images/19311.png,1
images/173438.png,1
images/1425.png,1
images/58832.png,1
images/506054.png,1
images/509690.png,1
images/9550.png,1
images/105349.png,1
images/53528.png,1
images/79437.png,1
images/91889.png,1
images/24977.png,1
images/52572.png,1
images/45063.png,1
images/70744.png,1
images/22495.png,1
images/46238.png,1
images/126960.png,1
images/6977.png,1
images/4769.png,1
images/60011.png,1
images/18016.png,1
images/37555.png,1
images/481395.png,1
images/505330.png,1
images/512776.png,1
images/66967.png,1
images/88741.png,1
images/6366.png,1
images/110177.png,1
images/480170.png,1
images/27925.png,1
images/31220.png,1
images/507442.png,1
images/43443.png,1
images/53251.png,1
images/25212.png,1
images/7394.png,1
images/63034.png,1
images/45210.png,1
images/54322.png,1
images/1586.png,1
images/46556.png,1
images/29343.png,1
images/180726.png,1
images/89090.png,1
images/46682.png,1
images/37844.png,1
images/123838.png,1
images/29697.png,1
images/63798.png,1
images/40395.png,1
images/5451.png,1
images/120865.png,1
images/9269.png,1
images/1255.png,1
images/64562.png,1
images/144521.png,1
images/30247.png,1
images/36852.png,1
images/117848.png,1
images/501290.png,1
images/27933.png,1
images/81237.png,1
images/131829.png,1
images/480124.png,1
images/24123.png,1
images/49289.png,1
images/479226.png,1
images/104410.png,1
images/22969.png,1
images/14516.png,1
images/28073.png,1
images/507205.png,1
images/132996.png,1
images/476205.png,1
images/55070.png,1
images/48704.png,1
images/298413.png,1
images/37979.png,1
images/33797.png,1
images/15653.png,1
images/508313.png,1
images/49620.png,1
images/58733.png,1
images/89689.png,1
images/62231.png,1
images/384035.png,1
images/26454.png,1
images/52958.png,1
images/30447.png,1
images/81076.png,1
images/43320.png,1
images/2110.png,1
images/116400.png,1
images/511646.png,1
images/21838.png,1
images/116126.png,1
images/57979.png,1
images/481699.png,1
images/475395.png,1
images/510569.png,1
images/1393.png,1
images/513674.png,1
images/37213.png,1
images/20742.png,1
images/508806.png,1
images/31576.png,1
images/475096.png,1
images/15160.png,1
images/38114.png,1
images/479499.png,1
images/477878.png,1
images/3979.png,1
images/366124.png,1
images/44083.png,1
images/45985.png,1
images/8340.png,1
images/84661.png,1
images/44769.png,1
images/506449.png,1
images/103554.png,1
images/6349.png,1
images/12121.png,1
images/503482.png,1
images/2014.png,1
images/13251.png,1
images/14464.png,1
images/35031.png,1
images/481169.png,1
images/511695.png,1
images/114374.png,1
images/19531.png,1
images/102033.png,1
images/60137.png,1
images/143435.png,1
images/48515.png,1
images/90384.png,1
images/481901.png,1
images/22606.png,1
images/507147.png,1
images/7490.png,1
images/87499.png,1
images/58818.png,1
images/29201.png,1
images/50593.png,1
images/64699.png,1
images/49360.png,1
images/27255.png,1
images/11041.png,1
images/514253.png,1
images/38536.png,1
images/77341.png,1
images/21017.png,1
images/76325.png,1
images/6.png,1
images/24380.png,1
images/363714.png,1
images/57547.png,1
images/478199.png,1
images/11317.png,1
images/21132.png,1
images/512651.png,1
images/6374.png,1
images/124251.png,1
images/12853.png,1
images/482492.png,1
images/32203.png,1
images/64661.png,1
images/55678.png,1
images/15432.png,1
images/433350.png,1
images/496843.png,1
images/25794.png,1
images/14094.png,1
images/475746.png,1
images/3034.png,1
images/498320.png,1
images/37290.png,1
images/114505.png,1
images/498947.png,1
images/8621.png,1
images/496875.png,1
images/25947.png,1
images/57401.png,1
images/89508.png,1
images/478357.png,1
images/108775.png,1
images/60205.png,1
images/38914.png,1
images/10539.png,1
images/509302.png,1
images/1347.png,1
images/5809.png,1
images/38692.png,1
images/22116.png,1
images/5733.png,1
images/108461.png,1
images/109113.png,1
images/42081.png,1
images/78703.png,1
images/59980.png,1
images/96325.png,1
images/72538.png,1
images/5800.png,1
images/129351.png,1
images/46992.png,1
images/86566.png,1
images/498232.png,1
images/8752.png,1
images/52354.png,1
images/31511.png,1
images/67189.png,1
images/1000.png,1
images/19580.png,1
images/6522.png,1
images/30941.png,1
images/64374.png,1
images/41184.png,1
images/52908.png,1
images/17847.png,1
images/3681.png,1
images/55467.png,1
images/120426.png,1
images/58993.png,1
images/509758.png,1
images/109920.png,1
images/504670.png,1
images/41024.png,1
images/161408.png,1
images/506374.png,1
images/20042.png,1
images/11840.png,1
images/40017.png,1
images/99780.png,1
images/14262.png,1
images/728.png,1
images/14564.png,1
images/482900.png,1
images/37120.png,1
images/26578.png,1
images/61295.png,1
images/47239.png,1
images/20338.png,1
images/35084.png,1
images/498800.png,1
images/109504.png,1
images/381484.png,1
images/164648.png,1
images/130566.png,1
images/106748.png,1
images/5675.png,1
images/4810.png,1
images/7392.png,1
images/165955.png,1
images/60648.png,1
images/60190.png,1
images/498863.png,1
images/500042.png,1
images/52499.png,1
images/5610.png,1
images/500322.png,1
images/507434.png,1
images/477458.png,1
images/35722.png,1
images/31944.png,1
images/41187.png,1
images/10630.png,1
images/71593.png,1
images/145005.png,1
images/49991.png,1
images/508196.png,1
images/497800.png,1
images/503943.png,1
images/506216.png,1
images/503536.png,1
images/66106.png,1
images/30576.png,1
images/84759.png,1
images/18704.png,1
images/23429.png,1
images/30709.png,1
images/63149.png,1
images/17907.png,1
images/45772.png,1
images/323546.png,1
images/82181.png,1
images/19990.png,1
images/509432.png,1
images/22626.png,1
images/3402.png,1
images/9512.png,1
images/17565.png,1
images/93350.png,1
images/29801.png,1
images/31151.png,1
images/135114.png,1
images/10805.png,1
images/608.png,1
images/123670.png,1
images/496653.png,1
images/14344.png,1
images/507849.png,1
images/129998.png,1
images/496785.png,1
images/54748.png,1
images/482903.png,1
images/101045.png,1
images/99666.png,1
images/6332.png,1
images/49630.png,1
images/478904.png,1
images/168786.png,1
images/158838.png,1
images/60903.png,1
images/54622.png,1
images/17165.png,1
images/513219.png,1
images/58539.png,1
images/17068.png,1
images/62423.png,1
images/509548.png,1
images/91628.png,1
images/497532.png,1
images/88629.png,1
images/50505.png,1
images/64462.png,1
images/477663.png,1
images/5444.png,1
images/52662.png,1
images/477851.png,1
images/110622.png,1
images/41005.png,1
images/105260.png,1
images/60827.png,1
images/47274.png,1
images/25106.png,1
images/38553.png,1
images/54701.png,1
images/45377.png,1
images/36059.png,1
images/52861.png,1
images/39317.png,1
images/38633.png,1
images/58442.png,1
images/43604.png,1
images/337956.png,1
images/40582.png,1
images/14247.png,1
images/36334.png,1
images/82642.png,1
images/48161.png,1
images/45840.png,1
images/3046.png,1
images/180549.png,1
images/39509.png,1
images/318976.png,1
images/509037.png,1
images/7219.png,1
images/14073.png,1
images/58135.png,1
images/62915.png,1
images/33991.png,1
images/28474.png,1
images/2869.png,1
images/27698.png,1
images/61948.png,1
images/51854.png,1
images/476755.png,1
images/47764.png,1
images/103360.png,1
images/3472.png,1
images/7989.png,1
images/22546.png,1
images/23461.png,1
images/1659.png,1
images/59507.png,1
images/480232.png,1
images/102326.png,1
images/54311.png,1
images/99976.png,1
images/15501.png,1
images/505489.png,1
images/513985.png,1
images/10333.png,1
images/49922.png,1
images/45382.png,1
images/498638.png,1
images/36407.png,1
images/310015.png,1
images/32337.png,1
images/19081.png,1
images/43450.png,1
images/479948.png,1
images/506544.png,1
images/40611.png,1
images/68530.png,1
images/23723.png,1
images/68836.png,1
images/34377.png,1
images/54821.png,1
images/9332.png,1
images/496819.png,1
images/144632.png,1
images/46125.png,1
images/59241.png,1
images/126867.png,1
images/475305.png,1
images/15168.png,1
images/19613.png,1
images/301024.png,1
images/109596.png,1
images/66105.png,1
images/37794.png,1
images/17798.png,1
images/115230.png,1
images/47034.png,1
images/501052.png,1
images/39515.png,1
images/37243.png,1
images/28071.png,1
images/64347.png,1
images/56387.png,1
images/512544.png,1
images/478005.png,1
images/91773.png,1
images/16528.png,1
images/47450.png,1
images/59936.png,1
images/504007.png,1
images/30248.png,1
images/40357.png,1
images/477517.png,1
images/99416.png,1
images/80285.png,1
images/479116.png,1
images/50211.png,1
images/15916.png,1
images/10687.png,1
images/16256.png,1
images/29472.png,1
images/14550.png,1
images/105694.png,1
images/41198.png,1
images/262102.png,1
images/514290.png,1
images/482571.png,1
images/86318.png,1
images/29259.png,1
images/37168.png,1
images/45405.png,1
images/507582.png,1
images/297471.png,1
images/44754.png,1
images/26177.png,1
images/56446.png,1
images/475270.png,1
images/496911.png,1
images/35285.png,1
images/17966.png,1
images/52491.png,1
images/64493.png,1
images/99798.png,1
images/512055.png,1
images/504221.png,1
images/499557.png,1
images/95638.png,1
images/141768.png,1
images/58711.png,1
images/39327.png,1
images/1402.png,1
images/376087.png,1
images/61326.png,1
images/91387.png,1
images/15961.png,1
images/1689.png,1
images/112488.png,1
images/38789.png,1
images/53861.png,1
images/44837.png,1
images/26582.png,1
images/28806.png,1
images/42141.png,1
images/50640.png,1
images/982.png,1
images/19509.png,1
images/52967.png,1
images/3108.png,1
images/32259.png,1
images/40621.png,1
images/94669.png,1
images/402.png,1
images/62655.png,1
images/34826.png,1
images/18098.png,1
images/62979.png,1
images/479264.png,1
images/96786.png,1
images/66078.png,1
images/32443.png,1
images/15680.png,1
images/36485.png,1
images/110922.png,1
images/104487.png,1
images/43851.png,1
images/27321.png,1
images/508652.png,1
images/11797.png,1
images/53838.png,1
images/78214.png,1
images/66503.png,1
images/505461.png,1
images/124523.png,1
images/4980.png,1
images/9750.png,1
images/14377.png,1
images/26614.png,1
images/123790.png,1
images/99143.png,1
images/48863.png,1
images/48400.png,1
images/7589.png,1
images/24895.png,1
images/44409.png,1
images/84501.png,1
images/138792.png,1
images/503289.png,1
images/38325.png,1
images/508892.png,1
images/54291.png,1
images/60513.png,1
images/512732.png,1
images/44498.png,1
images/115711.png,1
images/37703.png,1
images/37843.png,1
images/39647.png,1
images/497707.png,1
images/54607.png,1
images/39076.png,1
images/12829.png,1
images/34188.png,1
images/113412.png,1
images/5890.png,1
images/33159.png,1
images/6784.png,1
images/9556.png,1
images/65592.png,1
images/31753.png,1
images/482229.png,1
images/509649.png,1
images/25985.png,1
images/49067.png,1
images/127913.png,1
images/14722.png,1
images/17423.png,1
images/64229.png,1
images/57183.png,1
images/47149.png,1
images/40145.png,1
images/34841.png,1
images/20345.png,1
images/508389.png,1
images/45059.png,1
images/331446.png,1
images/25395.png,1
images/167138.png,1
images/497544.png,1
images/10629.png,1
images/505290.png,1
images/15148.png,1
images/90566.png,1
images/136944.png,1
images/499869.png,1
images/45402.png,1
images/16307.png,1
images/28759.png,1
images/16667.png,1
images/505955.png,1
images/325497.png,1
images/11978.png,1
images/28859.png,1
images/3644.png,1
images/501046.png,1
images/499322.png,1
images/501511.png,1
images/1558.png,1
images/499221.png,1
images/479582.png,1
images/6344.png,1
images/37816.png,1
images/502903.png,1
images/178807.png,1
images/382938.png,1
images/477640.png,1
images/78659.png,1
images/514023.png,1
images/73343.png,1
images/64798.png,1
images/18034.png,1
images/56060.png,1
images/7642.png,1
images/101492.png,1
images/10981.png,1
images/36211.png,1
images/168935.png,1
images/51308.png,1
images/478607.png,1
images/122720.png,1
images/12823.png,1
images/93732.png,1
images/475137.png,1
images/34375.png,1
images/475963.png,1
images/12826.png,1
images/500333.png,1
images/44071.png,1
images/504871.png,1
images/109860.png,1
images/477927.png,1
images/46292.png,1
images/40207.png,1
images/30775.png,1
images/36009.png,1
images/106926.png,1
images/59355.png,1
images/8661.png,1
images/505340.png,1
images/61818.png,1
images/33422.png,1
images/63602.png,1
images/43782.png,1
images/90120.png,1
images/134768.png,1
images/37010.png,1
images/96132.png,1
images/97863.png,1
images/87538.png,1
images/475632.png,1
images/25475.png,1
images/43973.png,1
images/88691.png,1
images/68560.png,1
images/507625.png,1
images/84383.png,1
images/20411.png,1
images/40221.png,1
images/509662.png,1
images/53698.png,1
images/129316.png,1
images/42329.png,1
images/23925.png,1
images/504482.png,1
images/370983.png,1
images/100218.png,1
images/4660.png,1
images/34651.png,1
images/17138.png,1
images/501020.png,1
images/48843.png,1
images/15023.png,1
images/62903.png,1
images/28817.png,1
images/46958.png,1
images/28659.png,1
images/18216.png,1
images/34259.png,1
images/6129.png,1
images/28460.png,1
images/514866.png,1
images/43441.png,1
images/14577.png,1
images/13543.png,1
images/20305.png,1
images/63053.png,1
images/48255.png,1
images/7224.png,1
images/326803.png,1
images/9386.png,1
images/111940.png,1
images/58768.png,1
images/511707.png,1
images/47435.png,1
images/496849.png,1
images/46446.png,1
images/501965.png,1
images/4586.png,1
images/121852.png,1
images/506584.png,1
images/57522.png,1
images/481859.png,1
images/94750.png,1
images/55811.png,1
images/94167.png,1
images/14348.png,1
images/84794.png,1
images/501311.png,1
images/55888.png,1
images/85670.png,1
images/53847.png,1
images/505904.png,1
images/172122.png,1
images/38304.png,1
images/91753.png,1
images/66183.png,1
images/54966.png,1
images/506600.png,1
images/78664.png,1
images/28638.png,1
images/502129.png,1
images/100255.png,1
images/37957.png,1
images/505790.png,1
images/18376.png,1
images/91998.png,1
images/116730.png,1
images/398093.png,1
images/16472.png,1
images/507968.png,1
images/498154.png,1
images/16193.png,1
images/9572.png,1
images/6562.png,1
images/31527.png,1
images/38841.png,1
images/51936.png,1
images/58547.png,1
images/509332.png,1
images/100.png,1
images/52999.png,1
images/10471.png,1
images/515398.png,1
images/30048.png,1
images/47586.png,1
images/32049.png,1
images/29878.png,1
images/18632.png,1
images/7117.png,1
images/508625.png,1
images/511738.png,1
images/497445.png,1
images/476179.png,1
images/54543.png,1
images/31518.png,1
images/175256.png,1
images/509287.png,1
images/509818.png,1
images/92566.png,1
images/508446.png,1
images/6886.png,1
images/10577.png,1
images/410976.png,1
images/63974.png,1
images/71356.png,1
images/34218.png,1
images/498500.png,1
images/500969.png,1
images/64171.png,1
images/52122.png,1
images/151428.png,1
images/512903.png,1
images/13005.png,1
images/35823.png,1
images/21950.png,1
images/38684.png,1
images/16766.png,1
images/22768.png,1
images/60996.png,1
images/475202.png,1
images/74935.png,1
images/509377.png,1
images/510851.png,1
images/56866.png,1
images/7166.png,1
images/45934.png,1
images/6675.png,1
images/34717.png,1
images/7359.png,1
images/165533.png,1
images/512921.png,1
images/97317.png,1
images/49451.png,1
images/513758.png,1
images/44322.png,1
images/3770.png,1
images/32697.png,1
images/38428.png,1
images/178201.png,1
images/26131.png,1
images/28292.png,1
images/40170.png,1
images/3220.png,1
images/513528.png,1
images/41809.png,1
images/60378.png,1
images/31777.png,1
images/476518.png,1
images/91932.png,1
images/482450.png,1
images/91898.png,1
images/74715.png,1
images/32427.png,1
images/66619.png,1
images/505520.png,1
images/478834.png,1
images/25252.png,1
images/170957.png,1
images/34601.png,1
images/348137.png,1
images/17969.png,1
images/176788.png,1
images/43380.png,1
images/77078.png,1
images/44169.png,1
images/11007.png,1
images/93332.png,1
images/36610.png,1
images/105975.png,1
images/34918.png,1
images/514302.png,1
images/33145.png,1
images/9337.png,1
images/42972.png,1
images/507627.png,1
images/94864.png,1
images/17697.png,1
images/7234.png,1
images/44309.png,1
images/76885.png,1
images/512869.png,1
images/479110.png,1
images/2930.png,1
images/116049.png,1
images/45314.png,1
images/82751.png,1
images/40942.png,1
images/441128.png,1
images/513385.png,1
images/34724.png,1
images/10058.png,1
images/165958.png,1
images/504855.png,1
images/69227.png,1
images/391739.png,1
images/108757.png,1
images/480023.png,1
images/105794.png,1
images/7064.png,1
images/128533.png,1
images/503953.png,1
images/34208.png,1
images/48238.png,1
images/106989.png,1
images/479605.png,1
images/61365.png,1
images/86418.png,1
images/98411.png,1
images/23009.png,1
images/96571.png,1
images/499225.png,1
images/483014.png,1
images/77276.png,1
images/31112.png,1
images/77902.png,1
images/6040.png,1
images/2786.png,1
images/14391.png,1
images/497823.png,1
images/31389.png,1
images/57080.png,1
images/477526.png,1
images/511957.png,1
images/63021.png,1
images/2012.png,1
images/510046.png,1
images/69492.png,1
images/19278.png,1
images/476926.png,1
images/47374.png,1
images/64934.png,1
images/59967.png,1
images/10559.png,1
images/31016.png,1
images/515017.png,1
images/5393.png,1
images/62564.png,1
images/513371.png,1
images/500598.png,1
images/510481.png,1
images/482436.png,1
images/505990.png,1
images/7731.png,1
images/45554.png,1
images/66142.png,1
images/515142.png,1
images/89428.png,1
images/97015.png,1
images/2478.png,1
images/11251.png,1
images/161553.png,1
images/32001.png,1
images/514392.png,1
images/38545.png,1
images/504779.png,1
images/46930.png,1
images/39998.png,1
images/13905.png,1
images/46357.png,1
images/90293.png,1
images/73825.png,1
images/28189.png,1
images/482863.png,1
images/616.png,1
images/60105.png,1
images/57074.png,1
images/2960.png,1
images/27146.png,1
images/11168.png,1
images/38138.png,1
images/113112.png,1
images/44415.png,1
images/514109.png,1
images/40336.png,1
images/496638.png,1
images/14959.png,1
images/73923.png,1
images/113109.png,1
images/19947.png,1
images/30648.png,1
images/10043.png,1
images/497166.png,1
images/167753.png,1
images/65843.png,1
images/51000.png,1
images/3649.png,1
images/530306.png,1
images/10483.png,1
images/510098.png,1
images/477145.png,1
images/103436.png,1
images/38755.png,1
images/92065.png,1
images/165684.png,1
images/86219.png,1
images/47869.png,1
images/93687.png,1
images/51153.png,1
images/27837.png,1
images/50915.png,1
images/60203.png,1
images/500300.png,1
images/73307.png,1
images/20599.png,1
images/5619.png,1
images/151238.png,1
images/3554.png,1
images/13675.png,1
images/10966.png,1
images/261632.png,1
images/515394.png,1
images/510283.png,1
images/54527.png,1
images/44771.png,1
images/51636.png,1
images/54802.png,1
images/8057.png,1
images/481561.png,1
images/64071.png,1
images/513519.png,1
images/48496.png,1
images/87240.png,1
images/182130.png,1
images/46631.png,1
images/55904.png,1
images/51970.png,1
images/17873.png,1
images/2678.png,1
images/7152.png,1
images/89323.png,1
images/19277.png,1
images/176468.png,1
images/36793.png,1
images/50217.png,1
images/508942.png,1
images/27879.png,1
images/64651.png,1
images/499209.png,1
images/13212.png,1
images/507410.png,1
images/499475.png,1
images/33806.png,1
images/38737.png,1
images/11230.png,1
images/25080.png,1
images/48964.png,1
images/55256.png,1
images/498186.png,1
images/478377.png,1
images/4914.png,1
images/43074.png,1
images/478677.png,1
images/10286.png,1
images/504964.png,1
images/34987.png,1
images/482754.png,1
images/46390.png,1
images/497593.png,1
images/28881.png,1
images/37700.png,1
images/9275.png,1
images/13358.png,1
images/46516.png,1
images/34699.png,1
images/151187.png,1
images/73310.png,1
images/52342.png,1
images/28139.png,1
images/20645.png,1
images/46583.png,1
images/55309.png,1
images/78877.png,1
images/51007.png,1
images/35033.png,1
images/22885.png,1
images/506585.png,1
images/501614.png,1
images/23532.png,1
images/39502.png,1
images/36397.png,1
images/40938.png,1
images/74025.png,1
images/55618.png,1
images/48549.png,1
images/16362.png,1
images/14093.png,1
images/502713.png,1
images/61528.png,1
images/46801.png,1
images/98163.png,1
images/43383.png,1
images/52294.png,1
images/23034.png,1
images/24182.png,1
images/123254.png,1
images/70872.png,1
images/75468.png,1
images/481434.png,1
images/59002.png,1
images/103639.png,1
images/476511.png,1
images/510979.png,1
images/7933.png,1
images/21110.png,1
images/7689.png,1
images/508128.png,1
images/63403.png,1
images/60200.png,1
images/48454.png,1
images/49232.png,1
images/182117.png,1
images/509950.png,1
images/62385.png,1
images/505885.png,1
images/39183.png,1
images/96658.png,1
images/20889.png,1
images/120760.png,1
images/42230.png,1
images/32165.png,1
images/2331.png,1
images/18907.png,1
images/38809.png,1
images/33312.png,1
images/43013.png,1
images/26942.png,1
images/46540.png,1
images/59514.png,1
images/61618.png,1
images/25246.png,1
images/55454.png,1
images/104253.png,1
images/35610.png,1
images/483187.png,1
images/79125.png,1
images/44218.png,1
images/75609.png,1
images/90192.png,1
images/113300.png,1
images/499346.png,1
images/27905.png,1
images/27511.png,1
images/14089.png,1
images/48473.png,1
images/500505.png,1
images/11276.png,1
images/80171.png,1
images/34128.png,1
images/61393.png,1
images/29504.png,1
images/62471.png,1
images/37647.png,1
images/507173.png,1
images/23477.png,1
images/95446.png,1
images/478996.png,1
images/42426.png,1
images/7390.png,1
images/507626.png,1
images/505983.png,1
images/144080.png,1
images/505200.png,1
images/531458.png,1
images/35348.png,1
images/59595.png,1
images/43199.png,1
images/61459.png,1
images/8944.png,1
images/56721.png,1
images/100856.png,1
images/14224.png,1
images/513742.png,1
images/19696.png,1
images/40173.png,1
images/509128.png,1
images/89778.png,1
images/124118.png,1
images/42875.png,1
images/6207.png,1
images/54772.png,1
images/317203.png,1
images/480878.png,1
images/108749.png,1
images/499653.png,1
images/49918.png,1
images/46624.png,1
images/62381.png,1
images/483240.png,1
images/18781.png,1
images/18025.png,1
images/137978.png,1
images/39195.png,1
images/28118.png,1
images/27004.png,1
images/55805.png,1
images/61328.png,1
images/50916.png,1
images/75033.png,1
images/29424.png,1
images/49422.png,1
images/480824.png,1
images/504973.png,1
images/47043.png,1
images/14467.png,1
images/511716.png,1
images/483280.png,1
images/1358.png,1
images/49868.png,1
images/8146.png,1
images/54517.png,1
images/73240.png,1
images/16728.png,1
images/511788.png,1
images/11110.png,1
images/482275.png,1
images/30225.png,1
images/509446.png,1
images/476509.png,1
images/176968.png,1
images/104516.png,1
images/31684.png,1
images/167015.png,1
images/579557.png,1
images/423117.png,1
images/81456.png,1
images/33362.png,1
images/41782.png,1
images/26814.png,1
images/29469.png,1
images/123006.png,1
images/17658.png,1
images/36293.png,1
images/24949.png,1
images/31201.png,1
images/513038.png,1
images/82327.png,1
images/40546.png,1
images/499598.png,1
images/59351.png,1
images/64982.png,1
images/33068.png,1
images/158154.png,1
images/24523.png,1
images/42569.png,1
images/476997.png,1
images/57575.png,1
images/405498.png,1
images/497186.png,1
images/23263.png,1
images/91607.png,1
images/110579.png,1
images/106712.png,1
images/52815.png,1
images/66509.png,1
images/308431.png,1
images/508662.png,1
images/64438.png,1
images/133584.png,1
images/497534.png,1
images/512095.png,1
images/665.png,1
images/515360.png,1
images/500935.png,1
images/97441.png,1
images/507501.png,1
images/44459.png,1
images/510027.png,1
images/60893.png,1
images/59719.png,1
images/6856.png,1
images/509572.png,1
images/157052.png,1
images/114367.png,1
images/121837.png,1
images/18224.png,1
images/84922.png,1
images/42242.png,1
images/512980.png,1
images/662.png,1
images/346523.png,1
images/20930.png,1
images/480897.png,1
images/25051.png,1
images/50728.png,1
images/478255.png,1
images/45635.png,1
images/16482.png,1
images/502734.png,1
images/106148.png,1
images/112304.png,1
images/102261.png,1
images/507894.png,1
images/281578.png,1
images/48234.png,1
images/34558.png,1
images/128369.png,1
images/32426.png,1
images/34429.png,1
images/3769.png,1
images/48504.png,1
images/24767.png,1
images/505567.png,1
images/46616.png,1
images/481894.png,1
images/498021.png,1
images/52125.png,1
images/47217.png,1
images/7751.png,1
images/136468.png,1
images/50418.png,1
images/496505.png,1
images/32025.png,1
images/480358.png,1
images/63695.png,1
images/113101.png,1
images/49642.png,1
images/52504.png,1
images/479131.png,1
images/6575.png,1
images/59435.png,1
images/102032.png,1
images/48043.png,1
images/53857.png,1
images/269568.png,1
images/120702.png,1
images/73611.png,1
images/27024.png,1
images/284530.png,1
images/58537.png,1
images/30904.png,1
images/119723.png,1
images/66294.png,1
images/92339.png,1
images/39715.png,1
images/25822.png,1
images/50080.png,1
images/35054.png,1
images/3038.png,1
images/19174.png,1
images/532.png,1
images/23214.png,1
images/176372.png,1
images/64395.png,1
images/24318.png,1
images/59323.png,1
images/503623.png,1
images/480793.png,1
images/31096.png,1
images/2593.png,1
images/160796.png,1
images/66319.png,1
images/58592.png,1
images/61701.png,1
images/89801.png,1
images/41057.png,1
images/102525.png,1
images/501973.png,1
images/8338.png,1
images/505584.png,1
images/19784.png,1
images/44758.png,1
images/94136.png,1
images/57863.png,1
images/508847.png,1
images/47373.png,1
images/36234.png,1
images/47377.png,1
images/179689.png,1
images/63122.png,1
images/54459.png,1
images/110954.png,1
images/10770.png,1
images/504347.png,1
images/18965.png,1
images/49833.png,1
images/67522.png,1
images/1487.png,1
images/149678.png,1
images/33216.png,1
images/35683.png,1
images/499051.png,1
images/512057.png,1
images/49751.png,1
images/93526.png,1
images/20870.png,1
images/52126.png,1
images/503613.png,1
images/51690.png,1
images/49641.png,1
images/43495.png,1
images/451767.png,1
images/504831.png,1
images/89427.png,1
images/92220.png,1
images/508795.png,1
images/9348.png,1
images/103743.png,1
images/30476.png,1
images/7848.png,1
images/53009.png,1
images/3378.png,1
images/15991.png,1
images/46513.png,1
images/104209.png,1
images/501997.png,1
images/498198.png,1
images/100672.png,1
images/94231.png,1
images/57809.png,1
images/162607.png,1
images/31514.png,1
images/173246.png,1
images/43225.png,1
images/29035.png,1
images/16020.png,1
images/60989.png,1
images/497957.png,1
images/11371.png,1
images/13568.png,1
images/123558.png,1
images/52882.png,1
images/29583.png,1
images/112400.png,1
images/15479.png,1
images/53758.png,1
images/166418.png,1
images/476604.png,1
images/50740.png,1
images/164188.png,1
images/513030.png,1
images/40952.png,1
images/21186.png,1
images/10549.png,1
images/40664.png,1
images/477425.png,1
images/312664.png,1
images/149320.png,1
images/5565.png,1
images/172701.png,1
images/56218.png,1
images/39723.png,1
images/47172.png,1
images/32447.png,1
images/502796.png,1
images/390588.png,1
images/20036.png,1
images/22644.png,1
images/159726.png,1
images/323552.png,1
images/39458.png,1
images/36842.png,1
images/62112.png,1
images/3847.png,1
images/100746.png,1
images/46551.png,1
images/110501.png,1
images/18717.png,1
images/87595.png,1
images/34306.png,1
images/158569.png,1
images/18489.png,1
images/500109.png,1
images/496746.png,1
images/2373.png,1
images/38994.png,1
images/150674.png,1
images/508992.png,1
images/507366.png,1
images/13052.png,1
images/10053.png,1
images/498150.png,1
images/508666.png,1
images/56231.png,1
images/60168.png,1
images/22207.png,1
images/96131.png,1
images/39991.png,1
images/42015.png,1
images/481175.png,1
images/89562.png,1
images/64043.png,1
images/8929.png,1
images/502296.png,1
images/87109.png,1
images/53214.png,1
images/65978.png,1
images/55998.png,1
images/64897.png,1
images/151545.png,1
images/41335.png,1
images/2137.png,1
images/128564.png,1
images/698.png,1
images/5726.png,1
images/270228.png,1
images/131776.png,1
images/505207.png,1
images/25920.png,1
images/16699.png,1
images/2408.png,1
images/59388.png,1
images/12662.png,1
images/63366.png,1
images/37259.png,1
images/23986.png,1
images/11492.png,1
images/71855.png,1
images/79170.png,1
images/387385.png,1
images/13296.png,1
images/513988.png,1
images/154490.png,1
images/514062.png,1
images/8104.png,1
images/504821.png,1
images/16771.png,1
images/114845.png,1
images/99494.png,1
images/29579.png,1
images/12236.png,1
images/114930.png,1
images/17936.png,1
images/22345.png,1
images/84279.png,1
images/102030.png,1
images/9279.png,1
images/18311.png,1
images/101530.png,1
images/18541.png,1
images/61575.png,1
images/46370.png,1
images/51839.png,1
images/81883.png,1
images/58142.png,1
images/100004.png,1
images/50366.png,1
images/87272.png,1
images/512591.png,1
images/21506.png,1
images/480096.png,1
images/449933.png,1
images/248.png,1
images/32812.png,1
images/101050.png,1
images/51843.png,1
images/380813.png,1
images/60303.png,1
images/81420.png,1
images/2788.png,1
images/12941.png,1
images/12456.png,1
images/59694.png,1
images/52032.png,1
images/498720.png,1
images/22989.png,1
images/505704.png,1
images/22115.png,1
images/510794.png,1
images/503214.png,1
images/123612.png,1
images/482104.png,1
images/504411.png,1
images/27413.png,1
images/71731.png,1
images/508970.png,1
images/482980.png,1
images/182504.png,1
images/62017.png,1
images/35284.png,1
images/512022.png,1
images/499314.png,1
images/84447.png,1
images/53974.png,1
images/66865.png,1
images/22580.png,1
images/44344.png,1
images/24572.png,1
images/25792.png,1
images/54837.png,1
images/44173.png,1
images/503003.png,1
images/44975.png,1
images/99430.png,1
images/79706.png,1
images/498699.png,1
images/23773.png,1
images/514325.png,1
images/106323.png,1
images/23505.png,1
images/52101.png,1
images/105945.png,1
images/25108.png,1
images/58515.png,1
images/38705.png,1
images/480288.png,1
images/506229.png,1
images/510807.png,1
images/106605.png,1
images/33285.png,1
images/86455.png,1
images/28542.png,1
images/3325.png,1
images/124033.png,1
images/77905.png,1
images/44836.png,1
images/501147.png,1
images/83557.png,1
images/506496.png,1
images/48519.png,1
images/41649.png,1
images/41814.png,1
images/498998.png,1
images/20408.png,1
images/39769.png,1
images/52021.png,1
images/14001.png,1
images/61223.png,1
images/51204.png,1
images/53912.png,1
images/498971.png,1
images/39323.png,1
images/109710.png,1
images/503892.png,1
images/106397.png,1
images/116393.png,1
images/479204.png,1
images/44926.png,1
images/81250.png,1
images/60124.png,1
images/63130.png,1
images/320552.png,1
images/16136.png,1
images/106502.png,1
images/11345.png,1
images/8103.png,1
images/512521.png,1
images/391451.png,1
images/66867.png,1
images/33903.png,1
images/71544.png,1
images/38248.png,1
images/12740.png,1
images/84525.png,1
images/513353.png,1
images/8193.png,1
images/511879.png,1
images/35352.png,1
images/32716.png,1
images/18749.png,1
images/68466.png,1
images/478703.png,1
images/26524.png,1
images/99986.png,1
images/72.png,1
images/63129.png,1
images/151220.png,1
images/56134.png,1
images/507121.png,1
images/367769.png,1
images/42709.png,1
images/108236.png,1
images/60871.png,1
images/61150.png,1
images/60587.png,1
images/33061.png,1
images/165605.png,1
images/20429.png,1
images/63820.png,1
images/6980.png,1
images/37822.png,1
images/480425.png,1
images/31086.png,1
images/56163.png,1
images/61261.png,1
images/88900.png,1
images/6331.png,1
images/37824.png,1
images/502046.png,1
images/6057.png,1
images/333949.png,1
images/141939.png,1
images/26299.png,1
images/107378.png,1
images/84462.png,1
images/498139.png,1
images/146853.png,1
images/514090.png,1
images/51359.png,1
images/20862.png,1
images/511363.png,1
images/24595.png,1
images/497158.png,1
images/511310.png,1
images/65182.png,1
images/17878.png,1
images/59505.png,1
images/17353.png,1
images/43677.png,1
images/113508.png,1
images/507999.png,1
images/359976.png,1
images/363591.png,1
images/31853.png,1
images/137996.png,1
images/36903.png,1
images/57356.png,1
images/346806.png,1
images/475704.png,1
images/503231.png,1
images/90993.png,1
images/32892.png,1
images/159390.png,1
images/40757.png,1
images/114858.png,1
images/26774.png,1
images/497385.png,1
images/60938.png,1
images/58448.png,1
images/481229.png,1
images/1823.png,1
images/32735.png,1
images/13057.png,1
images/93112.png,1
images/257961.png,1
images/16906.png,1
images/123903.png,1
images/6373.png,1
images/32705.png,1
images/42174.png,1
images/53257.png,1
images/38420.png,1
images/92669.png,1
images/500127.png,1
images/396674.png,1
images/505184.png,1
images/64628.png,1
images/71515.png,1
images/58403.png,1
images/53559.png,1
images/504404.png,1
images/75813.png,1
images/92752.png,1
images/39950.png,1
images/55235.png,1
images/2910.png,1
images/480257.png,1
images/511117.png,1
images/515828.png,1
images/5411.png,1
images/44186.png,1
images/514143.png,1
images/20044.png,1
images/38982.png,1
images/55662.png,1
images/62734.png,1
images/2949.png,1
images/501542.png,1
images/108185.png,1
images/25430.png,1
images/116289.png,1
images/502592.png,1
images/51697.png,1
images/41685.png,1
images/60628.png,1
images/476929.png,1
images/511735.png,1
images/20730.png,1
images/22349.png,1
images/42438.png,1
images/181643.png,1
images/52406.png,1
images/3599.png,1
images/31796.png,1
images/3095.png,1
images/24120.png,1
images/475743.png,1
images/100563.png,1
images/100739.png,1
images/24936.png,1
images/103052.png,1
images/56685.png,1
images/62601.png,1
images/96536.png,1
images/497541.png,1
images/379629.png,1
images/101385.png,1
images/81052.png,1
images/22693.png,1
images/38452.png,1
images/161442.png,1
images/481612.png,1
images/42296.png,1
images/962.png,1
images/81131.png,1
images/514212.png,1
images/11296.png,1
images/69706.png,1
images/22947.png,1
images/18208.png,1
images/106673.png,1
images/481954.png,1
images/164500.png,1
images/500554.png,1
images/297778.png,1
images/166312.png,1
images/41730.png,1
images/64471.png,1
images/478409.png,1
images/52689.png,1
images/24814.png,1
images/31125.png,1
images/40973.png,1
images/437679.png,1
images/30964.png,1
images/47204.png,1
images/39760.png,1
images/514182.png,1
images/9400.png,1
images/57950.png,1
images/92337.png,1
images/6301.png,1
images/113028.png,1
images/111371.png,1
images/153707.png,1
images/480007.png,1
images/88341.png,1
images/75790.png,1
images/21512.png,1
images/10034.png,1
images/1990.png,1
images/43382.png,1
images/500656.png,1
images/74860.png,1
images/7844.png,1
images/515274.png,1
images/19356.png,1
images/68642.png,1
images/63796.png,1
images/510647.png,1
images/1251.png,1
images/45726.png,1
images/5320.png,1
images/500631.png,1
images/506730.png,1
images/80758.png,1
images/26238.png,1
images/37493.png,1
images/2596.png,1
images/152830.png,1
images/47854.png,1
images/52130.png,1
images/480494.png,1
images/17255.png,1
images/112836.png,1
images/107524.png,1
images/92647.png,1
images/479905.png,1
images/5292.png,1
images/505094.png,1
images/475299.png,1
images/72986.png,1
images/95593.png,1
images/34442.png,1
images/479873.png,1
images/70150.png,1
images/52304.png,1
images/52434.png,1
images/17025.png,1
images/11604.png,1
images/501626.png,1
images/20700.png,1
images/108570.png,1
images/33120.png,1
images/106776.png,1
images/30330.png,1
images/78402.png,1
images/10547.png,1
images/512794.png,1
images/91366.png,1
images/58775.png,1
images/172238.png,1
images/165092.png,1
images/116376.png,1
images/510659.png,1
images/510649.png,1
images/15299.png,1
images/500098.png,1
images/144436.png,1
images/38044.png,1
images/35493.png,1
images/27700.png,1
images/31715.png,1
images/44026.png,1
images/377053.png,1
images/501722.png,1
images/24471.png,1
images/59907.png,1
images/37554.png,1
images/11325.png,1
images/501310.png,1
images/12229.png,1
images/10006.png,1
images/26833.png,1
images/504168.png,1
images/25055.png,1
images/500960.png,1
images/505933.png,1
images/18567.png,1
images/34606.png,1
images/128781.png,1
images/507881.png,1
images/81563.png,1
images/509839.png,1
images/65728.png,1
images/21179.png,1
images/137549.png,1
images/20891.png,1
images/2797.png,1
images/14912.png,1
images/88247.png,1
images/26756.png,1
images/21014.png,1
images/62364.png,1
images/498274.png,1
images/510620.png,1
images/53418.png,1
images/500026.png,1
images/509110.png,1
images/111168.png,1
images/29952.png,1
images/17339.png,1
images/18395.png,1
images/15227.png,1
images/48918.png,1
images/26791.png,1
images/73890.png,1
images/790.png,1
images/40651.png,1
images/56960.png,1
images/44535.png,1
images/481912.png,1
images/64216.png,1
images/49111.png,1
images/12878.png,1
images/510075.png,1
images/58722.png,1
images/5808.png,1
images/476785.png,1
images/2237.png,1
images/501619.png,1
images/505488.png,1
images/30298.png,1
images/13432.png,1
images/14077.png,1
images/29953.png,1
images/26329.png,1
images/89405.png,1
images/503055.png,1
images/511807.png,1
images/111228.png,1
images/28565.png,1
images/91510.png,1
images/43688.png,1
images/478986.png,1
images/21253.png,1
images/2561.png,1
images/62484.png,1
images/95368.png,1
images/512110.png,1
images/113852.png,1
images/49374.png,1
images/513644.png,1
images/477093.png,1
images/93214.png,1
images/101281.png,1
images/53735.png,1
images/82881.png,1
images/54684.png,1
images/14304.png,1
images/13670.png,1
images/13199.png,1
images/107725.png,1
images/46331.png,1
images/63177.png,1
images/134940.png,1
images/57685.png,1
images/81896.png,1
images/25815.png,1
images/475338.png,1
images/5992.png,1
images/502912.png,1
images/475734.png,1
images/38338.png,1
images/111771.png,1
images/40474.png,1
images/107518.png,1
images/28835.png,1
images/46103.png,1
images/1389.png,1
images/62499.png,1
images/514804.png,1
images/96535.png,1
images/717.png,1
images/42961.png,1
images/27942.png,1
images/515236.png,1
images/497835.png,1
images/24313.png,1
images/28560.png,1
images/40775.png,1
images/475110.png,1
images/83551.png,1
images/63458.png,1
images/475060.png,1
images/53570.png,1
images/20484.png,1
images/5088.png,1
images/133903.png,1
images/59675.png,1
images/55346.png,1
images/24295.png,1
images/128393.png,1
images/28050.png,1
images/505208.png,1
images/165014.png,1
images/512248.png,1
images/27768.png,1
images/33296.png,1
images/27180.png,1
images/339.png,1
images/43691.png,1
images/80818.png,1
images/17614.png,1
images/29858.png,1
images/99533.png,1
images/116678.png,1
images/52575.png,1
images/500754.png,1
images/12157.png,1
images/497170.png,1
images/47289.png,1
images/63776.png,1
images/60074.png,1
images/482272.png,1
images/21448.png,1
images/42241.png,1
images/5001.png,1
images/5007.png,1
images/6995.png,1
images/367061.png,1
images/506970.png,1
images/115651.png,1
images/98653.png,1
images/414213.png,1
images/52578.png,1
images/27335.png,1
images/73612.png,1
images/508620.png,1
images/506269.png,1
images/30912.png,1
images/31816.png,1
images/18446.png,1
images/124256.png,1
images/49119.png,1
images/19651.png,1
images/135673.png,1
images/132858.png,1
images/39501.png,1
images/150607.png,1
images/59354.png,1
images/81965.png,1
images/69907.png,1
images/774.png,1
images/9567.png,1
images/75367.png,1
images/501040.png,1
images/515199.png,1
images/44157.png,1
images/73155.png,1
images/35245.png,1
images/36883.png,1
images/12386.png,1
images/45373.png,1
images/496696.png,1
images/497136.png,1
images/6256.png,1
images/102682.png,1
images/509443.png,1
images/43713.png,1
images/162541.png,1
images/13178.png,1
images/20776.png,1
images/19676.png,1
images/67059.png,1
images/27421.png,1
images/111651.png,1
images/12104.png,1
images/147934.png,1
images/47431.png,1
images/214.png,1
images/478643.png,1
images/54339.png,1
images/64284.png,1
images/82067.png,1
images/104517.png,1
images/62477.png,1
images/4905.png,1
images/110715.png,1
images/506270.png,1
images/29078.png,1
images/57103.png,1
images/58718.png,1
images/29359.png,1
images/507211.png,1
images/171370.png,1
images/505251.png,1
images/60130.png,1
images/46994.png,1
images/508367.png,1
images/22981.png,1
images/683.png,1
images/37595.png,1
images/46621.png,1
images/170240.png,1
images/34581.png,1
images/42781.png,1
images/15781.png,1
images/36390.png,1
images/19422.png,1
images/58938.png,1
images/63659.png,1
images/59327.png,1
images/6915.png,1
images/475839.png,1
images/44315.png,1
images/399534.png,1
images/479329.png,1
images/28424.png,1
images/114512.png,1
images/63837.png,1
images/30519.png,1
images/50018.png,1
images/502012.png,1
images/5600.png,1
images/480537.png,1
images/480858.png,1
images/18236.png,1
images/21845.png,1
images/63714.png,1
images/13527.png,1
images/2276.png,1
images/166471.png,1
images/54172.png,1
images/7824.png,1
images/509899.png,1
images/111645.png,1
images/503665.png,1
images/85556.png,1
images/371365.png,1
images/59781.png,1
images/91199.png,1
images/10150.png,1
images/57264.png,1
images/363161.png,1
images/16073.png,1
images/25396.png,1
images/95625.png,1
images/69580.png,1
images/112749.png,1
images/500764.png,1
images/44506.png,1
images/480410.png,1
images/7664.png,1
images/60971.png,1
images/21271.png,1
images/8872.png,1
images/529546.png,1
images/38991.png,1
images/294246.png,1
images/40559.png,1
images/98560.png,1
images/511184.png,1
images/475281.png,1
images/110619.png,1
images/127904.png,1
images/1205.png,1
images/44587.png,1
images/2655.png,1
images/481364.png,1
images/44377.png,1
images/477154.png,1
images/60103.png,1
images/53329.png,1
images/14057.png,1
images/497576.png,1
images/1412.png,1
images/62466.png,1
images/41420.png,1
images/44103.png,1
images/510497.png,1
images/54953.png,1
images/89228.png,1
images/60766.png,1
images/35513.png,1
images/19872.png,1
images/19325.png,1
images/505931.png,1
images/43026.png,1
images/60997.png,1
images/2199.png,1
images/506946.png,1
images/475951.png,1
images/31272.png,1
images/508733.png,1
images/357119.png,1
images/147976.png,1
images/39406.png,1
images/514840.png,1
images/505345.png,1
images/498249.png,1
images/24421.png,1
images/31496.png,1
images/72537.png,1
images/80455.png,1
images/22069.png,1
images/477241.png,1
images/23296.png,1
images/8046.png,1
images/24246.png,1
images/29258.png,1
images/82263.png,1
images/501155.png,1
images/133095.png,1
images/30901.png,1
images/68808.png,1
images/42178.png,1
images/64192.png,1
images/499818.png,1
images/4329.png,1
images/20091.png,1
images/67476.png,1
images/151160.png,1
images/97670.png,1
images/47961.png,1
images/37553.png,1
images/59345.png,1
images/329336.png,1
images/46652.png,1
images/64779.png,1
images/30925.png,1
images/171601.png,1
images/27544.png,1
images/57688.png,1
images/40875.png,1
images/169429.png,1
images/27576.png,1
images/49442.png,1
images/500832.png,1
images/4570.png,1
images/2456.png,1
images/48109.png,1
images/56109.png,1
images/36884.png,1
images/4981.png,1
images/482.png,1
images/37943.png,1
images/53176.png,1
images/142830.png,1
images/61343.png,1
images/63479.png,1
images/13889.png,1
images/503240.png,1
images/83300.png,1
images/40895.png,1
images/507771.png,1
images/21978.png,1
images/475953.png,1
images/4629.png,1
images/13089.png,1
images/36888.png,1
images/63413.png,1
images/28037.png,1
images/480958.png,1
images/1330.png,1
images/514519.png,1
images/54443.png,1
images/49016.png,1
images/57561.png,1
images/10830.png,1
images/48428.png,1
images/2544.png,1
images/56313.png,1
images/47141.png,1
images/87796.png,1
images/5835.png,1
images/54268.png,1
images/26880.png,1
images/21084.png,1
images/2216.png,1
images/26218.png,1
images/25113.png,1
images/72356.png,1
images/32501.png,1
images/24985.png,1
images/34985.png,1
images/35282.png,1
images/48308.png,1
images/57329.png,1
images/66549.png,1
images/511895.png,1
images/501707.png,1
images/82845.png,1
images/5750.png,1
images/1404.png,1
images/24588.png,1
images/45398.png,1
images/46455.png,1
images/481165.png,1
images/10502.png,1
images/50983.png,1
images/113473.png,1
images/90356.png,1
images/54118.png,1
images/502219.png,1
images/18575.png,1
images/500747.png,1
images/501656.png,1
images/64999.png,1
images/18952.png,1
images/93410.png,1
images/506790.png,1
images/33436.png,1
images/179252.png,1
images/29629.png,1
images/498286.png,1
images/10300.png,1
images/31507.png,1
images/2469.png,1
images/505317.png,1
images/514990.png,1
images/74167.png,1
images/122089.png,1
images/37936.png,1
images/54342.png,1
images/65941.png,1
images/18129.png,1
images/21264.png,1
images/505422.png,1
images/127383.png,1
images/16449.png,1
images/17750.png,1
images/28717.png,1
images/2071.png,1
images/5041.png,1
images/32598.png,1
images/133578.png,1
images/512027.png,1
images/35344.png,1
images/32318.png,1
images/101759.png,1
images/501457.png,1
images/26547.png,1
images/45479.png,1
images/61538.png,1
images/501679.png,1
images/503787.png,1
images/74781.png,1
images/497323.png,1
images/612220.png,1
images/64443.png,1
images/9848.png,1
images/55736.png,1
images/52475.png,1
images/25639.png,1
images/80294.png,1
images/101416.png,1
images/63859.png,1
images/26319.png,1
images/7110.png,1
images/29296.png,1
images/26820.png,1
images/15219.png,1
images/10777.png,1
images/508138.png,1
images/392832.png,1
images/73424.png,1
images/11905.png,1
images/16084.png,1
images/74103.png,1
images/62892.png,1
images/61293.png,1
images/513306.png,1
images/67021.png,1
images/111562.png,1
images/75017.png,1
images/6783.png,1
images/441083.png,1
images/15119.png,1
images/9010.png,1
images/503389.png,1
images/9421.png,1
images/529308.png,1
images/57703.png,1
images/483003.png,1
images/9373.png,1
images/50765.png,1
images/33593.png,1
images/16190.png,1
images/497276.png,1
images/131763.png,1
images/113760.png,1
images/13370.png,1
images/42640.png,1
images/119284.png,1
images/77182.png,1
images/168525.png,1
images/509394.png,1
images/64563.png,1
images/52094.png,1
images/54892.png,1
images/475681.png,1
images/475162.png,1
images/58514.png,1
images/47744.png,1
images/412351.png,1
images/99030.png,1
images/50455.png,1
images/7423.png,1
images/176540.png,1
images/21111.png,1
images/512213.png,1
images/62166.png,1
images/475608.png,1
images/476100.png,1
images/2192.png,1
images/504885.png,1
images/57314.png,1
images/113863.png,1
images/149903.png,1
images/159107.png,1
images/18679.png,1
images/4953.png,1
images/16462.png,1
images/483015.png,1
images/481382.png,1
images/506019.png,1
images/6003.png,1
images/501931.png,1
images/38340.png,1
images/512250.png,1
images/3885.png,1
images/49938.png,1
images/49841.png,1
images/62021.png,1
images/509931.png,1
images/61397.png,1
images/18921.png,1
images/9300.png,1
images/513479.png,1
images/309101.png,1
images/9995.png,1
images/475957.png,1
images/58086.png,1
images/6206.png,1
images/51844.png,1
images/151380.png,1
images/381685.png,1
images/512625.png,1
images/92122.png,1
images/513036.png,1
images/17772.png,1
images/97011.png,1
images/153684.png,1
images/58434.png,1
images/113183.png,1
images/316996.png,1
images/504636.png,1
images/34367.png,1
images/27630.png,1
images/10686.png,1
images/30315.png,1
images/57608.png,1
images/172353.png,1
images/39089.png,1
images/10852.png,1
images/506264.png,1
images/475985.png,1
images/36954.png,1
images/14736.png,1
images/30478.png,1
images/478016.png,1
images/48548.png,1
images/58725.png,1
images/498479.png,1
images/56119.png,1
images/39541.png,1
images/40075.png,1
images/84646.png,1
images/478415.png,1
images/103940.png,1
images/97927.png,1
images/6903.png,1
images/80948.png,1
images/21530.png,1
images/96382.png,1
images/27044.png,1
images/503221.png,1
images/68938.png,1
images/159476.png,1
images/499487.png,1
images/144191.png,1
images/30657.png,1
images/106032.png,1
images/112940.png,1
images/44549.png,1
images/108475.png,1
images/59763.png,1
images/51426.png,1
images/88976.png,1
images/498326.png,1
images/507500.png,1
images/64193.png,1
images/84410.png,1
images/67477.png,1
images/60276.png,1
images/30574.png,1
images/32191.png,1
images/6954.png,1
images/366761.png,1
images/498815.png,1
images/46991.png,1
images/4942.png,1
images/56149.png,1
images/23704.png,1
images/99423.png,1
images/56259.png,1
images/9933.png,1
images/356255.png,1
images/28513.png,1
images/512955.png,1
images/33830.png,1
images/27123.png,1
images/501550.png,1
images/112586.png,1
images/82607.png,1
images/478840.png,1
images/24884.png,1
images/6975.png,1
images/513000.png,1
images/511418.png,1
images/502709.png,1
images/50075.png,1
images/141183.png,1
images/85830.png,1
images/498466.png,1
images/48314.png,1
images/513001.png,1
images/63415.png,1
images/42287.png,1
images/12107.png,1
images/32086.png,1
images/44797.png,1
images/511726.png,1
images/505506.png,1
images/53254.png,1
images/15083.png,1
images/17272.png,1
images/10994.png,1
images/13071.png,1
images/45627.png,1
images/111703.png,1
images/9030.png,1
images/58349.png,1
images/47618.png,1
images/45657.png,1
images/2834.png,1
images/17612.png,1
images/48357.png,1
images/2650.png,1
images/40295.png,1
images/476702.png,1
images/34513.png,1
images/97589.png,1
images/10348.png,1
images/9126.png,1
images/10233.png,1
images/3346.png,1
images/513462.png,1
images/56865.png,1
images/58721.png,1
images/497192.png,1
images/31879.png,1
images/391670.png,1
images/43769.png,1
images/506731.png,1
images/5569.png,1
images/49765.png,1
images/149932.png,1
images/18742.png,1
images/55543.png,1
images/56576.png,1
images/23355.png,1
images/49628.png,1
images/2124.png,1
images/513344.png,1
images/39593.png,1
images/23841.png,1
images/21583.png,1
images/69840.png,1
images/13131.png,1
images/177756.png,1
images/81541.png,1
images/270329.png,1
images/8666.png,1
images/18794.png,1
images/18403.png,1
images/14210.png,1
images/10182.png,1
images/499425.png,1
images/515118.png,1
images/1005.png,1
images/166006.png,1
images/4716.png,1
images/16199.png,1
images/99074.png,1
images/26870.png,1
images/98552.png,1
images/64022.png,1
images/12242.png,1
images/483287.png,1
images/4966.png,1
images/85834.png,1
images/9654.png,1
images/503861.png,1
images/508491.png,1
images/479659.png,1
images/496541.png,1
images/51113.png,1
images/481353.png,1
images/56437.png,1
images/22199.png,1
images/46106.png,1
images/12354.png,1
images/109664.png,1
images/89203.png,1
images/64754.png,1
images/262705.png,1
images/36074.png,1
images/10803.png,1
images/46564.png,1
images/478514.png,1
images/111524.png,1
images/512967.png,1
images/24278.png,1
images/23731.png,1
images/13576.png,1
images/25973.png,1
images/25589.png,1
images/5216.png,1
images/26315.png,1
images/32767.png,1
images/17805.png,1
images/41915.png,1
images/14460.png,1
images/59593.png,1
images/510816.png,1
images/23176.png,1
images/66835.png,1
images/502260.png,1
images/511435.png,1
images/39642.png,1
images/14872.png,1
images/24622.png,1
images/43462.png,1
images/6559.png,1
images/8895.png,1
images/16908.png,1
images/99076.png,1
images/39109.png,1
images/56684.png,1
images/482844.png,1
images/71221.png,1
images/481020.png,1
images/26326.png,1
images/482828.png,1
images/34810.png,1
images/182029.png,1
images/5658.png,1
images/48512.png,1
images/1348.png,1
images/61498.png,1
images/510191.png,1
images/52261.png,1
images/27496.png,1
images/52049.png,1
images/48912.png,1
images/21008.png,1
images/507676.png,1
images/111410.png,1
images/479959.png,1
images/28828.png,1
images/22505.png,1
images/54358.png,1
images/3756.png,1
images/2500.png,1
images/88750.png,1
images/503091.png,1
images/32594.png,1
images/32095.png,1
images/55531.png,1
images/114809.png,1
images/477286.png,1
images/508852.png,1
images/144148.png,1
images/136400.png,1
images/55276.png,1
images/32917.png,1
images/6869.png,1
images/480867.png,1
images/505917.png,1
images/3514.png,1
images/2045.png,1
images/62507.png,1
images/502085.png,1
images/11162.png,1
images/25578.png,1
images/497839.png,1
images/513455.png,1
images/14918.png,1
images/30559.png,1
images/80220.png,1
images/18280.png,1
images/164219.png,1
images/24786.png,1
images/6282.png,1
images/76146.png,1
images/881.png,1
images/63530.png,1
images/6470.png,1
images/30698.png,1
images/480882.png,1
images/482752.png,1
images/514039.png,1
images/41175.png,1
images/7739.png,1
images/497359.png,1
images/107528.png,1
images/5900.png,1
images/67503.png,1
images/6327.png,1
images/8241.png,1
images/5464.png,1
images/41235.png,1
images/180755.png,1
images/55911.png,1
images/512410.png,1
images/42930.png,1
images/85108.png,1
images/478589.png,1
images/2017.png,1
images/496947.png,1
images/16494.png,1
images/20006.png,1
images/35584.png,1
images/11835.png,1
images/27854.png,1
images/504547.png,1
images/1342.png,1
images/75119.png,1
images/3491.png,1
images/516.png,1
images/22782.png,1
images/50350.png,1
images/33667.png,1
images/75403.png,1
images/37341.png,1
images/514582.png,1
images/5014.png,1
images/11314.png,1
images/85584.png,1
images/26724.png,1
images/105855.png,1
images/104004.png,1
images/51519.png,1
images/85288.png,1
images/71372.png,1
images/40624.png,1
images/48273.png,1
images/98018.png,1
images/14305.png,1
images/478992.png,1
images/49653.png,1
images/47560.png,1
images/57974.png,1
images/514859.png,1
images/31313.png,1
images/48798.png,1
images/507641.png,1
images/30353.png,1
images/475926.png,1
images/34123.png,1
images/26890.png,1
images/328558.png,1
images/43797.png,1
images/497821.png,1
images/373781.png,1
images/63577.png,1
images/23665.png,1
images/19666.png,1
images/479943.png,1
images/499625.png,1
images/98233.png,1
images/49182.png,1
images/515773.png,1
images/24667.png,1
images/14935.png,1
images/479030.png,1
images/504995.png,1
images/35343.png,1
images/161620.png,1
images/44605.png,1
images/22419.png,1
images/61381.png,1
images/49953.png,1
images/88802.png,1
images/128021.png,1
images/27359.png,1
images/479077.png,1
images/57357.png,1
images/16158.png,1
images/112417.png,1
images/62714.png,1
images/475885.png,1
images/165690.png,1
images/15093.png,1
images/112121.png,1
images/19486.png,1
images/54289.png,1
images/316520.png,1
images/53401.png,1
images/54319.png,1
images/175549.png,1
images/40205.png,1
images/168482.png,1
images/45025.png,1
images/51942.png,1
images/11191.png,1
images/113103.png,1
images/91410.png,1
images/94387.png,1
images/55588.png,1
images/38183.png,1
images/62803.png,1
images/481332.png,1
images/34175.png,1
images/507114.png,1
images/16247.png,1
images/29758.png,1
images/514652.png,1
images/501858.png,1
images/95526.png,1
images/7646.png,1
images/20813.png,1
images/74537.png,1
images/22555.png,1
images/509502.png,1
images/431323.png,1
images/62941.png,1
images/19560.png,1
images/143457.png,1
images/49921.png,1
images/504554.png,1
images/37401.png,1
images/478097.png,1
images/36866.png,1
images/96640.png,1
images/505404.png,1
images/53543.png,1
images/25493.png,1
images/479732.png,1
images/54475.png,1
images/114701.png,1
images/499848.png,1
images/92645.png,1
images/34808.png,1
images/44501.png,1
images/16773.png,1
images/38205.png,1
images/504309.png,1
images/25935.png,1
images/37291.png,1
images/3790.png,1
images/8804.png,1
images/505582.png,1
images/52912.png,1
images/508216.png,1
images/510501.png,1
images/21033.png,1
images/50842.png,1
images/510259.png,1
images/84196.png,1
images/30489.png,1
images/15536.png,1
images/40179.png,1
images/26222.png,1
images/49941.png,1
images/52752.png,1
images/2943.png,1
images/33620.png,1
images/511226.png,1
images/37122.png,1
images/41807.png,1
images/476095.png,1
images/124040.png,1
images/58162.png,1
images/20632.png,1
images/41109.png,1
images/12653.png,1
images/501033.png,1
images/28008.png,1
images/503378.png,1
images/40367.png,1
images/508210.png,1
images/60674.png,1
images/100839.png,1
images/123278.png,1
images/58910.png,1
images/497229.png,1
images/111710.png,1
images/61335.png,1
images/27060.png,1
images/511526.png,1
images/10480.png,1
images/50194.png,1
images/59213.png,1
images/160988.png,1
images/60826.png,1
images/46605.png,1
images/8832.png,1
images/13948.png,1
images/9067.png,1
images/8521.png,1
images/475006.png,1
images/513118.png,1
images/506036.png,1
images/19044.png,1
images/102097.png,1
images/18457.png,1
images/513894.png,1
images/49910.png,1
images/479857.png,1
images/20788.png,1
images/502679.png,1
images/43697.png,1
images/11921.png,1
images/21342.png,1
images/60991.png,1
images/100792.png,1
images/32563.png,1
images/54089.png,1
images/15572.png,1
images/82609.png,1
images/498359.png,1
images/18496.png,1
images/17176.png,1
images/83721.png,1
images/68537.png,1
images/502771.png,1
images/1272.png,1
images/55373.png,1
images/60258.png,1
images/49658.png,1
images/22753.png,1
images/129555.png,1
images/92513.png,1
images/26467.png,1
images/30679.png,1
images/121142.png,1
images/65718.png,1
images/497681.png,1
images/8660.png,1
images/111631.png,1
images/478623.png,1
images/64528.png,1
images/147365.png,1
images/3462.png,1
images/60339.png,1
images/511801.png,1
images/39750.png,1
images/61966.png,1
images/373763.png,1
images/26484.png,1
images/28688.png,1
images/41088.png,1
images/61368.png,1
images/9644.png,1
images/80207.png,1
images/9034.png,1
images/33881.png,1
images/72088.png,1
images/482661.png,1
images/27889.png,1
images/22220.png,1
images/499353.png,1
images/515330.png,1
images/62415.png,1
images/14816.png,1
images/512827.png,1
images/52185.png,1
images/165943.png,1
images/157295.png,1
images/13368.png,1
images/136946.png,1
images/5572.png,1
images/113762.png,1
images/51454.png,1
images/507499.png,1
images/103446.png,1
images/93828.png,1
images/17021.png,1
images/25608.png,1
images/8129.png,1
images/123969.png,1
images/500535.png,1
images/24892.png,1
images/496455.png,1
images/11029.png,1
images/481055.png,1
images/309167.png,1
images/29713.png,1
images/5230.png,1
images/54168.png,1
images/31741.png,1
images/16581.png,1
images/64261.png,1
images/60312.png,1
images/507520.png,1
images/4299.png,1
images/828.png,1
images/51687.png,1
images/104985.png,1
images/506457.png,1
images/59720.png,1
images/496926.png,1
images/35595.png,1
images/38367.png,1
images/441.png,1
images/33576.png,1
images/502499.png,1
images/38588.png,1
images/86694.png,1
images/479718.png,1
images/90417.png,1
images/505928.png,1
images/3329.png,1
images/73799.png,1
images/103120.png,1
images/81428.png,1
images/52313.png,1
images/10.png,1
images/497294.png,1
images/24189.png,1
images/28532.png,1
images/29906.png,1
images/37386.png,1
images/49890.png,1
images/28377.png,1
images/28020.png,1
images/509981.png,1
images/115335.png,1
images/81716.png,1
images/128630.png,1
images/119429.png,1
images/13476.png,1
images/33989.png,1
images/30379.png,1
images/68241.png,1
images/512623.png,1
images/114514.png,1
images/105878.png,1
images/21878.png,1
images/48381.png,1
images/507235.png,1
images/58067.png,1
images/49388.png,1
images/33766.png,1
images/143072.png,1
images/63232.png,1
images/169665.png,1
images/85033.png,1
images/34767.png,1
images/502807.png,1
images/95660.png,1
images/476116.png,1
images/152649.png,1
images/2303.png,1
images/511081.png,1
images/25675.png,1
images/76560.png,1
images/52192.png,1
images/41081.png,1
images/16363.png,1
images/9347.png,1
images/141754.png,1
images/46167.png,1
images/481124.png,1
images/24509.png,1
images/49736.png,1
images/63004.png,1
images/69438.png,1
images/30823.png,1
images/37303.png,1
images/58483.png,1
images/49787.png,1
images/378400.png,1
images/482324.png,1
images/96107.png,1
images/17970.png,1
images/45220.png,1
images/9343.png,1
images/44055.png,1
images/31778.png,1
images/62340.png,1
images/61860.png,1
images/510843.png,1
images/50036.png,1
images/8985.png,1
images/3020.png,1
images/10761.png,1
images/507404.png,1
images/3168.png,1
images/496592.png,1
images/57291.png,1
images/38723.png,1
images/14939.png,1
images/76517.png,1
images/56976.png,1
images/15348.png,1
images/60036.png,1
images/11750.png,1
images/48096.png,1
images/24069.png,1
images/61628.png,1
images/23087.png,1
images/498944.png,1
images/478482.png,1
images/503499.png,1
images/46312.png,1
images/477184.png,1
images/319810.png,1
images/49660.png,1
images/58.png,1
images/64144.png,1
images/38057.png,1
images/10332.png,1
images/13848.png,1
images/82984.png,1
images/15881.png,1
images/84077.png,1
images/1614.png,1
images/514817.png,1
images/35279.png,1
images/4053.png,1
images/84604.png,1
images/481873.png,1
images/40579.png,1
images/12070.png,1
images/101374.png,1
images/20973.png,1
images/500525.png,1
images/52429.png,1
images/75719.png,1
images/55936.png,1
images/11130.png,1
images/1644.png,1
images/286788.png,1
images/481202.png,1
images/83622.png,1
images/480370.png,1
images/40101.png,1
images/47452.png,1
images/500512.png,1
images/87445.png,1
images/24348.png,1
images/509863.png,1
images/76231.png,1
images/503305.png,1
images/505692.png,1
images/53940.png,1
images/86616.png,1
images/509014.png,1
images/11250.png,1
images/507739.png,1
images/51378.png,1
images/26490.png,1
images/475904.png,1
images/92962.png,1
images/158333.png,1
images/108115.png,1
images/510850.png,1
images/19483.png,1
images/15701.png,1
images/513837.png,1
images/42010.png,1
images/46833.png,1
images/68692.png,1
images/507118.png,1
images/504441.png,1
images/70850.png,1
images/42172.png,1
images/97334.png,1
images/5196.png,1
images/515149.png,1
images/26110.png,1
images/41550.png,1
images/475195.png,1
images/505496.png,1
images/39706.png,1
images/510893.png,1
images/166319.png,1
images/95467.png,1
images/499459.png,1
images/128879.png,1
images/123136.png,1
images/40932.png,1
images/104578.png,1
images/78909.png,1
images/804.png,1
images/98422.png,1
images/504532.png,1
images/5930.png,1
images/100347.png,1
images/92460.png,1
images/497118.png,1
images/506701.png,1
images/78839.png,1
images/478100.png,1
images/11966.png,1
images/507068.png,1
images/114702.png,1
images/475100.png,1
images/2738.png,1
images/37522.png,1
images/112336.png,1
images/501257.png,1
images/510762.png,1
images/477923.png,1
images/45375.png,1
images/50974.png,1
images/20317.png,1
images/27951.png,1
images/27300.png,1
images/175780.png,1
images/13200.png,1
images/140467.png,1
images/4378.png,1
images/2999.png,1
images/2141.png,1
images/116700.png,1
images/3743.png,1
images/61558.png,1
images/25378.png,1
images/23351.png,1
images/507530.png,1
images/94122.png,1
images/300709.png,1
images/52186.png,1
images/512116.png,1
images/505623.png,1
images/33339.png,1
images/514584.png,1
images/28427.png,1
images/43011.png,1
images/36989.png,1
images/35293.png,1
images/34493.png,1
images/62000.png,1
images/501959.png,1
images/506670.png,1
images/3958.png,1
images/171574.png,1
images/476683.png,1
images/59059.png,1
images/27620.png,1
images/45662.png,1
images/90482.png,1
images/14260.png,1
images/477486.png,1
images/38495.png,1
images/51522.png,1
images/511161.png,1
images/40797.png,1
images/18449.png,1
images/323589.png,1
images/420417.png,1
images/62975.png,1
images/514963.png,1
images/58723.png,1
images/5588.png,1
images/498178.png,1
images/4672.png,1
images/129058.png,1
images/477852.png,1
images/51465.png,1
images/478406.png,1
images/503870.png,1
images/45155.png,1
images/479567.png,1
images/60271.png,1
images/30020.png,1
images/91529.png,1
images/506620.png,1
images/26380.png,1
images/54757.png,1
images/50605.png,1
images/85501.png,1
images/499222.png,1
images/61257.png,1
images/42065.png,1
images/61547.png,1
images/27131.png,1
images/83383.png,1
images/50996.png,1
images/496885.png,1
images/482926.png,1
images/4279.png,1
images/32029.png,1
images/108050.png,1
images/57267.png,1
images/23613.png,1
images/35478.png,1
images/95237.png,1
images/249.png,1
images/39301.png,1
images/506663.png,1
images/18931.png,1
images/108887.png,1
images/47550.png,1
images/475175.png,1
images/15059.png,1
images/160.png,1
images/102860.png,1
images/66355.png,1
images/345957.png,1
images/46043.png,1
images/475611.png,1
images/327306.png,1
images/21053.png,1
images/573.png,1
images/502917.png,1
images/496858.png,1
images/25353.png,1
images/481363.png,1
images/64937.png,1
images/11158.png,1
images/23924.png,1
images/12311.png,1
images/497369.png,1
images/51778.png,1
images/45331.png,1
images/508865.png,1
images/31699.png,1
images/483144.png,1
images/89243.png,1
images/45499.png,1
images/45786.png,1
images/4284.png,1
images/99629.png,1
images/502842.png,1
images/28955.png,1
images/29310.png,1
images/114303.png,1
images/159363.png,1
images/39770.png,1
images/16147.png,1
images/34476.png,1
images/505349.png,1
images/41763.png,1
images/100431.png,1
images/142585.png,1
images/12154.png,1
images/25666.png,1
images/512637.png,1
images/476508.png,1
images/508396.png,1
images/33234.png,1
images/115312.png,1
images/477111.png,1
images/38344.png,1
images/61407.png,1
images/505781.png,1
images/46064.png,1
images/515154.png,1
images/3364.png,1
images/479473.png,1
images/108823.png,1
images/60.png,1
images/51205.png,1
images/112867.png,1
images/63052.png,1
images/12790.png,1
images/2511.png,1
images/60970.png,1
images/9576.png,1
images/336801.png,1
images/96863.png,1
images/508790.png,1
images/507806.png,1
images/18610.png,1
images/500936.png,1
images/59162.png,1
images/54205.png,1
images/323566.png,1
images/19270.png,1
images/475764.png,1
images/25522.png,1
images/170651.png,1
images/123893.png,1
images/476970.png,1
images/41452.png,1
images/81939.png,1
images/990.png,1
images/40139.png,1
images/46428.png,1
images/478481.png,1
images/508082.png,1
images/511369.png,1
images/70417.png,1
images/508497.png,1
images/503663.png,1
images/56558.png,1
images/45570.png,1
images/43950.png,1
images/124796.png,1
images/480893.png,1
images/32559.png,1
images/19193.png,1
images/12191.png,1
images/154422.png,1
images/56052.png,1
images/92446.png,1
images/46072.png,1
images/18272.png,1
images/44145.png,1
images/90023.png,1
images/48642.png,1
images/83648.png,1
images/510877.png,1
images/57816.png,1
images/28038.png,1
images/2508.png,1
images/59353.png,1
images/24804.png,1
images/21748.png,1
images/64076.png,1
images/169409.png,1
images/4254.png,1
images/23104.png,1
images/24111.png,1
images/53924.png,1
images/44148.png,1
images/88751.png,1
images/481585.png,1
images/18202.png,1
images/19879.png,1
images/16487.png,1
images/111587.png,1
images/39079.png,1
images/80312.png,1
images/506812.png,1
images/482463.png,1
images/71859.png,1
images/21787.png,1
images/508151.png,1
images/16106.png,1
images/177706.png,1
images/45529.png,1
images/23640.png,1
images/361531.png,1
images/478342.png,1
images/497259.png,1
images/64439.png,1
images/503431.png,1
images/402332.png,1
images/314124.png,1
images/27873.png,1
images/1371.png,1
images/377016.png,1
images/26289.png,1
images/498580.png,1
images/317062.png,1
images/13189.png,1
images/42708.png,1
images/63525.png,1
images/20251.png,1
images/40565.png,1
images/52442.png,1
images/366266.png,1
images/40781.png,1
images/13164.png,1
images/505398.png,1
images/514154.png,1
images/503677.png,1
images/32188.png,1
images/105399.png,1
images/60489.png,1
images/60670.png,1
images/45820.png,1
images/52013.png,1
images/41759.png,1
images/43368.png,1
images/311912.png,1
images/498315.png,1
images/40594.png,1
images/90038.png,1
images/80292.png,1
images/56327.png,1
images/110685.png,1
images/10305.png,1
images/61111.png,1
images/7944.png,1
images/34034.png,1
images/501339.png,1
images/141504.png,1
images/170704.png,1
images/56418.png,1
images/30369.png,1
images/503858.png,1
images/508989.png,1
images/100667.png,1
images/33851.png,1
images/66598.png,1
images/57861.png,1
images/61950.png,1
images/110040.png,1
images/10431.png,1
images/38424.png,1
images/58137.png,1
images/50168.png,1
images/68846.png,1
images/337721.png,1
images/482027.png,1
images/508706.png,1
images/102641.png,1
images/22538.png,1
images/14677.png,1
images/36789.png,1
images/20668.png,1
images/45793.png,1
images/69902.png,1
images/60886.png,1
images/29158.png,1
images/54293.png,1
images/87381.png,1
images/17926.png,1
images/29595.png,1
images/480727.png,1
images/98361.png,1
images/62091.png,1
images/59689.png,1
images/48309.png,1
images/477606.png,1
images/10675.png,1
images/12220.png,1
images/11460.png,1
images/508060.png,1
images/64602.png,1
images/13550.png,1
images/508831.png,1
images/22019.png,1
images/59987.png,1
images/46537.png,1
images/7454.png,1
images/29228.png,1
images/114928.png,1
images/59819.png,1
images/71960.png,1
images/477002.png,1
images/30213.png,1
images/55097.png,1
images/71210.png,1
images/53247.png,1
images/513155.png,1
images/112831.png,1
images/75841.png,1
images/25728.png,1
images/56169.png,1
images/508438.png,1
images/53612.png,1
images/1903.png,1
images/496961.png,1
images/49431.png,1
images/53113.png,1
images/505984.png,1
images/499541.png,1
images/58931.png,1
images/23138.png,1
images/69424.png,1
images/46750.png,1
images/511390.png,1
images/505360.png,1
images/42882.png,1
images/125172.png,1
images/6824.png,1
images/117652.png,1
images/32002.png,1
images/33011.png,1
images/49573.png,1
images/71622.png,1
images/50662.png,1
images/506856.png,1
images/36343.png,1
images/10417.png,1
images/129511.png,1
images/86962.png,1
images/103985.png,1
images/37603.png,1
images/78067.png,1
images/2671.png,1
images/53225.png,1
images/476757.png,1
images/450094.png,1
images/500900.png,1
images/505873.png,1
images/514050.png,1
images/37215.png,1
images/69881.png,1
images/479856.png,1
images/20768.png,1
images/118398.png,1
images/34962.png,1
images/86054.png,1
images/45784.png,1
images/476861.png,1
images/504694.png,1
images/97636.png,1
images/8286.png,1
images/31190.png,1
images/59428.png,1
images/514741.png,1
images/362300.png,1
images/99331.png,1
images/5721.png,1
images/479196.png,1
images/58169.png,1
images/19957.png,1
images/24650.png,1
images/334099.png,1
images/479970.png,1
images/32701.png,1
images/16060.png,1
images/86110.png,1
images/4060.png,1
images/62643.png,1
images/7923.png,1
images/482907.png,1
images/10500.png,1
images/514226.png,1
images/63199.png,1
images/20459.png,1
images/36006.png,1
images/58389.png,1
images/146366.png,1
images/70518.png,1
images/480352.png,1
images/1327.png,1
images/30606.png,1
images/8431.png,1
images/36080.png,1
images/118204.png,1
images/57730.png,1
images/16984.png,1
images/48205.png,1
images/260455.png,1
images/43215.png,1
images/482820.png,1
images/505543.png,1
images/7549.png,1
images/80910.png,1
images/17569.png,1
images/22139.png,1
images/16912.png,1
images/177238.png,1
images/478426.png,1
images/10147.png,1
images/21125.png,1
images/9171.png,1
images/63061.png,1
images/501627.png,1
images/14470.png,1
images/14565.png,1
images/380852.png,1
images/42907.png,1
images/25377.png,1
images/60604.png,1
images/76493.png,1
images/311037.png,1
images/83049.png,1
images/38598.png,1
images/6527.png,1
images/85822.png,1
images/60627.png,1
images/26583.png,1
images/51621.png,1
images/17321.png,1
images/44.png,1
images/28978.png,1
images/510469.png,1
images/122328.png,1
images/503961.png,1
images/88307.png,1
images/497505.png,1
images/64065.png,1
images/58425.png,1
images/410725.png,1
images/18308.png,1
images/112362.png,1
images/332441.png,1
images/100441.png,1
images/267194.png,1
images/101322.png,1
images/3445.png,1
images/114911.png,1
images/55650.png,1
images/48063.png,1
images/107735.png,1
images/41675.png,1
images/503555.png,1
images/54145.png,1
images/64226.png,1
images/499138.png,1
images/29851.png,1
images/22504.png,1
images/55006.png,1
images/393484.png,1
images/63706.png,1
images/477831.png,1
images/32493.png,1
images/1217.png,1
images/27751.png,1
images/102985.png,1
images/32042.png,1
images/32574.png,1
images/505465.png,1
images/3225.png,1
images/20443.png,1
images/5693.png,1
images/479844.png,1
images/482804.png,1
images/514003.png,1
images/16140.png,1
images/479596.png,1
images/502780.png,1
images/40851.png,1
images/476239.png,1
images/508109.png,1
images/20269.png,1
images/1421.png,1
images/61589.png,1
images/6278.png,1
images/47304.png,1
images/58806.png,1
images/55426.png,1
images/481842.png,1
images/34770.png,1
images/6384.png,1
images/497429.png,1
images/46547.png,1
images/14393.png,1
images/476398.png,1
images/60564.png,1
images/500884.png,1
images/476546.png,1
images/19655.png,1
images/32617.png,1
images/501455.png,1
images/63048.png,1
images/29525.png,1
images/67122.png,1
images/509811.png,1
images/45211.png,1
images/106388.png,1
images/112168.png,1
images/150807.png,1
images/30813.png,1